date,open,high,low,close,adj_close,volume,symbol
2000-01-03,14.0,14.5600004196167,13.619999885559082,14.399999618530272,11.123570442199709,12500,JYOTISTRUC
2000-01-04,14.0,14.600000381469728,13.800000190734863,14.399999618530272,11.123570442199709,12000,JYOTISTRUC
2000-01-05,14.399999618530272,14.470000267028809,13.899999618530272,13.899999618530272,10.737335205078123,20000,JYOTISTRUC
2000-01-06,14.0,14.380000114440918,13.739999771118164,13.75,10.621466636657717,23000,JYOTISTRUC
2000-01-07,13.800000190734863,13.800000190734863,13.600000381469728,13.699999809265137,10.582841873168944,5500,JYOTISTRUC
2000-01-10,13.199999809265137,13.210000038146973,13.020000457763672,13.039999961853027,10.073009490966797,7500,JYOTISTRUC
2000-01-11,13.380000114440918,13.399999618530272,13.0600004196167,13.130000114440918,10.142533302307127,19500,JYOTISTRUC
2000-01-12,12.81999969482422,13.15999984741211,12.800000190734863,13.140000343322754,10.150257110595703,4500,JYOTISTRUC
2000-01-13,13.760000228881836,13.760000228881836,12.859999656677246,13.229999542236328,10.21977996826172,7500,JYOTISTRUC
2000-01-14,13.75,13.789999961853027,13.220000267028809,13.220000267028809,10.212056159973145,3500,JYOTISTRUC
2000-01-17,12.399999618530272,13.149999618530272,12.399999618530272,12.800000190734863,9.887618064880373,11500,JYOTISTRUC
2000-01-18,12.600000381469728,12.800000190734863,12.399999618530272,12.489999771118164,9.648152351379396,35500,JYOTISTRUC
2000-01-19,12.800000190734863,13.100000381469728,12.619999885559082,12.800000190734863,9.887618064880373,15500,JYOTISTRUC
2000-01-20,13.0,13.579999923706056,12.760000228881836,12.899999618530272,9.964863777160645,9500,JYOTISTRUC
2000-01-21,13.399999618530272,13.600000381469728,13.0,13.289999961853027,10.266128540039062,21000,JYOTISTRUC
2000-01-24,12.8100004196167,13.539999961853027,12.8100004196167,13.390000343322754,10.343376159667969,50000,JYOTISTRUC
2000-01-25,13.09000015258789,13.390000343322754,12.800000190734863,13.380000114440918,10.335651397705078,39500,JYOTISTRUC
2000-01-26,13.380000114440918,13.380000114440918,13.380000114440918,13.380000114440918,10.335651397705078,0,JYOTISTRUC
2000-01-27,13.369999885559082,13.449999809265137,13.229999542236328,13.420000076293944,10.366549491882324,11500,JYOTISTRUC
2000-01-28,12.949999809265137,13.380000114440918,12.880000114440918,13.369999885559082,10.327924728393556,5500,JYOTISTRUC
2000-01-31,12.90999984741211,13.380000114440918,12.90999984741211,13.210000038146973,10.204331398010254,21500,JYOTISTRUC
2000-02-01,13.18000030517578,13.600000381469728,12.710000038146973,12.899999618530272,9.964863777160645,12500,JYOTISTRUC
2000-02-02,12.399999618530272,13.0,12.399999618530272,13.0,10.042113304138184,8000,JYOTISTRUC
2000-02-03,13.170000076293944,13.18000030517578,12.600000381469728,12.609999656677246,9.74084758758545,3500,JYOTISTRUC
2000-02-04,12.649999618530272,12.789999961853027,12.449999809265137,12.470000267028809,9.632704734802246,2500,JYOTISTRUC
2000-02-07,12.300000190734863,12.579999923706056,12.199999809265137,12.199999809265137,9.424135208129885,13000,JYOTISTRUC
2000-02-08,12.399999618530272,12.399999618530272,11.65999984741211,12.18000030517578,9.408687591552734,8000,JYOTISTRUC
2000-02-09,12.369999885559082,12.380000114440918,11.90999984741211,11.970000267028809,9.246467590332031,6000,JYOTISTRUC
2000-02-10,12.399999618530272,12.800000190734863,12.020000457763672,12.020000457763672,9.285091400146484,10500,JYOTISTRUC
2000-02-11,12.0,12.779999732971191,12.0,12.100000381469728,9.34688949584961,9000,JYOTISTRUC
2000-02-14,11.800000190734863,12.0,11.710000038146973,11.720000267028809,9.053349494934082,5000,JYOTISTRUC
2000-02-15,11.399999618530272,12.020000457763672,11.199999809265137,12.010000228881836,9.27736759185791,17000,JYOTISTRUC
2000-02-16,12.0,12.789999961853027,12.0,12.029999732971191,9.29281520843506,11500,JYOTISTRUC
2000-02-17,12.649999618530272,12.649999618530272,12.199999809265137,12.220000267028809,9.439584732055664,9000,JYOTISTRUC
2000-02-18,12.0,12.0,11.43000030517578,11.829999923706056,9.138322830200195,14500,JYOTISTRUC
2000-02-21,11.600000381469728,11.600000381469728,11.399999618530272,11.399999618530272,8.806158065795898,5500,JYOTISTRUC
2000-02-22,11.18000030517578,11.199999809265137,10.5600004196167,10.619999885559082,8.203633308410645,10500,JYOTISTRUC
2000-02-23,11.010000228881836,11.010000228881836,10.199999809265137,10.529999732971191,8.134111404418945,12000,JYOTISTRUC
2000-02-24,9.81999969482422,11.130000114440918,9.800000190734863,9.899999618530272,7.647453784942627,10000,JYOTISTRUC
2000-02-25,10.0,10.5,9.140000343322754,10.149999618530272,7.84057092666626,13500,JYOTISTRUC
2000-02-28,10.199999809265137,10.75,10.0,10.5600004196167,8.157282829284668,8500,JYOTISTRUC
2000-02-29,11.0,11.399999618530272,10.90999984741211,11.0,8.497171401977539,15500,JYOTISTRUC
2000-03-01,11.0,11.880000114440918,11.0,11.649999618530272,8.999277114868164,21000,JYOTISTRUC
2000-03-02,11.600000381469728,11.8100004196167,11.0,11.550000190734863,8.922029495239258,32000,JYOTISTRUC
2000-03-03,11.220000267028809,11.220000267028809,10.739999771118164,10.739999771118164,8.296329498291016,8500,JYOTISTRUC
2000-03-06,11.199999809265137,11.199999809265137,10.199999809265137,10.43000030517578,8.056864738464355,14500,JYOTISTRUC
2000-03-07,9.899999618530272,10.43000030517578,9.600000381469728,9.979999542236328,7.709251403808594,32000,JYOTISTRUC
2000-03-08,10.600000381469728,10.640000343322754,10.520000457763672,10.520000457763672,8.126385688781738,4000,JYOTISTRUC
2000-03-09,10.399999618530272,10.68000030517578,10.020000457763672,10.020000457763672,7.740149974822998,7000,JYOTISTRUC
2000-03-10,10.399999618530272,10.399999618530272,10.399999618530272,10.399999618530272,8.033687591552734,500,JYOTISTRUC
2000-03-13,10.199999809265137,10.399999618530272,9.800000190734863,9.920000076293944,7.662904262542725,5500,JYOTISTRUC
2000-03-14,9.640000343322754,10.399999618530272,9.640000343322754,9.68000030517578,7.477510929107666,17000,JYOTISTRUC
2000-03-15,10.460000038146973,10.460000038146973,10.460000038146973,10.460000038146973,8.080038070678711,2500,JYOTISTRUC
2000-03-16,11.18000030517578,11.18000030517578,10.0,10.199999809265137,7.879196643829346,11500,JYOTISTRUC
2000-03-17,10.199999809265137,10.199999809265137,10.199999809265137,10.199999809265137,7.879196643829346,0,JYOTISTRUC
2000-03-20,10.199999809265137,10.199999809265137,10.199999809265137,10.199999809265137,7.879196643829346,0,JYOTISTRUC
2000-03-21,10.15999984741211,10.199999809265137,9.600000381469728,9.859999656677246,7.616555213928223,7825,JYOTISTRUC
2000-03-22,10.550000190734863,10.550000190734863,10.539999961853027,10.539999961853027,8.14183521270752,625,JYOTISTRUC
2000-03-23,10.399999618530272,10.399999618530272,10.0,10.199999809265137,7.879196643829346,2500,JYOTISTRUC
2000-03-24,10.199999809265137,10.399999618530272,10.100000381469728,10.390000343322754,8.025964736938477,5100,JYOTISTRUC
2000-03-27,10.050000190734863,10.100000381469728,10.0,10.0600004196167,7.771050453186035,6000,JYOTISTRUC
2000-03-28,9.989999771118164,10.34000015258789,9.600000381469728,10.010000228881836,7.732426643371582,14475,JYOTISTRUC
2000-03-29,10.380000114440918,10.380000114440918,10.220000267028809,10.300000190734863,7.956443309783935,1500,JYOTISTRUC
2000-03-30,10.199999809265137,10.520000457763672,10.199999809265137,10.25,7.917819499969482,2425,JYOTISTRUC
2000-03-31,10.399999618530272,10.399999618530272,10.100000381469728,10.399999618530272,8.033687591552734,2000,JYOTISTRUC
2000-04-03,10.949999809265137,10.949999809265137,10.800000190734863,10.899999618530272,8.41992473602295,3625,JYOTISTRUC
2000-04-04,10.899999618530272,11.199999809265137,10.25,10.5,8.110936164855957,16530,JYOTISTRUC
2000-04-05,10.5,10.5,10.5,10.5,8.110936164855957,0,JYOTISTRUC
2000-04-06,10.979999542236328,10.979999542236328,10.399999618530272,10.399999618530272,8.033687591552734,1005,JYOTISTRUC
2000-04-07,10.43000030517578,11.1899995803833,10.420000076293944,10.989999771118164,8.489445686340332,4005,JYOTISTRUC
2000-04-10,11.600000381469728,11.65999984741211,11.010000228881836,11.210000038146973,8.659390449523926,7275,JYOTISTRUC
2000-04-11,11.800000190734863,11.800000190734863,11.0,11.399999618530272,8.806158065795898,4005,JYOTISTRUC
2000-04-12,11.779999732971191,11.779999732971191,11.779999732971191,11.779999732971191,9.099698066711426,500,JYOTISTRUC
2000-04-13,12.4399995803833,12.4399995803833,11.220000267028809,11.5,8.883407592773438,1005,JYOTISTRUC
2000-04-14,11.5,11.5,11.5,11.5,8.883407592773438,0,JYOTISTRUC
2000-04-17,12.0,12.0,11.40999984741211,11.779999732971191,9.099698066711426,4775,JYOTISTRUC
2000-04-18,11.960000038146973,11.960000038146973,11.239999771118164,11.34000015258789,8.759812355041504,1615,JYOTISTRUC
2000-04-19,11.31999969482422,11.890000343322754,11.199999809265137,11.399999618530272,8.806158065795898,3505,JYOTISTRUC
2000-04-20,10.81999969482422,11.0,10.81999969482422,10.989999771118164,8.489445686340332,675,JYOTISTRUC
2000-04-21,10.989999771118164,10.989999771118164,10.989999771118164,10.989999771118164,8.489445686340332,0,JYOTISTRUC
2000-04-24,10.609999656677246,10.609999656677246,10.199999809265137,10.229999542236328,7.902368545532227,3500,JYOTISTRUC
2000-04-25,10.020000457763672,10.199999809265137,10.020000457763672,10.15999984741211,7.848296165466309,2505,JYOTISTRUC
2000-04-26,10.800000190734863,10.800000190734863,10.100000381469728,10.779999732971191,8.327227592468262,905,JYOTISTRUC
2000-04-27,10.800000190734863,11.399999618530272,10.550000190734863,10.550000190734863,8.14955997467041,1005,JYOTISTRUC
2000-04-28,10.989999771118164,11.350000381469728,10.369999885559082,10.789999961853027,8.334953308105469,5340,JYOTISTRUC
2000-05-01,10.789999961853027,10.789999961853027,10.789999961853027,10.789999961853027,8.334953308105469,0,JYOTISTRUC
2000-05-02,10.600000381469728,11.199999809265137,10.600000381469728,10.600000381469728,8.18818473815918,755,JYOTISTRUC
2000-05-03,10.59000015258789,10.59000015258789,10.020000457763672,10.020000457763672,7.740149974822998,505,JYOTISTRUC
2000-05-04,10.800000190734863,10.800000190734863,10.399999618530272,10.59000015258789,8.180459022521973,1275,JYOTISTRUC
2000-05-05,10.199999809265137,10.600000381469728,10.199999809265137,10.579999923706056,8.172731399536133,3015,JYOTISTRUC
2000-05-08,9.800000190734863,10.399999618530272,9.800000190734863,10.399999618530272,8.033687591552734,2750,JYOTISTRUC
2000-05-09,10.0,10.600000381469728,10.0,10.43000030517578,8.056864738464355,4650,JYOTISTRUC
2000-05-10,10.390000343322754,10.779999732971191,10.390000343322754,10.779999732971191,8.327227592468262,1005,JYOTISTRUC
2000-05-11,10.079999923706056,10.399999618530272,10.010000228881836,10.399999618530272,8.033687591552734,3000,JYOTISTRUC
2000-05-12,10.050000190734863,10.050000190734863,10.020000457763672,10.020000457763672,7.740149974822998,750,JYOTISTRUC
2000-05-15,10.0,10.0,10.0,10.0,7.724701404571533,1745,JYOTISTRUC
2000-05-16,9.699999809265137,10.079999923706056,9.199999809265137,10.0,7.724701404571533,1003250,JYOTISTRUC
2000-05-17,10.0,10.0,10.0,10.0,7.724701404571533,0,JYOTISTRUC
2000-05-18,9.600000381469728,10.050000190734863,9.600000381469728,10.050000190734863,7.76332426071167,6300,JYOTISTRUC
2000-05-19,10.050000190734863,10.050000190734863,10.050000190734863,10.050000190734863,7.76332426071167,0,JYOTISTRUC
2000-05-22,10.0,10.0,10.0,10.0,7.724701404571533,500,JYOTISTRUC
2000-05-23,9.239999771118164,9.239999771118164,9.239999771118164,9.239999771118164,7.1376237869262695,500,JYOTISTRUC
2000-05-24,9.239999771118164,9.239999771118164,9.239999771118164,9.239999771118164,7.1376237869262695,0,JYOTISTRUC
2000-05-25,9.59000015258789,9.600000381469728,9.59000015258789,9.600000381469728,7.415714263916016,1750,JYOTISTRUC
2000-05-26,9.600000381469728,9.600000381469728,9.600000381469728,9.600000381469728,7.415714263916016,0,JYOTISTRUC
2000-05-29,9.3100004196167,9.3100004196167,9.300000190734863,9.300000190734863,7.183972358703613,1000,JYOTISTRUC
2000-05-30,9.399999618530272,9.399999618530272,9.399999618530272,9.399999618530272,7.261219024658203,500,JYOTISTRUC
2000-05-31,9.460000038146973,9.460000038146973,9.420000076293944,9.420000076293944,7.276669502258301,1500,JYOTISTRUC
2000-06-01,9.420000076293944,9.420000076293944,9.420000076293944,9.420000076293944,7.276669502258301,0,JYOTISTRUC
2000-06-02,9.399999618530272,9.399999618530272,9.399999618530272,9.399999618530272,7.261219024658203,100,JYOTISTRUC
2000-06-05,9.420000076293944,9.9399995803833,9.420000076293944,9.600000381469728,7.415714263916016,1500,JYOTISTRUC
2000-06-06,9.34000015258789,9.600000381469728,9.300000190734863,9.600000381469728,7.415714263916016,3000,JYOTISTRUC
2000-06-07,9.760000228881836,9.800000190734863,9.760000228881836,9.800000190734863,7.5702080726623535,750,JYOTISTRUC
2000-06-08,9.460000038146973,9.699999809265137,9.449999809265137,9.649999618530272,7.454336166381836,2000,JYOTISTRUC
2000-06-09,9.600000381469728,9.600000381469728,9.600000381469728,9.600000381469728,7.415714263916016,600,JYOTISTRUC
2000-06-12,9.449999809265137,9.5,9.449999809265137,9.5,7.338466644287109,1500,JYOTISTRUC
2000-06-13,9.380000114440918,9.899999618530272,9.199999809265137,9.829999923706056,7.593382358551025,12400,JYOTISTRUC
2000-06-14,9.699999809265137,10.0,9.699999809265137,9.989999771118164,7.716976165771484,1870,JYOTISTRUC
2000-06-15,10.0,10.0,10.0,10.0,7.724701404571533,250,JYOTISTRUC
2000-06-16,9.600000381469728,9.899999618530272,9.600000381469728,9.899999618530272,7.647453784942627,2185,JYOTISTRUC
2000-06-19,9.399999618530272,9.600000381469728,9.399999618530272,9.5,7.338466644287109,3500,JYOTISTRUC
2000-06-20,9.449999809265137,10.25,9.449999809265137,9.829999923706056,7.593382358551025,4250,JYOTISTRUC
2000-06-21,10.020000457763672,10.539999961853027,10.020000457763672,10.369999885559082,8.010516166687012,2800,JYOTISTRUC
2000-06-22,10.100000381469728,10.300000190734863,9.949999809265137,10.0,7.724701404571533,8015,JYOTISTRUC
2000-06-23,10.0,10.300000190734863,9.699999809265137,10.15999984741211,7.848296165466309,3000,JYOTISTRUC
2000-06-26,9.8100004196167,10.199999809265137,9.800000190734863,9.800000190734863,7.5702080726623535,2000,JYOTISTRUC
2000-06-27,9.800000190734863,10.050000190734863,9.710000038146973,10.0,7.724701404571533,14670,JYOTISTRUC
2000-06-28,9.6899995803833,9.6899995803833,9.300000190734863,9.300000190734863,7.183972358703613,12500,JYOTISTRUC
2000-06-29,9.640000343322754,9.68000030517578,9.550000190734863,9.550000190734863,7.377090454101562,1015,JYOTISTRUC
2000-06-30,9.329999923706056,9.470000267028809,9.31999969482422,9.470000267028809,7.315291881561279,2000,JYOTISTRUC
2000-07-03,9.5,9.640000343322754,9.229999542236328,9.229999542236328,7.129899501800537,3000,JYOTISTRUC
2000-07-04,9.399999618530272,9.550000190734863,9.130000114440918,9.550000190734863,7.377090454101562,1000,JYOTISTRUC
2000-07-05,9.300000190734863,9.31999969482422,9.300000190734863,9.31999969482422,7.199420928955078,1000,JYOTISTRUC
2000-07-06,9.600000381469728,9.600000381469728,9.600000381469728,9.600000381469728,7.415714263916016,1750,JYOTISTRUC
2000-07-07,9.399999618530272,9.40999984741211,9.25,9.279999732971191,7.168524265289307,6250,JYOTISTRUC
2000-07-10,9.199999809265137,9.199999809265137,9.149999618530272,9.149999618530272,7.06810188293457,4265,JYOTISTRUC
2000-07-11,9.050000190734863,9.050000190734863,9.0,9.0,6.952230930328369,1500,JYOTISTRUC
2000-07-12,9.649999618530272,9.649999618530272,9.199999809265137,9.199999809265137,7.106726169586182,1000,JYOTISTRUC
2000-07-13,9.199999809265137,9.369999885559082,9.119999885559082,9.119999885559082,7.044927597045898,4750,JYOTISTRUC
2000-07-14,9.010000228881836,9.300000190734863,9.010000228881836,9.199999809265137,7.106726169586182,2185,JYOTISTRUC
2000-07-17,9.010000228881836,9.100000381469728,9.0,9.100000381469728,7.029477596282959,6305,JYOTISTRUC
2000-07-18,9.0,9.0,9.0,9.0,6.952230930328369,180,JYOTISTRUC
2000-07-19,9.0,9.199999809265137,8.979999542236328,8.979999542236328,6.93678092956543,1250,JYOTISTRUC
2000-07-20,9.0,9.149999618530272,8.899999618530273,9.149999618530272,7.06810188293457,2750,JYOTISTRUC
2000-07-21,8.619999885559082,8.619999885559082,8.449999809265137,8.449999809265137,6.52737283706665,9290,JYOTISTRUC
2000-07-24,8.199999809265137,8.979999542236328,8.199999809265137,8.210000038146973,6.34197998046875,1750,JYOTISTRUC
2000-07-25,8.149999618530273,8.399999618530273,8.109999656677246,8.109999656677246,6.264732837677002,2500,JYOTISTRUC
2000-07-26,8.739999771118164,8.739999771118164,8.34000015258789,8.550000190734863,6.60461950302124,3935,JYOTISTRUC
2000-07-27,8.75,8.75,8.260000228881836,8.59000015258789,6.635519027709961,1500,JYOTISTRUC
2000-07-28,8.430000305175781,8.600000381469727,8.430000305175781,8.59000015258789,6.635519027709961,1435,JYOTISTRUC
2000-07-31,8.399999618530273,8.699999809265137,8.34000015258789,8.6899995803833,6.712765693664551,750,JYOTISTRUC
2000-08-01,8.140000343322754,8.59000015258789,8.0,8.140000343322754,6.287907600402832,3600,JYOTISTRUC
2000-08-02,8.020000457763672,8.020000457763672,8.020000457763672,8.020000457763672,6.1952104568481445,500,JYOTISTRUC
2000-08-03,8.34000015258789,8.34000015258789,8.34000015258789,8.34000015258789,6.44240140914917,500,JYOTISTRUC
2000-08-04,8.199999809265137,8.199999809265137,8.0,8.199999809265137,6.334255218505859,2935,JYOTISTRUC
2000-08-07,8.0,8.0,8.0,8.0,6.17976188659668,1750,JYOTISTRUC
2000-08-08,8.050000190734863,8.050000190734863,8.0,8.010000228881836,6.187486171722412,3500,JYOTISTRUC
2000-08-09,8.0,8.100000381469727,8.0,8.100000381469727,6.257008075714111,1500,JYOTISTRUC
2000-08-10,7.800000190734863,8.0600004196167,7.800000190734863,8.050000190734863,6.218384265899658,1185,JYOTISTRUC
2000-08-11,8.010000228881836,8.199999809265137,8.0,8.010000228881836,6.187486171722412,1500,JYOTISTRUC
2000-08-14,7.800000190734863,8.0,7.800000190734863,8.0,6.17976188659668,1620,JYOTISTRUC
2000-08-15,8.0,8.0,8.0,8.0,6.17976188659668,0,JYOTISTRUC
2000-08-16,8.0,8.0,8.0,8.0,6.17976188659668,0,JYOTISTRUC
2000-08-17,7.829999923706055,8.109999656677246,7.829999923706055,8.0,6.17976188659668,1500,JYOTISTRUC
2000-08-18,7.809999942779541,7.809999942779541,7.550000190734863,7.699999809265137,5.948019981384277,4750,JYOTISTRUC
2000-08-21,7.21999979019165,7.699999809265137,7.21999979019165,7.309999942779541,5.646756649017334,5860,JYOTISTRUC
2000-08-22,6.96999979019165,7.440000057220459,6.960000038146973,7.389999866485596,5.708553791046143,5990,JYOTISTRUC
2000-08-23,7.980000019073486,7.980000019073486,7.210000038146973,7.920000076293945,6.117964267730713,2500,JYOTISTRUC
2000-08-24,7.909999847412109,7.909999847412109,7.539999961853027,7.599999904632568,5.870772838592529,4435,JYOTISTRUC
2000-08-25,7.909999847412109,7.909999847412109,7.610000133514404,7.610000133514404,5.878497123718262,2815,JYOTISTRUC
2000-08-28,7.400000095367432,7.599999904632568,7.199999809265137,7.440000057220459,5.747178077697754,4000,JYOTISTRUC
2000-08-29,7.409999847412109,8.039999961853027,7.409999847412109,7.829999923706055,6.048440933227539,12000,JYOTISTRUC
2000-08-30,8.199999809265137,8.460000038146973,8.199999809265137,8.300000190734863,6.411502838134766,18300,JYOTISTRUC
2000-08-31,8.210000038146973,8.4399995803833,8.210000038146973,8.210000038146973,6.34197998046875,14350,JYOTISTRUC
2000-09-01,8.210000038146973,8.210000038146973,8.210000038146973,8.210000038146973,6.34197998046875,0,JYOTISTRUC
2000-09-04,8.390000343322754,8.399999618530273,8.050000190734863,8.050000190734863,6.218384265899658,4000,JYOTISTRUC
2000-09-05,7.900000095367432,8.380000114440918,7.860000133514404,8.210000038146973,6.34197998046875,17250,JYOTISTRUC
2000-09-06,8.0,8.0,7.400000095367432,7.480000019073486,5.778077125549316,12000,JYOTISTRUC
2000-09-07,7.599999904632568,7.699999809265137,7.599999904632568,7.699999809265137,5.948019981384277,1250,JYOTISTRUC
2000-09-08,7.570000171661377,7.670000076293945,7.420000076293945,7.53000020980835,6.230044364929199,7685,JYOTISTRUC
2000-09-11,7.599999904632568,7.599999904632568,7.260000228881836,7.260000228881836,6.006656169891357,11000,JYOTISTRUC
2000-09-12,7.21999979019165,7.519999980926514,7.21999979019165,7.46999979019165,6.1804022789001465,3750,JYOTISTRUC
2000-09-13,7.340000152587891,7.340000152587891,7.340000152587891,7.340000152587891,6.072844505310059,500,JYOTISTRUC
2000-09-14,7.53000020980835,7.539999961853027,7.5,7.5,6.205223083496094,1000,JYOTISTRUC
2000-09-15,7.53000020980835,7.53000020980835,7.230000019073486,7.230000019073486,5.981835842132568,4250,JYOTISTRUC
2000-09-18,7.050000190734863,7.199999809265137,7.0,7.0,5.79154109954834,3250,JYOTISTRUC
2000-09-19,7.0,7.440000057220459,6.820000171661377,7.21999979019165,5.973562240600586,12000,JYOTISTRUC
2000-09-20,7.400000095367432,7.400000095367432,7.199999809265137,7.199999809265137,5.957014560699463,1000,JYOTISTRUC
2000-09-21,7.199999809265137,7.199999809265137,7.199999809265137,7.199999809265137,5.957014560699463,750,JYOTISTRUC
2000-09-22,7.199999809265137,7.199999809265137,7.199999809265137,7.199999809265137,5.957014560699463,0,JYOTISTRUC
2000-09-25,7.309999942779541,7.599999904632568,7.199999809265137,7.199999809265137,5.957014560699463,4750,JYOTISTRUC
2000-09-26,7.199999809265137,7.199999809265137,6.949999809265137,6.949999809265137,5.750173568725586,37250,JYOTISTRUC
2000-09-27,6.820000171661377,6.820000171661377,6.400000095367432,6.429999828338623,5.319944381713867,20750,JYOTISTRUC
2000-09-28,6.53000020980835,6.599999904632568,6.420000076293945,6.429999828338623,5.319944381713867,31005,JYOTISTRUC
2000-09-29,6.590000152587891,6.599999904632568,6.309999942779541,6.400000095367432,5.295124053955078,23000,JYOTISTRUC
2000-10-02,6.400000095367432,6.400000095367432,6.400000095367432,6.400000095367432,5.295124053955078,0,JYOTISTRUC
2000-10-03,6.300000190734863,6.5,6.300000190734863,6.480000019073486,5.361313343048096,2875,JYOTISTRUC
2000-10-04,6.800000190734863,6.800000190734863,6.46999979019165,6.46999979019165,5.353039741516113,1500,JYOTISTRUC
2000-10-05,6.400000095367432,6.800000190734863,6.400000095367432,6.579999923706055,5.44404935836792,7125,JYOTISTRUC
2000-10-06,6.630000114440918,6.630000114440918,6.630000114440918,6.630000114440918,5.485417366027832,1500,JYOTISTRUC
2000-10-09,6.510000228881836,6.710000038146973,6.199999809265137,6.400000095367432,5.295124053955078,30705,JYOTISTRUC
2000-10-10,6.239999771118164,6.909999847412109,6.21999979019165,6.909999847412109,5.717079162597656,14250,JYOTISTRUC
2000-10-11,6.800000190734863,7.0,6.610000133514404,6.929999828338623,5.733626365661621,11440,JYOTISTRUC
2000-10-12,6.960000038146973,7.0,6.690000057220459,6.849999904632568,5.667437553405762,4000,JYOTISTRUC
2000-10-13,6.989999771118164,7.190000057220459,6.989999771118164,7.050000190734863,5.832910060882568,8500,JYOTISTRUC
2000-10-16,7.199999809265137,7.400000095367432,6.980000019073486,7.210000038146973,5.965288162231445,16720,JYOTISTRUC
2000-10-17,7.400000095367432,7.400000095367432,7.050000190734863,7.21999979019165,5.973562240600586,12370,JYOTISTRUC
2000-10-18,7.0,7.0,6.710000038146973,6.710000038146973,5.55160665512085,10760,JYOTISTRUC
2000-10-19,6.260000228881836,7.25,6.260000228881836,7.210000038146973,5.965288162231445,11020,JYOTISTRUC
2000-10-20,6.820000171661377,7.590000152587891,6.820000171661377,7.199999809265137,5.957014560699463,11755,JYOTISTRUC
2000-10-23,7.039999961853027,7.079999923706055,6.78000020980835,6.889999866485596,5.700531482696533,2750,JYOTISTRUC
2000-10-24,7.25,7.25,6.730000019073486,6.75,5.584701061248779,8280,JYOTISTRUC
2000-10-25,6.639999866485596,6.699999809265137,6.639999866485596,6.699999809265137,5.543333053588867,3000,JYOTISTRUC
2000-10-26,6.400000095367432,6.400000095367432,6.400000095367432,6.400000095367432,5.295124053955078,500,JYOTISTRUC
2000-10-27,6.5,6.519999980926514,6.5,6.519999980926514,5.394406795501709,1375,JYOTISTRUC
2000-10-30,6.300000190734863,6.550000190734863,6.300000190734863,6.550000190734863,5.419229030609131,1560,JYOTISTRUC
2000-10-31,6.5,6.5,6.5,6.5,5.377861022949219,500,JYOTISTRUC
2000-11-01,6.699999809265137,6.78000020980835,6.320000171661377,6.320000171661377,5.2289347648620605,3450,JYOTISTRUC
2000-11-02,6.099999904632568,6.599999904632568,6.099999904632568,6.599999904632568,5.460596084594727,2000,JYOTISTRUC
2000-11-03,6.5,6.599999904632568,6.46999979019165,6.5,5.377861022949219,10875,JYOTISTRUC
2000-11-06,6.429999828338623,6.5,6.400000095367432,6.5,5.377861022949219,2800,JYOTISTRUC
2000-11-07,6.400000095367432,6.480000019073486,6.400000095367432,6.400000095367432,5.295124053955078,2500,JYOTISTRUC
2000-11-08,6.449999809265137,6.449999809265137,6.260000228881836,6.260000228881836,5.179294109344482,8490,JYOTISTRUC
2000-11-09,6.199999809265137,6.25,6.059999942779541,6.059999942779541,5.013820648193359,2250,JYOTISTRUC
2000-11-10,6.400000095367432,6.400000095367432,6.199999809265137,6.199999809265137,5.129651546478272,4000,JYOTISTRUC
2000-11-13,6.380000114440918,6.400000095367432,6.349999904632568,6.400000095367432,5.295124053955078,2950,JYOTISTRUC
2000-11-14,6.440000057220459,6.5,6.139999866485596,6.400000095367432,5.295124053955078,6150,JYOTISTRUC
2000-11-15,6.309999942779541,6.329999923706055,6.300000190734863,6.300000190734863,5.2123870849609375,3500,JYOTISTRUC
2000-11-16,6.329999923706055,6.340000152587891,6.210000038146973,6.300000190734863,5.2123870849609375,6250,JYOTISTRUC
2000-11-17,6.25,6.300000190734863,6.25,6.25,5.171020030975342,3500,JYOTISTRUC
2000-11-20,6.199999809265137,6.360000133514404,6.199999809265137,6.28000020980835,5.195840358734131,5630,JYOTISTRUC
2000-11-21,6.199999809265137,6.550000190734863,5.820000171661377,6.079999923706055,5.030367851257324,8270,JYOTISTRUC
2000-11-22,6.099999904632568,6.309999942779541,6.099999904632568,6.199999809265137,5.129651546478272,1120,JYOTISTRUC
2000-11-23,6.269999980926514,6.28000020980835,6.070000171661377,6.150000095367432,5.088283061981201,760,JYOTISTRUC
2000-11-24,6.329999923706055,6.369999885559082,6.110000133514404,6.369999885559082,5.270302772521973,1260,JYOTISTRUC
2000-11-27,6.369999885559082,6.369999885559082,6.369999885559082,6.369999885559082,5.270302772521973,0,JYOTISTRUC
2000-11-28,6.650000095367432,6.650000095367432,6.300000190734863,6.619999885559082,5.47714376449585,4945,JYOTISTRUC
2000-11-29,6.699999809265137,6.730000019073486,6.5,6.5,5.377861022949219,2030,JYOTISTRUC
2000-11-30,6.409999847412109,6.409999847412109,6.400000095367432,6.400000095367432,5.295124053955078,1000,JYOTISTRUC
2000-12-01,6.5,6.5,6.420000076293945,6.420000076293945,5.311671733856201,750,JYOTISTRUC
2000-12-04,6.329999923706055,6.449999809265137,6.329999923706055,6.440000057220459,5.328218460083008,1935,JYOTISTRUC
2000-12-05,6.519999980926514,6.659999847412109,6.429999828338623,6.559999942779541,5.427502155303955,3505,JYOTISTRUC
2000-12-06,6.690000057220459,6.690000057220459,6.480000019073486,6.690000057220459,5.535059452056885,505,JYOTISTRUC
2000-12-07,6.690000057220459,6.690000057220459,6.429999828338623,6.619999885559082,5.47714376449585,885,JYOTISTRUC
2000-12-08,6.599999904632568,6.730000019073486,6.599999904632568,6.599999904632568,5.460596084594727,2125,JYOTISTRUC
2000-12-11,6.800000190734863,6.800000190734863,6.46999979019165,6.800000190734863,5.626069068908691,5010,JYOTISTRUC
2000-12-12,6.760000228881836,6.980000019073486,6.71999979019165,6.980000019073486,5.774994850158691,4520,JYOTISTRUC
2000-12-13,7.489999771118164,7.489999771118164,7.199999809265137,7.210000038146973,5.965288162231445,5755,JYOTISTRUC
2000-12-14,7.03000020980835,7.400000095367432,7.03000020980835,7.239999771118164,5.990108966827393,6375,JYOTISTRUC
2000-12-15,7.210000038146973,7.260000228881836,7.119999885559082,7.150000095367432,5.915646553039551,3635,JYOTISTRUC
2000-12-18,6.650000095367432,7.300000190734863,6.650000095367432,7.119999885559082,5.890825271606445,5640,JYOTISTRUC
2000-12-19,6.75,7.130000114440918,6.75,7.090000152587891,5.866004467010498,4120,JYOTISTRUC
2000-12-20,7.400000095367432,7.400000095367432,7.400000095367432,7.400000095367432,6.122487545013428,125,JYOTISTRUC
2000-12-21,6.840000152587891,7.199999809265137,6.829999923706055,7.199999809265137,5.957014560699463,875,JYOTISTRUC
2000-12-22,7.389999866485596,7.690000057220459,6.800000190734863,7.0,5.79154109954834,9385,JYOTISTRUC
2000-12-25,7.0,7.0,7.0,7.0,5.79154109954834,0,JYOTISTRUC
2000-12-26,7.550000190734863,7.550000190734863,6.510000228881836,6.510000228881836,5.386133670806885,6015,JYOTISTRUC
2000-12-27,6.96999979019165,6.96999979019165,6.650000095367432,6.659999847412109,5.510238170623779,5545,JYOTISTRUC
2000-12-28,6.150000095367432,6.900000095367432,6.150000095367432,6.599999904632568,5.460596084594727,75,JYOTISTRUC
2000-12-29,6.099999904632568,6.989999771118164,6.099999904632568,6.690000057220459,5.535059452056885,1195,JYOTISTRUC
2001-01-01,6.199999809265137,6.940000057220459,6.199999809265137,6.849999904632568,5.667437553405762,6000,JYOTISTRUC
2001-01-02,6.739999771118164,6.739999771118164,6.460000038146973,6.559999942779541,5.427502155303955,2255,JYOTISTRUC
2001-01-03,7.0,7.070000171661377,6.829999923706055,7.070000171661377,5.849457263946533,2625,JYOTISTRUC
2001-01-04,6.71999979019165,7.139999866485596,6.510000228881836,6.710000038146973,5.55160665512085,10685,JYOTISTRUC
2001-01-05,7.099999904632568,7.099999904632568,6.809999942779541,6.809999942779541,5.634343147277832,625,JYOTISTRUC
2001-01-08,7.300000190734863,7.300000190734863,6.599999904632568,6.599999904632568,5.460596084594727,2125,JYOTISTRUC
2001-01-09,6.610000133514404,6.610000133514404,6.21999979019165,6.340000152587891,5.245482444763184,9500,JYOTISTRUC
2001-01-10,6.75,6.78000020980835,6.75,6.75,5.584701061248779,750,JYOTISTRUC
2001-01-11,6.900000095367432,6.900000095367432,6.53000020980835,6.53000020980835,5.402681350708008,1505,JYOTISTRUC
2001-01-12,6.769999980926514,6.769999980926514,6.579999923706055,6.579999923706055,5.44404935836792,1000,JYOTISTRUC
2001-01-15,6.579999923706055,6.579999923706055,6.579999923706055,6.579999923706055,5.44404935836792,0,JYOTISTRUC
2001-01-16,6.599999904632568,6.599999904632568,6.5,6.599999904632568,5.460596084594727,2250,JYOTISTRUC
2001-01-17,6.400000095367432,6.400000095367432,6.360000133514404,6.400000095367432,5.295124053955078,7250,JYOTISTRUC
2001-01-18,6.420000076293945,6.519999980926514,6.420000076293945,6.519999980926514,5.394406795501709,1530,JYOTISTRUC
2001-01-19,6.599999904632568,6.599999904632568,6.230000019073486,6.239999771118164,5.162745475769043,4400,JYOTISTRUC
2001-01-22,6.199999809265137,6.360000133514404,6.119999885559082,6.119999885559082,5.063462734222412,2550,JYOTISTRUC
2001-01-23,6.199999809265137,6.349999904632568,6.150000095367432,6.210000038146973,5.137925148010254,5275,JYOTISTRUC
2001-01-24,6.5,6.5,6.340000152587891,6.340000152587891,5.245482444763184,2215,JYOTISTRUC
2001-01-25,6.300000190734863,6.300000190734863,5.989999771118164,6.099999904632568,5.046914577484131,18500,JYOTISTRUC
2001-01-26,6.099999904632568,6.099999904632568,6.099999904632568,6.099999904632568,5.046914577484131,0,JYOTISTRUC
2001-01-29,6.5,6.5,6.5,6.5,5.377861022949219,125,JYOTISTRUC
2001-01-30,6.110000133514404,6.199999809265137,5.980000019073486,6.119999885559082,5.063462734222412,4750,JYOTISTRUC
2001-01-31,6.300000190734863,6.5,6.150000095367432,6.489999771118164,5.36958646774292,12020,JYOTISTRUC
2001-02-01,6.170000076293945,6.480000019073486,6.170000076293945,6.480000019073486,5.361313343048096,1510,JYOTISTRUC
2001-02-02,6.199999809265137,6.199999809265137,6.199999809265137,6.199999809265137,5.129651546478272,5250,JYOTISTRUC
2001-02-05,6.050000190734863,6.199999809265137,6.050000190734863,6.059999942779541,5.013820648193359,4050,JYOTISTRUC
2001-02-06,5.949999809265137,6.199999809265137,5.949999809265137,6.159999847412109,5.096556186676025,4500,JYOTISTRUC
2001-02-07,6.199999809265137,6.630000114440918,6.199999809265137,6.550000190734863,5.419229030609131,12305,JYOTISTRUC
2001-02-08,6.610000133514404,7.079999923706055,6.420000076293945,7.079999923706055,5.857730388641357,25500,JYOTISTRUC
2001-02-09,7.599999904632568,7.650000095367432,7.599999904632568,7.650000095367432,6.3293280601501465,25500,JYOTISTRUC
2001-02-12,8.199999809265137,8.270000457763672,7.900000095367432,8.270000457763672,6.8422932624816895,30675,JYOTISTRUC
2001-02-13,8.600000381469727,8.600000381469727,7.670000076293945,7.789999961853027,6.445159435272217,62205,JYOTISTRUC
2001-02-14,8.199999809265137,8.25,7.440000057220459,7.900000095367432,6.536168575286865,37675,JYOTISTRUC
2001-02-15,7.480000019073486,7.71999979019165,7.389999866485596,7.610000133514404,6.2962327003479,19945,JYOTISTRUC
2001-02-16,7.619999885559082,7.619999885559082,7.099999904632568,7.179999828338623,5.94046688079834,18370,JYOTISTRUC
2001-02-19,6.699999809265137,7.28000020980835,6.610000133514404,7.190000057220459,5.9487409591674805,11435,JYOTISTRUC
2001-02-20,7.0,7.0,6.699999809265137,6.840000152587891,5.659163951873779,14355,JYOTISTRUC
2001-02-21,7.050000190734863,7.050000190734863,7.0,7.0,5.79154109954834,2125,JYOTISTRUC
2001-02-22,6.639999866485596,7.0,6.5,6.550000190734863,5.419229030609131,14295,JYOTISTRUC
2001-02-23,6.989999771118164,6.989999771118164,6.400000095367432,6.690000057220459,5.535059452056885,10575,JYOTISTRUC
2001-02-26,6.5,6.53000020980835,6.199999809265137,6.510000228881836,5.386133670806885,8765,JYOTISTRUC
2001-02-27,6.760000228881836,6.920000076293945,6.329999923706055,6.610000133514404,5.468870639801025,20290,JYOTISTRUC
2001-02-28,6.900000095367432,6.900000095367432,6.349999904632568,6.389999866485596,5.286850452423096,44065,JYOTISTRUC
2001-03-01,6.579999923706055,6.769999980926514,6.28000020980835,6.429999828338623,5.319944381713867,11375,JYOTISTRUC
2001-03-02,6.539999961853027,6.559999942779541,6.320000171661377,6.340000152587891,5.245482444763184,7975,JYOTISTRUC
2001-03-05,6.199999809265137,6.349999904632568,5.840000152587891,5.869999885559082,4.856621265411377,14375,JYOTISTRUC
2001-03-06,5.869999885559082,5.869999885559082,5.869999885559082,5.869999885559082,4.856621265411377,0,JYOTISTRUC
2001-03-07,6.199999809265137,6.21999979019165,6.010000228881836,6.010000228881836,4.972452640533447,13750,JYOTISTRUC
2001-03-08,5.800000190734863,6.159999847412109,5.800000190734863,6.159999847412109,5.096556186676025,2250,JYOTISTRUC
2001-03-09,6.019999980926514,6.019999980926514,5.71999979019165,5.849999904632568,4.840074062347412,4450,JYOTISTRUC
2001-03-12,5.900000095367432,5.900000095367432,5.630000114440918,5.630000114440918,4.658054351806641,2000,JYOTISTRUC
2001-03-13,5.300000190734863,5.400000095367432,5.300000190734863,5.349999904632568,4.426392555236816,4750,JYOTISTRUC
2001-03-14,5.699999809265137,5.78000020980835,5.699999809265137,5.78000020980835,4.782158851623535,1250,JYOTISTRUC
2001-03-15,5.900000095367432,5.900000095367432,5.820000171661377,5.820000171661377,4.815253257751465,2775,JYOTISTRUC
2001-03-16,5.820000171661377,6.099999904632568,5.820000171661377,6.0,4.964179039001465,4100,JYOTISTRUC
2001-03-19,5.670000076293945,5.670000076293945,5.670000076293945,5.670000076293945,4.6911492347717285,500,JYOTISTRUC
2001-03-20,5.449999809265137,5.480000019073486,5.400000095367432,5.409999847412109,4.476034641265869,3710,JYOTISTRUC
2001-03-21,5.599999904632568,5.599999904632568,5.599999904632568,5.599999904632568,4.633233547210693,500,JYOTISTRUC
2001-03-22,5.449999809265137,5.599999904632568,5.420000076293945,5.599999904632568,4.633233547210693,3525,JYOTISTRUC
2001-03-23,5.599999904632568,5.820000171661377,5.519999980926514,5.820000171661377,4.815253257751465,260,JYOTISTRUC
2001-03-26,5.800000190734863,5.889999866485596,5.519999980926514,5.539999961853027,4.583591461181641,3625,JYOTISTRUC
2001-03-27,5.400000095367432,5.619999885559082,5.199999809265137,5.610000133514404,4.641507148742676,4780,JYOTISTRUC
2001-03-28,5.75,5.75,5.610000133514404,5.610000133514404,4.641507148742676,4000,JYOTISTRUC
2001-03-29,6.019999980926514,6.019999980926514,5.360000133514404,5.360000133514404,4.434665679931641,1900,JYOTISTRUC
2001-03-30,5.21999979019165,5.670000076293945,5.21999979019165,5.599999904632568,4.633233547210693,2995,JYOTISTRUC
2001-04-02,5.409999847412109,5.409999847412109,5.21999979019165,5.21999979019165,4.318835258483887,4750,JYOTISTRUC
2001-04-03,5.300000190734863,5.380000114440918,5.25,5.28000020980835,4.368476390838623,3260,JYOTISTRUC
2001-04-04,5.349999904632568,5.349999904632568,5.349999904632568,5.349999904632568,4.426392555236816,500,JYOTISTRUC
2001-04-05,5.349999904632568,5.349999904632568,5.349999904632568,5.349999904632568,4.426392555236816,0,JYOTISTRUC
2001-04-06,5.150000095367432,5.150000095367432,5.0,5.150000095367432,4.260920524597168,6000,JYOTISTRUC
2001-04-09,5.110000133514404,5.110000133514404,5.039999961853027,5.039999961853027,4.169909477233887,1000,JYOTISTRUC
2001-04-10,4.809999942779541,5.150000095367432,4.809999942779541,5.150000095367432,4.260920524597168,1050,JYOTISTRUC
2001-04-11,4.760000228881836,5.380000114440918,4.760000228881836,5.019999980926514,4.153363227844238,265,JYOTISTRUC
2001-04-12,4.800000190734863,5.010000228881836,4.800000190734863,5.010000228881836,4.14508867263794,1550,JYOTISTRUC
2001-04-13,5.010000228881836,5.010000228881836,5.010000228881836,5.010000228881836,4.14508867263794,0,JYOTISTRUC
2001-04-16,5.199999809265137,5.199999809265137,5.199999809265137,5.199999809265137,4.3022871017456055,2000,JYOTISTRUC
2001-04-17,4.820000171661377,5.070000171661377,4.820000171661377,5.059999942779541,4.18645715713501,1230,JYOTISTRUC
2001-04-18,4.900000095367432,5.25,4.900000095367432,5.110000133514404,4.227826118469238,3520,JYOTISTRUC
2001-04-19,5.110000133514404,5.400000095367432,4.820000171661377,5.079999923706055,4.203004360198975,3375,JYOTISTRUC
2001-04-20,5.019999980926514,5.199999809265137,5.019999980926514,5.199999809265137,4.3022871017456055,5500,JYOTISTRUC
2001-04-23,5.0,5.099999904632568,4.980000019073486,5.059999942779541,4.18645715713501,3120,JYOTISTRUC
2001-04-24,5.079999923706055,5.179999828338623,5.059999942779541,5.099999904632568,4.219552516937256,5010,JYOTISTRUC
2001-04-25,5.099999904632568,5.099999904632568,4.96999979019165,4.96999979019165,4.11199426651001,750,JYOTISTRUC
2001-04-26,5.28000020980835,5.28000020980835,5.059999942779541,5.059999942779541,4.18645715713501,510,JYOTISTRUC
2001-04-27,5.070000171661377,5.099999904632568,4.980000019073486,5.0,4.136815547943115,5225,JYOTISTRUC
2001-04-30,4.630000114440918,5.050000190734863,4.630000114440918,5.050000190734863,4.178183555603027,2555,JYOTISTRUC
2001-05-01,5.050000190734863,5.050000190734863,5.050000190734863,5.050000190734863,4.178183555603027,0,JYOTISTRUC
2001-05-02,5.190000057220459,5.199999809265137,5.190000057220459,5.199999809265137,4.3022871017456055,2750,JYOTISTRUC
2001-05-03,5.199999809265137,5.199999809265137,5.199999809265137,5.199999809265137,4.3022871017456055,0,JYOTISTRUC
2001-05-04,5.119999885559082,5.230000019073486,5.099999904632568,5.230000019073486,4.327109336853027,1750,JYOTISTRUC
2001-05-07,5.099999904632568,5.199999809265137,5.099999904632568,5.199999809265137,4.3022871017456055,1015,JYOTISTRUC
2001-05-08,4.869999885559082,5.369999885559082,4.869999885559082,4.960000038146973,4.1037211418151855,3000,JYOTISTRUC
2001-05-09,5.099999904632568,5.099999904632568,5.099999904632568,5.099999904632568,4.219552516937256,500,JYOTISTRUC
2001-05-10,4.849999904632568,4.849999904632568,4.800000190734863,4.809999942779541,3.979616403579712,3000,JYOTISTRUC
2001-05-11,4.949999809265137,4.949999809265137,4.840000152587891,4.840000152587891,4.004437446594238,1685,JYOTISTRUC
2001-05-14,4.949999809265137,4.960000038146973,4.949999809265137,4.960000038146973,4.1037211418151855,500,JYOTISTRUC
2001-05-15,4.710000038146973,4.710000038146973,4.710000038146973,4.710000038146973,3.896880626678467,375,JYOTISTRUC
2001-05-16,4.730000019073486,5.0,4.730000019073486,4.889999866485596,4.045805931091309,3610,JYOTISTRUC
2001-05-17,4.889999866485596,4.889999866485596,4.889999866485596,4.889999866485596,4.045805931091309,0,JYOTISTRUC
2001-05-18,4.800000190734863,5.0,4.800000190734863,5.0,4.136815547943115,1635,JYOTISTRUC
2001-05-21,4.800000190734863,4.800000190734863,4.800000190734863,4.800000190734863,3.971343517303467,250,JYOTISTRUC
2001-05-22,5.050000190734863,5.150000095367432,5.010000228881836,5.090000152587891,4.211277961730957,1875,JYOTISTRUC
2001-05-23,5.190000057220459,5.349999904632568,5.019999980926514,5.349999904632568,4.426392555236816,6950,JYOTISTRUC
2001-05-24,5.409999847412109,5.75,5.409999847412109,5.559999942779541,4.600138187408447,5980,JYOTISTRUC
2001-05-25,5.960000038146973,5.960000038146973,5.599999904632568,5.739999771118164,4.749064922332764,11255,JYOTISTRUC
2001-05-28,5.800000190734863,5.800000190734863,5.5,5.599999904632568,4.633233547210693,21500,JYOTISTRUC
2001-05-29,5.409999847412109,5.78000020980835,5.409999847412109,5.679999828338623,4.699422359466553,9545,JYOTISTRUC
2001-05-30,5.699999809265137,5.71999979019165,5.599999904632568,5.71999979019165,4.732516765594482,6610,JYOTISTRUC
2001-05-31,5.789999961853027,5.800000190734863,5.789999961853027,5.800000190734863,4.7987060546875,1000,JYOTISTRUC
2001-06-01,5.599999904632568,5.599999904632568,5.510000228881836,5.599999904632568,4.633233547210693,3250,JYOTISTRUC
2001-06-04,5.599999904632568,5.599999904632568,5.440000057220459,5.599999904632568,4.633233547210693,1275,JYOTISTRUC
2001-06-05,5.21999979019165,5.599999904632568,5.21999979019165,5.46999979019165,4.525676250457764,3750,JYOTISTRUC
2001-06-06,5.46999979019165,5.46999979019165,5.46999979019165,5.46999979019165,4.525676250457764,0,JYOTISTRUC
2001-06-07,5.769999980926514,5.769999980926514,5.5,5.599999904632568,4.633233547210693,3000,JYOTISTRUC
2001-06-08,5.599999904632568,5.599999904632568,5.599999904632568,5.599999904632568,4.633233547210693,0,JYOTISTRUC
2001-06-11,5.260000228881836,5.260000228881836,5.25,5.25,4.343656063079834,1000,JYOTISTRUC
2001-06-12,5.199999809265137,5.199999809265137,4.929999828338623,5.119999885559082,4.236098289489746,1875,JYOTISTRUC
2001-06-13,5.449999809265137,5.5,5.449999809265137,5.5,4.550497055053711,1500,JYOTISTRUC
2001-06-14,5.5,5.5,5.5,5.5,4.550497055053711,0,JYOTISTRUC
2001-06-15,5.400000095367432,5.400000095367432,5.260000228881836,5.269999980926514,4.360203742980957,1495,JYOTISTRUC
2001-06-18,5.199999809265137,5.360000133514404,5.059999942779541,5.329999923706055,4.409845352172852,1550,JYOTISTRUC
2001-06-19,5.5,5.5,5.260000228881836,5.269999980926514,4.360203742980957,625,JYOTISTRUC
2001-06-20,5.199999809265137,5.199999809265137,5.199999809265137,5.199999809265137,4.3022871017456055,10,JYOTISTRUC
2001-06-21,5.199999809265137,5.199999809265137,5.199999809265137,5.199999809265137,4.3022871017456055,0,JYOTISTRUC
2001-06-22,5.059999942779541,5.090000152587891,5.050000190734863,5.090000152587891,4.211277961730957,750,JYOTISTRUC
2001-06-25,5.440000057220459,5.440000057220459,5.119999885559082,5.139999866485596,4.252645969390869,5295,JYOTISTRUC
2001-06-26,5.150000095367432,5.150000095367432,5.070000171661377,5.099999904632568,4.219552516937256,3000,JYOTISTRUC
2001-06-27,5.199999809265137,5.380000114440918,5.179999828338623,5.369999885559082,4.442939758300781,5185,JYOTISTRUC
2001-06-28,5.309999942779541,5.699999809265137,5.309999942779541,5.599999904632568,4.633233547210693,4150,JYOTISTRUC
2001-06-29,5.25,5.519999980926514,5.199999809265137,5.5,4.550497055053711,5750,JYOTISTRUC
2001-07-02,5.800000190734863,5.800000190734863,5.800000190734863,5.800000190734863,4.7987060546875,250,JYOTISTRUC
2001-07-03,5.800000190734863,5.800000190734863,5.800000190734863,5.800000190734863,4.7987060546875,0,JYOTISTRUC
2001-07-04,5.800000190734863,5.800000190734863,5.800000190734863,5.800000190734863,4.7987060546875,0,JYOTISTRUC
2001-07-05,5.800000190734863,5.800000190734863,5.800000190734863,5.800000190734863,4.7987060546875,0,JYOTISTRUC
2001-07-06,5.800000190734863,5.800000190734863,5.800000190734863,5.800000190734863,4.7987060546875,0,JYOTISTRUC
2001-07-09,5.800000190734863,5.800000190734863,5.800000190734863,5.800000190734863,4.7987060546875,0,JYOTISTRUC
2001-07-10,5.119999885559082,5.119999885559082,5.119999885559082,5.119999885559082,4.236098289489746,250,JYOTISTRUC
2001-07-11,5.119999885559082,5.119999885559082,5.119999885559082,5.119999885559082,4.236098289489746,0,JYOTISTRUC
2001-07-12,5.119999885559082,5.119999885559082,5.119999885559082,5.119999885559082,4.236098289489746,0,JYOTISTRUC
2001-07-13,5.119999885559082,5.119999885559082,5.119999885559082,5.119999885559082,4.236098289489746,0,JYOTISTRUC
2001-07-16,5.119999885559082,5.119999885559082,5.119999885559082,5.119999885559082,4.236098289489746,0,JYOTISTRUC
2001-07-17,5.119999885559082,5.119999885559082,5.119999885559082,5.119999885559082,4.236098289489746,0,JYOTISTRUC
2001-07-18,5.119999885559082,5.119999885559082,5.119999885559082,5.119999885559082,4.236098289489746,0,JYOTISTRUC
2001-07-19,5.119999885559082,5.119999885559082,5.119999885559082,5.119999885559082,4.236098289489746,0,JYOTISTRUC
2001-07-20,5.119999885559082,5.119999885559082,5.119999885559082,5.119999885559082,4.236098289489746,0,JYOTISTRUC
2001-07-23,5.119999885559082,5.119999885559082,5.119999885559082,5.119999885559082,4.236098289489746,0,JYOTISTRUC
2001-07-24,5.119999885559082,5.119999885559082,5.119999885559082,5.119999885559082,4.236098289489746,0,JYOTISTRUC
2001-07-25,5.119999885559082,5.119999885559082,5.119999885559082,5.119999885559082,4.236098289489746,0,JYOTISTRUC
2001-07-26,5.119999885559082,5.119999885559082,5.119999885559082,5.119999885559082,4.236098289489746,0,JYOTISTRUC
2001-07-27,5.119999885559082,5.119999885559082,5.119999885559082,5.119999885559082,4.236098289489746,0,JYOTISTRUC
2001-07-30,5.119999885559082,5.119999885559082,5.119999885559082,5.119999885559082,4.236098289489746,0,JYOTISTRUC
2001-07-31,5.119999885559082,5.119999885559082,5.119999885559082,5.119999885559082,4.236098289489746,0,JYOTISTRUC
2001-08-01,5.119999885559082,5.119999885559082,5.119999885559082,5.119999885559082,4.236098289489746,0,JYOTISTRUC
2001-08-02,5.119999885559082,5.119999885559082,5.119999885559082,5.119999885559082,4.236098289489746,0,JYOTISTRUC
2001-08-03,5.119999885559082,5.119999885559082,5.119999885559082,5.119999885559082,4.236098289489746,0,JYOTISTRUC
2001-08-06,5.119999885559082,5.119999885559082,5.119999885559082,5.119999885559082,4.236098289489746,0,JYOTISTRUC
2001-08-07,5.119999885559082,5.119999885559082,5.119999885559082,5.119999885559082,4.236098289489746,0,JYOTISTRUC
2001-08-08,5.119999885559082,5.119999885559082,5.119999885559082,5.119999885559082,4.236098289489746,0,JYOTISTRUC
2001-08-09,5.119999885559082,5.119999885559082,5.119999885559082,5.119999885559082,4.236098289489746,0,JYOTISTRUC
2001-08-10,5.119999885559082,5.119999885559082,5.119999885559082,5.119999885559082,4.236098289489746,0,JYOTISTRUC
2001-08-13,5.119999885559082,5.119999885559082,5.119999885559082,5.119999885559082,4.236098289489746,0,JYOTISTRUC
2001-08-14,5.119999885559082,5.119999885559082,5.119999885559082,5.119999885559082,4.236098289489746,0,JYOTISTRUC
2001-08-15,5.119999885559082,5.119999885559082,5.119999885559082,5.119999885559082,4.236098289489746,0,JYOTISTRUC
2001-08-16,4.900000095367432,4.900000095367432,4.900000095367432,4.900000095367432,4.054079532623291,500,JYOTISTRUC
2001-08-17,4.900000095367432,4.900000095367432,4.900000095367432,4.900000095367432,4.054079532623291,0,JYOTISTRUC
2001-08-20,4.900000095367432,4.900000095367432,4.900000095367432,4.900000095367432,4.054079532623291,0,JYOTISTRUC
2001-08-21,4.900000095367432,4.900000095367432,4.900000095367432,4.900000095367432,4.054079532623291,0,JYOTISTRUC
2001-08-22,4.900000095367432,4.900000095367432,4.900000095367432,4.900000095367432,4.054079532623291,0,JYOTISTRUC
2001-08-23,4.900000095367432,4.900000095367432,4.900000095367432,4.900000095367432,4.054079532623291,0,JYOTISTRUC
2001-08-24,4.900000095367432,4.900000095367432,4.900000095367432,4.900000095367432,4.054079532623291,0,JYOTISTRUC
2001-08-27,4.900000095367432,4.900000095367432,4.900000095367432,4.900000095367432,4.439824104309082,0,JYOTISTRUC
2001-08-28,5.179999828338623,5.179999828338623,5.179999828338623,5.179999828338623,4.693528175354004,500,JYOTISTRUC
2001-08-29,5.0,5.0,5.0,5.0,4.530432224273682,845,JYOTISTRUC
2001-08-30,4.900000095367432,4.900000095367432,4.900000095367432,4.900000095367432,4.439824104309082,250,JYOTISTRUC
2001-08-31,4.900000095367432,4.900000095367432,4.900000095367432,4.900000095367432,4.439824104309082,0,JYOTISTRUC
2001-09-03,5.019999980926514,5.03000020980835,5.019999980926514,5.03000020980835,4.557615280151367,10,JYOTISTRUC
2001-09-04,5.03000020980835,5.03000020980835,5.03000020980835,5.03000020980835,4.557615280151367,0,JYOTISTRUC
2001-09-05,5.03000020980835,5.03000020980835,5.03000020980835,5.03000020980835,4.557615280151367,0,JYOTISTRUC
2001-09-06,5.03000020980835,5.03000020980835,5.03000020980835,5.03000020980835,4.557615280151367,0,JYOTISTRUC
2001-09-07,4.699999809265137,4.699999809265137,4.599999904632568,4.599999904632568,4.16799783706665,1750,JYOTISTRUC
2001-09-10,4.599999904632568,4.599999904632568,4.599999904632568,4.599999904632568,4.16799783706665,0,JYOTISTRUC
2001-09-11,4.599999904632568,4.599999904632568,4.599999904632568,4.599999904632568,4.16799783706665,0,JYOTISTRUC
2001-09-12,4.599999904632568,4.599999904632568,4.599999904632568,4.599999904632568,4.16799783706665,0,JYOTISTRUC
2001-09-13,4.599999904632568,4.599999904632568,4.599999904632568,4.599999904632568,4.16799783706665,0,JYOTISTRUC
2001-09-14,4.400000095367432,4.420000076293945,4.400000095367432,4.420000076293945,4.004902362823486,1000,JYOTISTRUC
2001-09-17,4.420000076293945,4.420000076293945,4.420000076293945,4.420000076293945,4.004902362823486,0,JYOTISTRUC
2001-09-18,4.420000076293945,4.420000076293945,4.420000076293945,4.420000076293945,4.004902362823486,0,JYOTISTRUC
2001-09-19,4.420000076293945,4.420000076293945,4.420000076293945,4.420000076293945,4.004902362823486,0,JYOTISTRUC
2001-09-20,4.420000076293945,4.420000076293945,4.420000076293945,4.420000076293945,4.004902362823486,0,JYOTISTRUC
2001-09-21,4.420000076293945,4.420000076293945,4.420000076293945,4.420000076293945,4.004902362823486,0,JYOTISTRUC
2001-09-24,4.590000152587891,4.590000152587891,4.590000152587891,4.590000152587891,4.158937454223633,500,JYOTISTRUC
2001-09-25,4.590000152587891,4.590000152587891,4.590000152587891,4.590000152587891,4.158937454223633,0,JYOTISTRUC
2001-09-26,4.400000095367432,4.400000095367432,4.400000095367432,4.400000095367432,3.986780881881714,2500,JYOTISTRUC
2001-09-27,4.400000095367432,4.400000095367432,4.400000095367432,4.400000095367432,3.986780881881714,0,JYOTISTRUC
2001-09-28,4.400000095367432,4.400000095367432,4.400000095367432,4.400000095367432,3.986780881881714,0,JYOTISTRUC
2001-10-01,4.099999904632568,4.099999904632568,4.099999904632568,4.099999904632568,3.714954376220703,650,JYOTISTRUC
2001-10-02,4.099999904632568,4.099999904632568,4.099999904632568,4.099999904632568,3.714954376220703,0,JYOTISTRUC
2001-10-03,4.400000095367432,4.400000095367432,4.400000095367432,4.400000095367432,3.986780881881714,500,JYOTISTRUC
2001-10-04,4.400000095367432,4.400000095367432,4.400000095367432,4.400000095367432,3.986780881881714,500,JYOTISTRUC
2001-10-05,4.400000095367432,4.590000152587891,4.110000133514404,4.110000133514404,3.724015474319458,1500,JYOTISTRUC
2001-10-08,4.110000133514404,4.110000133514404,4.110000133514404,4.110000133514404,3.724015474319458,0,JYOTISTRUC
2001-10-09,4.110000133514404,4.110000133514404,4.110000133514404,4.110000133514404,3.724015474319458,0,JYOTISTRUC
2001-10-10,4.110000133514404,4.110000133514404,4.110000133514404,4.110000133514404,3.724015474319458,0,JYOTISTRUC
2001-10-11,4.110000133514404,4.110000133514404,4.110000133514404,4.110000133514404,3.724015474319458,0,JYOTISTRUC
2001-10-12,4.900000095367432,4.900000095367432,4.409999847412109,4.409999847412109,3.995840549468994,20,JYOTISTRUC
2001-10-15,4.409999847412109,4.409999847412109,4.409999847412109,4.409999847412109,3.995840549468994,0,JYOTISTRUC
2001-10-16,4.409999847412109,4.409999847412109,4.409999847412109,4.409999847412109,3.995840549468994,0,JYOTISTRUC
2001-10-17,4.800000190734863,4.800000190734863,4.800000190734863,4.800000190734863,4.349215984344482,1000,JYOTISTRUC
2001-10-18,5.369999885559082,5.369999885559082,5.369999885559082,5.369999885559082,4.8656840324401855,1000,JYOTISTRUC
2001-10-19,5.369999885559082,5.369999885559082,5.369999885559082,5.369999885559082,4.8656840324401855,0,JYOTISTRUC
2001-10-22,5.369999885559082,5.369999885559082,5.369999885559082,5.369999885559082,4.8656840324401855,0,JYOTISTRUC
2001-10-23,5.369999885559082,5.369999885559082,5.369999885559082,5.369999885559082,4.8656840324401855,0,JYOTISTRUC
2001-10-24,5.099999904632568,5.099999904632568,5.099999904632568,5.099999904632568,4.621041297912598,1500,JYOTISTRUC
2001-10-25,4.909999847412109,5.300000190734863,4.909999847412109,5.300000190734863,4.802258491516113,625,JYOTISTRUC
2001-10-26,5.300000190734863,5.300000190734863,5.300000190734863,5.300000190734863,4.802258491516113,0,JYOTISTRUC
2001-10-29,5.340000152587891,5.349999904632568,5.150000095367432,5.150000095367432,4.666345596313477,1560,JYOTISTRUC
2001-10-30,5.150000095367432,5.150000095367432,5.150000095367432,5.150000095367432,4.666345596313477,0,JYOTISTRUC
2001-10-31,5.150000095367432,5.150000095367432,5.150000095367432,5.150000095367432,4.666345596313477,0,JYOTISTRUC
2001-11-01,5.150000095367432,5.150000095367432,5.150000095367432,5.150000095367432,4.666345596313477,0,JYOTISTRUC
2001-11-02,5.150000095367432,5.150000095367432,5.150000095367432,5.150000095367432,4.666345596313477,0,JYOTISTRUC
2001-11-05,5.150000095367432,5.150000095367432,5.150000095367432,5.150000095367432,4.666345596313477,0,JYOTISTRUC
2001-11-06,5.800000190734863,5.800000190734863,5.599999904632568,5.599999904632568,5.074084281921387,5000,JYOTISTRUC
2001-11-07,5.599999904632568,5.599999904632568,5.599999904632568,5.599999904632568,5.074084281921387,0,JYOTISTRUC
2001-11-08,5.5,5.5,5.300000190734863,5.300000190734863,4.802258491516113,1500,JYOTISTRUC
2001-11-09,4.949999809265137,4.949999809265137,4.920000076293945,4.920000076293945,4.457945346832275,1250,JYOTISTRUC
2001-11-12,4.920000076293945,4.920000076293945,4.920000076293945,4.920000076293945,4.457945346832275,0,JYOTISTRUC
2001-11-13,4.920000076293945,4.920000076293945,4.920000076293945,4.920000076293945,4.457945346832275,0,JYOTISTRUC
2001-11-14,4.920000076293945,4.920000076293945,4.920000076293945,4.920000076293945,4.457945346832275,0,JYOTISTRUC
2001-11-15,4.920000076293945,4.920000076293945,4.920000076293945,4.920000076293945,4.457945346832275,0,JYOTISTRUC
2001-11-16,4.920000076293945,4.920000076293945,4.920000076293945,4.920000076293945,4.457945346832275,0,JYOTISTRUC
2001-11-19,4.920000076293945,4.920000076293945,4.920000076293945,4.920000076293945,4.457945346832275,0,JYOTISTRUC
2001-11-20,4.920000076293945,4.920000076293945,4.920000076293945,4.920000076293945,4.457945346832275,0,JYOTISTRUC
2001-11-21,5.75,5.75,5.739999771118164,5.739999771118164,5.200936794281006,20,JYOTISTRUC
2001-11-22,5.739999771118164,5.739999771118164,5.739999771118164,5.739999771118164,5.200936794281006,0,JYOTISTRUC
2001-11-23,5.739999771118164,5.739999771118164,5.739999771118164,5.739999771118164,5.200936794281006,0,JYOTISTRUC
2001-11-26,4.980000019073486,5.300000190734863,4.980000019073486,5.260000228881836,4.766014575958252,4250,JYOTISTRUC
2001-11-27,5.260000228881836,5.260000228881836,5.260000228881836,5.260000228881836,4.766014575958252,0,JYOTISTRUC
2001-11-28,5.380000114440918,5.380000114440918,5.019999980926514,5.019999980926514,4.548554420471191,1500,JYOTISTRUC
2001-11-29,5.0,5.0,5.0,5.0,4.530432224273682,1000,JYOTISTRUC
2001-11-30,5.0,5.0,5.0,5.0,4.530432224273682,0,JYOTISTRUC
2001-12-03,5.0,5.0,5.0,5.0,4.530432224273682,0,JYOTISTRUC
2001-12-04,5.0,5.0,5.0,5.0,4.530432224273682,0,JYOTISTRUC
2001-12-05,5.199999809265137,5.199999809265137,5.010000228881836,5.150000095367432,4.666345596313477,6000,JYOTISTRUC
2001-12-06,5.150000095367432,5.150000095367432,5.150000095367432,5.150000095367432,4.666345596313477,0,JYOTISTRUC
2001-12-07,5.150000095367432,5.150000095367432,5.150000095367432,5.150000095367432,4.666345596313477,0,JYOTISTRUC
2001-12-10,5.199999809265137,5.199999809265137,5.199999809265137,5.199999809265137,4.711648941040039,500,JYOTISTRUC
2001-12-11,5.099999904632568,5.099999904632568,5.0,5.050000190734863,4.575736999511719,1000,JYOTISTRUC
2001-12-12,5.050000190734863,5.050000190734863,5.050000190734863,5.050000190734863,4.575736999511719,0,JYOTISTRUC
2001-12-13,5.099999904632568,5.099999904632568,5.099999904632568,5.099999904632568,4.621041297912598,1500,JYOTISTRUC
2001-12-14,5.0,5.0,5.0,5.0,4.530432224273682,500,JYOTISTRUC
2001-12-17,5.0,5.0,5.0,5.0,4.530432224273682,0,JYOTISTRUC
2001-12-18,5.099999904632568,5.099999904632568,5.099999904632568,5.099999904632568,4.621041297912598,500,JYOTISTRUC
2001-12-19,5.099999904632568,5.099999904632568,5.099999904632568,5.099999904632568,4.621041297912598,0,JYOTISTRUC
2001-12-20,5.0,5.0,4.630000114440918,4.630000114440918,4.195180416107178,3000,JYOTISTRUC
2001-12-21,4.800000190734863,4.800000190734863,4.519999980926514,4.519999980926514,4.095510959625244,2600,JYOTISTRUC
2001-12-24,4.5,4.5,4.5,4.5,4.077388763427734,500,JYOTISTRUC
2001-12-25,4.5,4.5,4.5,4.5,4.077388763427734,0,JYOTISTRUC
2001-12-26,4.5,4.5,4.5,4.5,4.077388763427734,0,JYOTISTRUC
2001-12-27,4.519999980926514,4.519999980926514,4.5,4.5,4.077388763427734,1000,JYOTISTRUC
2001-12-28,4.300000190734863,4.300000190734863,4.300000190734863,4.300000190734863,3.8961715698242174,500,JYOTISTRUC
2001-12-31,4.300000190734863,4.300000190734863,4.300000190734863,4.300000190734863,3.8961715698242174,0,JYOTISTRUC
2002-01-01,4.519999980926514,4.519999980926514,4.519999980926514,4.519999980926514,4.095510959625244,500,JYOTISTRUC
2002-01-02,4.519999980926514,4.519999980926514,4.519999980926514,4.519999980926514,4.095510959625244,0,JYOTISTRUC
2002-01-03,4.610000133514404,4.610000133514404,4.610000133514404,4.610000133514404,4.177058219909668,1000,JYOTISTRUC
2002-01-04,4.489999771118164,4.53000020980835,4.480000019073486,4.480000019073486,4.059267997741699,3100,JYOTISTRUC
2002-01-07,4.440000057220459,4.800000190734863,4.25,4.800000190734863,4.349215984344482,3500,JYOTISTRUC
2002-01-08,4.409999847412109,4.409999847412109,4.380000114440918,4.409999847412109,3.995840549468994,1250,JYOTISTRUC
2002-01-09,4.599999904632568,4.599999904632568,4.440000057220459,4.559999942779541,4.131753921508789,750,JYOTISTRUC
2002-01-10,4.440000057220459,4.75,4.400000095367432,4.75,4.303910732269287,1125,JYOTISTRUC
2002-01-11,4.539999961853027,4.539999961853027,4.519999980926514,4.519999980926514,4.095510959625244,1000,JYOTISTRUC
2002-01-14,4.619999885559082,4.619999885559082,4.619999885559082,4.619999885559082,4.186119079589844,1000,JYOTISTRUC
2002-01-15,4.619999885559082,4.619999885559082,4.619999885559082,4.619999885559082,4.186119079589844,0,JYOTISTRUC
2002-01-16,4.619999885559082,4.619999885559082,4.619999885559082,4.619999885559082,4.186119079589844,0,JYOTISTRUC
2002-01-17,4.409999847412109,4.409999847412109,4.409999847412109,4.409999847412109,3.995840549468994,950,JYOTISTRUC
2002-01-18,4.409999847412109,4.409999847412109,4.409999847412109,4.409999847412109,3.995840549468994,0,JYOTISTRUC
2002-01-21,4.610000133514404,4.75,4.599999904632568,4.75,4.303910732269287,1500,JYOTISTRUC
2002-01-22,4.860000133514404,4.860000133514404,4.829999923706055,4.829999923706055,4.376398086547852,10000,JYOTISTRUC
2002-01-23,5.0,5.0,4.949999809265137,4.989999771118164,4.521370887756348,3250,JYOTISTRUC
2002-01-24,5.0,5.0,5.0,5.0,4.530432224273682,1000,JYOTISTRUC
2002-01-25,4.900000095367432,4.900000095367432,4.900000095367432,4.900000095367432,4.439824104309082,505,JYOTISTRUC
2002-01-28,4.800000190734863,4.889999866485596,4.800000190734863,4.889999866485596,4.430762767791748,580,JYOTISTRUC
2002-01-29,4.889999866485596,4.889999866485596,4.889999866485596,4.889999866485596,4.430762767791748,0,JYOTISTRUC
2002-01-30,4.619999885559082,4.619999885559082,4.570000171661377,4.570000171661377,4.140815258026123,1500,JYOTISTRUC
2002-01-31,4.860000133514404,4.860000133514404,4.860000133514404,4.860000133514404,4.403581142425537,80,JYOTISTRUC
2002-02-01,4.619999885559082,4.619999885559082,4.610000133514404,4.610000133514404,4.177058219909668,1000,JYOTISTRUC
2002-02-04,4.440000057220459,4.440000057220459,4.440000057220459,4.440000057220459,4.023024082183838,500,JYOTISTRUC
2002-02-05,4.400000095367432,4.400000095367432,4.309999942779541,4.309999942779541,3.905233144760132,8625,JYOTISTRUC
2002-02-06,4.489999771118164,4.590000152587891,4.489999771118164,4.590000152587891,4.158937454223633,1685,JYOTISTRUC
2002-02-07,4.599999904632568,4.599999904632568,4.599999904632568,4.599999904632568,4.16799783706665,500,JYOTISTRUC
2002-02-08,4.659999847412109,4.659999847412109,4.659999847412109,4.659999847412109,4.222362518310547,1500,JYOTISTRUC
2002-02-11,4.449999809265137,4.539999961853027,4.400000095367432,4.539999961853027,4.1136322021484375,1050,JYOTISTRUC
2002-02-12,4.840000152587891,4.840000152587891,4.820000171661377,4.820000171661377,4.367336750030518,50,JYOTISTRUC
2002-02-13,4.929999828338623,4.929999828338623,4.539999961853027,4.860000133514404,4.403581142425537,2550,JYOTISTRUC
2002-02-14,4.949999809265137,4.949999809265137,4.949999809265137,4.949999809265137,4.485127925872803,500,JYOTISTRUC
2002-02-15,4.980000019073486,5.0,4.920000076293945,4.920000076293945,4.457945346832275,1005,JYOTISTRUC
2002-02-18,5.099999904632568,5.320000171661377,5.099999904632568,5.320000171661377,4.820380210876465,13410,JYOTISTRUC
2002-02-19,5.539999961853027,5.539999961853027,5.110000133514404,5.130000114440918,4.648223876953125,9355,JYOTISTRUC
2002-02-20,5.019999980926514,5.019999980926514,5.0,5.019999980926514,4.548554420471191,505,JYOTISTRUC
2002-02-21,5.130000114440918,5.130000114440918,5.130000114440918,5.130000114440918,4.648223876953125,125,JYOTISTRUC
2002-02-22,5.050000190734863,5.050000190734863,5.0,5.0,4.530432224273682,1410,JYOTISTRUC
2002-02-25,4.920000076293945,5.199999809265137,4.920000076293945,5.090000152587891,4.611980438232422,6500,JYOTISTRUC
2002-02-26,5.119999885559082,5.28000020980835,5.119999885559082,5.28000020980835,4.784136295318604,1550,JYOTISTRUC
2002-02-27,5.28000020980835,5.5,5.119999885559082,5.199999809265137,4.711648941040039,12025,JYOTISTRUC
2002-02-28,5.300000190734863,5.400000095367432,5.0,5.03000020980835,4.557615280151367,10785,JYOTISTRUC
2002-03-01,5.230000019073486,5.230000019073486,4.960000038146973,4.960000038146973,4.4941887855529785,2935,JYOTISTRUC
2002-03-04,5.039999961853027,5.159999847412109,5.039999961853027,5.159999847412109,4.675406455993652,3700,JYOTISTRUC
2002-03-05,5.110000133514404,5.199999809265137,5.110000133514404,5.199999809265137,4.711648941040039,1470,JYOTISTRUC
2002-03-06,5.050000190734863,5.190000057220459,5.050000190734863,5.050000190734863,4.575736999511719,2560,JYOTISTRUC
2002-03-07,5.239999771118164,5.239999771118164,5.0,5.179999828338623,4.693528175354004,5735,JYOTISTRUC
2002-03-08,5.099999904632568,5.099999904632568,4.980000019073486,5.0,4.530432224273682,10000,JYOTISTRUC
2002-03-11,4.820000171661377,4.949999809265137,4.639999866485596,4.949999809265137,4.485127925872803,3825,JYOTISTRUC
2002-03-12,4.849999904632568,4.900000095367432,4.820000171661377,4.900000095367432,4.439824104309082,5500,JYOTISTRUC
2002-03-13,4.809999942779541,4.949999809265137,4.809999942779541,4.860000133514404,4.403581142425537,5250,JYOTISTRUC
2002-03-14,5.0,5.0,4.989999771118164,5.0,4.530432224273682,985,JYOTISTRUC
2002-03-15,4.900000095367432,4.989999771118164,4.840000152587891,4.989999771118164,4.521370887756348,6135,JYOTISTRUC
2002-03-18,4.730000019073486,4.900000095367432,4.730000019073486,4.900000095367432,4.439824104309082,1185,JYOTISTRUC
2002-03-19,5.019999980926514,5.019999980926514,4.860000133514404,4.860000133514404,4.403581142425537,2470,JYOTISTRUC
2002-03-20,5.0,5.0,4.730000019073486,4.800000190734863,4.349215984344482,9065,JYOTISTRUC
2002-03-21,4.730000019073486,4.800000190734863,4.730000019073486,4.800000190734863,4.349215984344482,2185,JYOTISTRUC
2002-03-22,4.659999847412109,4.75,4.659999847412109,4.730000019073486,4.285788536071777,3520,JYOTISTRUC
2002-03-25,4.730000019073486,4.730000019073486,4.730000019073486,4.730000019073486,4.285788536071777,0,JYOTISTRUC
2002-03-26,4.599999904632568,4.889999866485596,4.599999904632568,4.650000095367432,4.213302135467529,2250,JYOTISTRUC
2002-03-27,4.610000133514404,4.699999809265137,4.610000133514404,4.699999809265137,4.258606433868408,550,JYOTISTRUC
2002-03-28,4.599999904632568,4.679999828338623,4.570000171661377,4.610000133514404,4.177058219909668,4750,JYOTISTRUC
2002-03-29,4.610000133514404,4.610000133514404,4.610000133514404,4.610000133514404,4.177058219909668,0,JYOTISTRUC
2002-04-01,4.789999961853027,4.800000190734863,4.699999809265137,4.769999980926514,4.322031497955322,4240,JYOTISTRUC
2002-04-02,4.75,4.800000190734863,4.639999866485596,4.679999828338623,4.240485191345215,1720,JYOTISTRUC
2002-04-03,4.800000190734863,4.860000133514404,4.639999866485596,4.829999923706055,4.376398086547852,3525,JYOTISTRUC
2002-04-04,4.769999980926514,4.900000095367432,4.769999980926514,4.869999885559082,4.4126410484313965,2125,JYOTISTRUC
2002-04-05,4.880000114440918,4.909999847412109,4.869999885559082,4.909999847412109,4.4488844871521,4500,JYOTISTRUC
2002-04-08,4.909999847412109,5.0,4.909999847412109,5.0,4.530432224273682,2500,JYOTISTRUC
2002-04-09,4.980000019073486,5.059999942779541,4.869999885559082,5.0,4.530432224273682,18250,JYOTISTRUC
2002-04-10,5.0,5.039999961853027,4.860000133514404,5.039999961853027,4.566675186157227,11385,JYOTISTRUC
2002-04-11,5.199999809265137,5.550000190734863,5.0,5.519999980926514,5.001596927642822,65135,JYOTISTRUC
2002-04-12,5.420000076293945,5.570000171661377,5.349999904632568,5.369999885559082,4.8656840324401855,24725,JYOTISTRUC
2002-04-15,5.400000095367432,5.5,5.300000190734863,5.400000095367432,4.892866611480713,35700,JYOTISTRUC
2002-04-16,5.389999866485596,5.400000095367432,5.0,5.349999904632568,4.847562313079834,8805,JYOTISTRUC
2002-04-17,5.199999809265137,5.199999809265137,5.119999885559082,5.159999847412109,4.675406455993652,2500,JYOTISTRUC
2002-04-18,5.199999809265137,5.199999809265137,5.050000190734863,5.099999904632568,4.621041297912598,10505,JYOTISTRUC
2002-04-19,5.010000228881836,5.199999809265137,4.699999809265137,4.769999980926514,4.322031497955322,186760,JYOTISTRUC
2002-04-22,4.659999847412109,5.239999771118164,4.650000095367432,5.03000020980835,4.557615280151367,38525,JYOTISTRUC
2002-04-23,5.199999809265137,5.5,5.199999809265137,5.320000171661377,4.820380210876465,38255,JYOTISTRUC
2002-04-24,5.199999809265137,5.369999885559082,5.099999904632568,5.21999979019165,4.729771614074707,40970,JYOTISTRUC
2002-04-25,5.199999809265137,5.210000038146973,5.139999866485596,5.139999866485596,4.657283782958984,24000,JYOTISTRUC
2002-04-26,5.110000133514404,5.300000190734863,5.110000133514404,5.289999961853027,4.793196678161621,12125,JYOTISTRUC
2002-04-29,5.199999809265137,5.300000190734863,5.119999885559082,5.260000228881836,4.766014575958252,16900,JYOTISTRUC
2002-04-30,5.150000095367432,5.400000095367432,5.150000095367432,5.25,4.756953716278076,47620,JYOTISTRUC
2002-05-01,5.25,5.25,5.25,5.25,4.756953716278076,0,JYOTISTRUC
2002-05-02,5.300000190734863,5.400000095367432,5.059999942779541,5.380000114440918,4.874745845794678,62750,JYOTISTRUC
2002-05-03,5.199999809265137,5.869999885559082,5.199999809265137,5.599999904632568,5.074084281921387,101365,JYOTISTRUC
2002-05-06,5.690000057220459,6.159999847412109,5.489999771118164,6.159999847412109,5.581491947174072,120760,JYOTISTRUC
2002-05-07,6.78000020980835,6.78000020980835,6.78000020980835,6.78000020980835,6.143266677856445,107845,JYOTISTRUC
2002-05-08,7.099999904632568,7.119999885559082,7.099999904632568,7.119999885559082,6.451335906982422,39675,JYOTISTRUC
2002-05-09,7.480000019073486,7.480000019073486,6.769999980926514,6.809999942779541,6.170449256896973,396520,JYOTISTRUC
2002-05-10,6.599999904632568,6.599999904632568,6.320000171661377,6.409999847412109,5.808013916015625,94170,JYOTISTRUC
2002-05-13,6.710000038146973,7.059999942779541,6.710000038146973,7.059999942779541,6.396970272064209,108460,JYOTISTRUC
2002-05-14,7.630000114440918,7.769999980926514,7.5,7.769999980926514,7.040291786193848,154215,JYOTISTRUC
2002-05-15,8.289999961853027,8.550000190734863,7.800000190734863,8.180000305175781,7.411787509918213,353425,JYOTISTRUC
2002-05-16,8.199999809265137,8.300000190734863,7.420000076293945,7.639999866485596,6.922500133514404,59315,JYOTISTRUC
2002-05-17,7.139999866485596,7.599999904632568,6.880000114440918,7.019999980926514,6.360727310180664,76705,JYOTISTRUC
2002-05-20,6.630000114440918,6.730000019073486,6.599999904632568,6.630000114440918,6.00735330581665,13250,JYOTISTRUC
2002-05-21,6.150000095367432,6.599999904632568,6.139999866485596,6.199999809265137,5.61773681640625,16850,JYOTISTRUC
2002-05-22,6.300000190734863,6.510000228881836,6.300000190734863,6.489999771118164,5.880500793457031,27675,JYOTISTRUC
2002-05-23,6.599999904632568,6.599999904632568,6.409999847412109,6.5,5.889562606811523,6250,JYOTISTRUC
2002-05-24,6.599999904632568,6.800000190734863,6.400000095367432,6.699999809265137,6.070779800415039,26060,JYOTISTRUC
2002-05-27,6.599999904632568,7.039999961853027,6.599999904632568,6.889999866485596,6.242935180664063,17500,JYOTISTRUC
2002-05-28,7.199999809265137,7.199999809265137,6.590000152587891,6.590000152587891,5.971109867095947,5755,JYOTISTRUC
2002-05-29,6.78000020980835,6.800000190734863,6.46999979019165,6.510000228881836,5.898622989654541,10000,JYOTISTRUC
2002-05-30,6.409999847412109,6.480000019073486,6.239999771118164,6.309999942779541,5.717405319213867,4850,JYOTISTRUC
2002-05-31,6.5,6.570000171661377,6.119999885559082,6.179999828338623,5.59961462020874,10920,JYOTISTRUC
2002-06-03,6.199999809265137,6.199999809265137,6.019999980926514,6.179999828338623,5.59961462020874,4000,JYOTISTRUC
2002-06-04,6.019999980926514,6.489999771118164,6.019999980926514,6.460000038146973,5.853318691253662,31365,JYOTISTRUC
2002-06-05,6.210000038146973,6.789999961853027,6.210000038146973,6.789999961853027,6.152327060699463,39445,JYOTISTRUC
2002-06-06,6.699999809265137,6.800000190734863,6.5,6.5,5.889562606811523,19050,JYOTISTRUC
2002-06-07,6.179999828338623,6.400000095367432,6.179999828338623,6.300000190734863,5.708343982696533,15250,JYOTISTRUC
2002-06-10,6.360000133514404,6.400000095367432,6.309999942779541,6.309999942779541,5.717405319213867,3000,JYOTISTRUC
2002-06-11,6.329999923706055,6.480000019073486,6.329999923706055,6.480000019073486,5.871440410614014,750,JYOTISTRUC
2002-06-12,6.949999809265137,6.949999809265137,6.510000228881836,6.570000171661377,5.9529876708984375,9105,JYOTISTRUC
2002-06-13,6.5,6.699999809265137,6.400000095367432,6.619999885559082,5.998292922973633,17755,JYOTISTRUC
2002-06-14,6.610000133514404,7.570000171661377,6.610000133514404,7.25,6.569127082824707,94520,JYOTISTRUC
2002-06-17,7.579999923706055,8.699999809265137,7.300000190734863,8.329999923706055,7.54770040512085,147230,JYOTISTRUC
2002-06-18,8.600000381469727,8.600000381469727,7.619999885559082,8.010000228881836,7.257752895355225,73740,JYOTISTRUC
2002-06-19,8.039999961853027,8.350000381469727,7.400000095367432,7.559999942779541,6.850013256072998,58950,JYOTISTRUC
2002-06-20,7.300000190734863,7.739999771118164,7.25,7.699999809265137,6.976865291595459,7260,JYOTISTRUC
2002-06-21,7.639999866485596,8.199999809265137,7.639999866485596,7.96999979019165,7.221508502960205,12575,JYOTISTRUC
2002-06-24,8.199999809265137,8.260000228881836,7.710000038146973,7.809999942779541,7.076535224914551,27305,JYOTISTRUC
2002-06-25,8.039999961853027,8.0600004196167,7.599999904632568,7.690000057220459,6.967804431915283,14490,JYOTISTRUC
2002-06-26,7.619999885559082,7.78000020980835,7.400000095367432,7.420000076293945,6.723160743713379,6200,JYOTISTRUC
2002-06-27,7.730000019073486,7.730000019073486,7.300000190734863,7.460000038146973,6.75940465927124,9635,JYOTISTRUC
2002-06-28,7.5,8.960000038146973,7.5,8.960000038146973,8.118535995483398,616070,JYOTISTRUC
2002-07-01,9.1899995803833,10.449999809265137,8.600000381469727,9.56999969482422,8.671246528625488,1294605,JYOTISTRUC
2002-07-02,9.699999809265137,9.960000038146973,9.079999923706056,9.130000114440918,8.27256965637207,260600,JYOTISTRUC
2002-07-03,9.25,10.18000030517578,9.100000381469728,9.640000343322754,8.734673500061035,612880,JYOTISTRUC
2002-07-04,9.699999809265137,9.699999809265137,8.5,9.039999961853027,8.191021919250488,365055,JYOTISTRUC
2002-07-05,9.300000190734863,9.390000343322754,8.630000114440918,8.739999771118164,7.919196128845215,250160,JYOTISTRUC
2002-07-08,9.960000038146973,9.960000038146973,8.960000038146973,9.239999771118164,8.372238159179688,524070,JYOTISTRUC
2002-07-09,9.25,9.460000038146973,8.819999694824219,8.930000305175781,8.091353416442871,66455,JYOTISTRUC
2002-07-10,8.600000381469727,9.0,8.050000190734863,8.100000381469727,7.339300155639648,92200,JYOTISTRUC
2002-07-11,7.849999904632568,8.460000038146973,7.849999904632568,8.350000381469727,7.565822601318359,79225,JYOTISTRUC
2002-07-12,8.449999809265137,8.5,8.3100004196167,8.460000038146973,7.665491580963135,36710,JYOTISTRUC
2002-07-15,8.5,8.5,7.650000095367432,7.809999942779541,7.076535224914551,36270,JYOTISTRUC
2002-07-16,7.619999885559082,8.520000457763672,7.25,7.570000171661377,6.85907506942749,77100,JYOTISTRUC
2002-07-17,8.600000381469727,8.600000381469727,7.309999942779541,7.420000076293945,6.723160743713379,49670,JYOTISTRUC
2002-07-18,8.399999618530273,8.399999618530273,7.400000095367432,7.489999771118164,6.786588191986084,34405,JYOTISTRUC
2002-07-19,7.599999904632568,7.75,7.559999942779541,7.570000171661377,6.85907506942749,22385,JYOTISTRUC
2002-07-22,8.399999618530273,8.399999618530273,6.829999923706055,7.010000228881836,6.351666927337647,33680,JYOTISTRUC
2002-07-23,6.400000095367432,7.199999809265137,6.400000095367432,7.059999942779541,6.396970272064209,21735,JYOTISTRUC
2002-07-24,6.739999771118164,6.840000152587891,6.510000228881836,6.610000133514404,5.989232063293457,12660,JYOTISTRUC
2002-07-25,7.0,7.349999904632568,6.440000057220459,6.579999923706055,5.96204948425293,22030,JYOTISTRUC
2002-07-26,6.400000095367432,6.420000076293945,6.0,6.010000228881836,5.445580005645752,24300,JYOTISTRUC
2002-07-29,6.019999980926514,6.039999961853027,5.199999809265137,5.369999885559082,4.8656840324401855,59510,JYOTISTRUC
2002-07-30,5.800000190734863,5.800000190734863,5.369999885559082,5.460000038146973,4.947232723236084,52325,JYOTISTRUC
2002-07-31,5.010000228881836,5.320000171661377,4.699999809265137,4.960000038146973,4.4941887855529785,46385,JYOTISTRUC
2002-08-01,5.0,5.599999904632568,5.0,5.170000076293945,4.68446683883667,58100,JYOTISTRUC
2002-08-02,5.190000057220459,5.239999771118164,4.900000095367432,4.96999979019165,4.503249645233154,33625,JYOTISTRUC
2002-08-05,5.110000133514404,5.300000190734863,5.059999942779541,5.139999866485596,4.657283782958984,24845,JYOTISTRUC
2002-08-06,5.340000152587891,5.570000171661377,5.210000038146973,5.420000076293945,4.910988807678223,49705,JYOTISTRUC
2002-08-07,5.460000038146973,5.679999828338623,5.320000171661377,5.53000020980835,5.010658264160156,56540,JYOTISTRUC
2002-08-08,5.349999904632568,5.440000057220459,5.050000190734863,5.130000114440918,4.648223876953125,40740,JYOTISTRUC
2002-08-09,5.340000152587891,5.340000152587891,5.0,5.079999923706055,4.602919101715088,18790,JYOTISTRUC
2002-08-12,5.199999809265137,5.239999771118164,5.110000133514404,5.199999809265137,4.711648941040039,10005,JYOTISTRUC
2002-08-13,5.199999809265137,5.25,4.949999809265137,5.079999923706055,4.602919101715088,21470,JYOTISTRUC
2002-08-14,4.980000019073486,5.079999923706055,4.599999904632568,4.869999885559082,4.4126410484313965,48870,JYOTISTRUC
2002-08-15,4.869999885559082,4.869999885559082,4.869999885559082,4.869999885559082,4.4126410484313965,0,JYOTISTRUC
2002-08-16,4.949999809265137,5.010000228881836,4.880000114440918,4.909999847412109,4.4488844871521,28440,JYOTISTRUC
2002-08-19,4.800000190734863,4.860000133514404,4.75,4.760000228881836,4.312971591949463,11335,JYOTISTRUC
2002-08-20,4.789999961853027,4.900000095367432,4.789999961853027,4.860000133514404,4.403581142425537,5675,JYOTISTRUC
2002-08-21,4.820000171661377,5.050000190734863,4.800000190734863,4.989999771118164,4.521370887756348,12050,JYOTISTRUC
2002-08-22,5.070000171661377,5.070000171661377,4.949999809265137,4.960000038146973,4.4941887855529785,3500,JYOTISTRUC
2002-08-23,4.980000019073486,5.050000190734863,4.900000095367432,4.920000076293945,4.457945346832275,10450,JYOTISTRUC
2002-08-26,4.800000190734863,5.019999980926514,4.800000190734863,4.869999885559082,4.4126410484313965,12380,JYOTISTRUC
2002-08-27,4.920000076293945,4.940000057220459,4.800000190734863,4.800000190734863,4.349215984344482,7740,JYOTISTRUC
2002-08-28,4.809999942779541,4.889999866485596,4.75,4.769999980926514,4.322031497955322,11000,JYOTISTRUC
2002-08-29,4.980000019073486,4.980000019073486,4.650000095367432,4.659999847412109,4.222362518310547,11005,JYOTISTRUC
2002-08-30,4.699999809265137,4.760000228881836,4.420000076293945,4.519999980926514,4.095510959625244,30315,JYOTISTRUC
2002-09-02,4.619999885559082,4.71999979019165,4.590000152587891,4.639999866485596,4.204241752624512,7115,JYOTISTRUC
2002-09-03,4.53000020980835,4.679999828338623,4.400000095367432,4.46999979019165,4.050206184387207,9865,JYOTISTRUC
2002-09-04,4.5,4.579999923706055,4.400000095367432,4.400000095367432,3.986780881881714,14390,JYOTISTRUC
2002-09-05,4.5,4.5,4.440000057220459,4.46999979019165,4.050206184387207,12020,JYOTISTRUC
2002-09-06,4.670000076293945,4.670000076293945,4.409999847412109,4.53000020980835,4.104571342468262,10870,JYOTISTRUC
2002-09-09,4.420000076293945,4.420000076293945,4.099999904632568,4.309999942779541,3.905233144760132,29495,JYOTISTRUC
2002-09-10,4.309999942779541,4.309999942779541,4.309999942779541,4.309999942779541,3.905233144760132,0,JYOTISTRUC
2002-09-11,4.460000038146973,4.460000038146973,4.21999979019165,4.360000133514404,3.950536966323853,5615,JYOTISTRUC
2002-09-12,4.340000152587891,4.340000152587891,4.070000171661377,4.150000095367432,3.76025915145874,45330,JYOTISTRUC
2002-09-13,4.199999809265137,4.269999980926514,4.119999885559082,4.150000095367432,3.76025915145874,34675,JYOTISTRUC
2002-09-16,4.860000133514404,4.860000133514404,4.130000114440918,4.150000095367432,3.76025915145874,8010,JYOTISTRUC
2002-09-17,4.210000038146973,4.21999979019165,4.010000228881836,4.019999980926514,3.642467737197876,25770,JYOTISTRUC
2002-09-18,4.179999828338623,4.179999828338623,3.900000095367432,3.930000066757202,3.560919761657715,66205,JYOTISTRUC
2002-09-19,4.039999961853027,4.039999961853027,3.819999933242798,3.849999904632568,3.488432645797729,27075,JYOTISTRUC
2002-09-20,3.7300000190734863,3.900000095367432,3.7300000190734863,3.849999904632568,3.488432645797729,8950,JYOTISTRUC
2002-09-23,3.799999952316284,3.849999904632568,3.5199999809265137,3.559999942779541,3.225667953491211,52935,JYOTISTRUC
2002-09-24,3.7799999713897705,3.7799999713897705,3.430000066757202,3.569999933242798,3.234728574752808,40165,JYOTISTRUC
2002-09-25,3.690000057220459,3.690000057220459,3.5,3.549999952316284,3.216606616973877,16165,JYOTISTRUC
2002-09-26,3.670000076293945,3.670000076293945,3.549999952316284,3.569999933242798,3.234728574752808,4325,JYOTISTRUC
2002-09-27,3.7300000190734863,3.7300000190734863,3.5799999237060547,3.650000095367432,3.307215452194214,12505,JYOTISTRUC
2002-09-30,3.9800000190734863,3.9800000190734863,3.509999990463257,3.509999990463257,3.180363655090332,10275,JYOTISTRUC
2002-10-01,3.880000114440918,3.880000114440918,3.369999885559082,3.4800000190734863,3.1531810760498047,20365,JYOTISTRUC
2002-10-02,3.4800000190734863,3.4800000190734863,3.4800000190734863,3.4800000190734863,3.1531810760498047,0,JYOTISTRUC
2002-10-03,3.690000057220459,3.690000057220459,3.430000066757202,3.430000066757202,3.107876300811768,5810,JYOTISTRUC
2002-10-04,3.549999952316284,3.559999942779541,3.400000095367432,3.430000066757202,3.107876300811768,11625,JYOTISTRUC
2002-10-07,3.670000076293945,3.670000076293945,3.400000095367432,3.4200000762939453,3.098815679550171,9255,JYOTISTRUC
2002-10-08,3.740000009536743,3.740000009536743,3.450000047683716,3.470000028610229,3.14411997795105,13765,JYOTISTRUC
2002-10-09,3.509999990463257,3.5799999237060547,3.400000095367432,3.400000095367432,3.08069396018982,32820,JYOTISTRUC
2002-10-10,3.240000009536743,3.450000047683716,3.240000009536743,3.390000104904175,3.0716333389282227,6515,JYOTISTRUC
2002-10-11,3.7799999713897705,3.7799999713897705,3.359999895095825,3.400000095367432,3.08069396018982,7005,JYOTISTRUC
2002-10-14,3.630000114440918,3.630000114440918,3.369999885559082,3.4600000381469727,3.135059118270874,10760,JYOTISTRUC
2002-10-15,3.4600000381469727,3.4600000381469727,3.4600000381469727,3.4600000381469727,3.135059118270874,0,JYOTISTRUC
2002-10-16,3.5199999809265137,3.690000057220459,3.450000047683716,3.549999952316284,3.216606616973877,27690,JYOTISTRUC
2002-10-17,3.559999942779541,3.559999942779541,3.3299999237060547,3.359999895095825,3.044450283050537,28580,JYOTISTRUC
2002-10-18,3.5299999713897705,3.549999952316284,3.400000095367432,3.4100000858306885,3.089754819869995,13890,JYOTISTRUC
2002-10-21,3.690000057220459,3.690000057220459,3.400000095367432,3.400000095367432,3.08069396018982,2150,JYOTISTRUC
2002-10-22,3.5,3.5,3.4600000381469727,3.4600000381469727,3.135059118270874,505,JYOTISTRUC
2002-10-23,3.400000095367432,3.430000066757202,3.3399999141693115,3.390000104904175,3.0716333389282227,5610,JYOTISTRUC
2002-10-24,3.7899999618530273,3.7899999618530273,3.259999990463257,3.380000114440918,3.062572479248047,8400,JYOTISTRUC
2002-10-25,3.5899999141693115,3.5899999141693115,3.220000028610229,3.240000009536743,2.935720205307007,30180,JYOTISTRUC
2002-10-28,3.880000114440918,3.880000114440918,3.150000095367432,3.1600000858306885,2.8632333278656006,7550,JYOTISTRUC
2002-10-29,3.490000009536743,3.490000009536743,3.220000028610229,3.319999933242798,3.008207082748413,11795,JYOTISTRUC
2002-10-30,3.109999895095825,3.319999933242798,3.109999895095825,3.319999933242798,3.008207082748413,11605,JYOTISTRUC
2002-10-31,3.450000047683716,3.450000047683716,3.220000028610229,3.259999990463257,2.95384168624878,12150,JYOTISTRUC
2002-11-01,3.200000047683716,3.569999933242798,3.140000104904175,3.150000095367432,2.8541719913482666,21655,JYOTISTRUC
2002-11-04,3.369999885559082,3.369999885559082,3.369999885559082,3.369999885559082,3.053511381149292,5,JYOTISTRUC
2002-11-05,4.039999961853027,4.039999961853027,3.25,3.25,2.9447813034057617,1005,JYOTISTRUC
2002-11-06,3.25,3.25,3.25,3.25,2.9447813034057617,0,JYOTISTRUC
2002-11-07,3.3499999046325684,3.3499999046325684,3.200000047683716,3.2300000190734863,2.926659345626831,14525,JYOTISTRUC
2002-11-08,3.369999885559082,3.369999885559082,3.130000114440918,3.200000047683716,2.899476766586304,3515,JYOTISTRUC
2002-11-11,3.200000047683716,3.200000047683716,3.1600000858306885,3.190000057220459,2.890415668487549,2505,JYOTISTRUC
2002-11-12,3.369999885559082,3.369999885559082,3.0899999141693115,3.180000066757202,2.8813552856445312,6515,JYOTISTRUC
2002-11-13,3.3499999046325684,3.3499999046325684,2.950000047683716,3.0799999237060547,2.790745973587036,9030,JYOTISTRUC
2002-11-14,3.319999933242798,3.319999933242798,3.0299999713897705,3.059999942779541,2.7726247310638428,8950,JYOTISTRUC
2002-11-15,3.009999990463257,3.140000104904175,3.009999990463257,3.130000114440918,2.8360509872436523,13040,JYOTISTRUC
2002-11-18,3.3499999046325684,3.3499999046325684,3.039999961853028,3.0799999237060547,2.790745973587036,11760,JYOTISTRUC
2002-11-19,3.0799999237060547,3.0799999237060547,3.0799999237060547,3.0799999237060547,2.790745973587036,0,JYOTISTRUC
2002-11-20,3.309999942779541,3.309999942779541,3.059999942779541,3.259999990463257,2.95384168624878,16235,JYOTISTRUC
2002-11-21,3.2100000381469727,3.380000114440918,3.2100000381469727,3.299999952316284,2.9900851249694824,12425,JYOTISTRUC
2002-11-22,3.910000085830689,3.910000085830689,3.150000095367432,3.309999942779541,2.9991464614868164,6805,JYOTISTRUC
2002-11-25,3.2300000190734863,3.400000095367432,3.2300000190734863,3.369999885559082,3.053511381149292,10115,JYOTISTRUC
2002-11-26,3.400000095367432,3.440000057220459,3.400000095367432,3.4200000762939453,3.098815679550171,7970,JYOTISTRUC
2002-11-27,3.4600000381469727,3.4600000381469727,3.369999885559082,3.390000104904175,3.0716333389282227,11105,JYOTISTRUC
2002-11-28,3.5,3.5,3.4800000190734863,3.4800000190734863,3.1531810760498047,2250,JYOTISTRUC
2002-11-29,3.440000057220459,3.680000066757202,3.440000057220459,3.619999885559082,3.2800328731536865,67210,JYOTISTRUC
2002-12-02,3.700000047683716,3.869999885559082,3.660000085830689,3.809999942779541,3.452188968658448,58625,JYOTISTRUC
2002-12-03,3.759999990463257,3.819999933242798,3.559999942779541,3.5899999141693115,3.252850294113159,31965,JYOTISTRUC
2002-12-04,3.4600000381469727,3.569999933242798,3.450000047683716,3.4800000190734863,3.1531810760498047,9000,JYOTISTRUC
2002-12-05,3.5,3.5299999713897705,3.4800000190734863,3.509999990463257,3.180363655090332,7750,JYOTISTRUC
2002-12-06,3.4200000762939453,3.5199999809265137,3.4200000762939453,3.430000066757202,3.107876300811768,18190,JYOTISTRUC
2002-12-09,3.5,3.5799999237060547,3.380000114440918,3.4200000762939453,3.098815679550171,20475,JYOTISTRUC
2002-12-10,3.4600000381469727,3.4600000381469727,3.4200000762939453,3.440000057220459,3.1169373989105225,6920,JYOTISTRUC
2002-12-11,3.430000066757202,3.5,3.430000066757202,3.430000066757202,3.107876300811768,4505,JYOTISTRUC
2002-12-12,3.430000066757202,3.490000009536743,3.380000114440918,3.380000114440918,3.062572479248047,10500,JYOTISTRUC
2002-12-13,3.309999942779541,3.5,3.309999942779541,3.359999895095825,3.044450283050537,7935,JYOTISTRUC
2002-12-16,3.2799999713897705,3.4200000762939453,3.2799999713897705,3.4200000762939453,3.098815679550171,10800,JYOTISTRUC
2002-12-17,3.4600000381469727,3.4600000381469727,3.289999961853028,3.309999942779541,2.9991464614868164,9935,JYOTISTRUC
2002-12-18,3.299999952316284,3.380000114440918,3.25,3.259999990463257,2.95384168624878,8250,JYOTISTRUC
2002-12-19,3.200000047683716,3.670000076293945,3.200000047683716,3.450000047683716,3.1259984970092773,37045,JYOTISTRUC
2002-12-20,3.559999942779541,3.839999914169312,3.5,3.75,3.397824287414551,88845,JYOTISTRUC
2002-12-23,3.799999952316284,3.990000009536743,3.799999952316284,3.880000114440918,3.515615701675415,77300,JYOTISTRUC
2002-12-24,4.0,4.099999904632568,3.7799999713897705,3.950000047683716,3.5790414810180664,106510,JYOTISTRUC
2002-12-25,3.950000047683716,3.950000047683716,3.950000047683716,3.950000047683716,3.5790414810180664,0,JYOTISTRUC
2002-12-26,4.079999923706055,4.190000057220459,3.9700000286102295,3.9700000286102295,3.597163200378418,33570,JYOTISTRUC
2002-12-27,3.9800000190734863,4.0,3.7100000381469727,3.7699999809265137,3.4159460067749023,13530,JYOTISTRUC
2002-12-30,3.7699999809265137,3.829999923706055,3.559999942779541,3.609999895095825,3.2709720134735107,40770,JYOTISTRUC
2002-12-31,3.5999999046325684,3.759999990463257,3.490000009536743,3.5199999809265137,3.1894240379333496,34560,JYOTISTRUC
2003-01-01,3.5899999141693115,3.650000095367432,3.5299999713897705,3.630000114440918,3.2890939712524414,6140,JYOTISTRUC
2003-01-02,3.700000047683716,3.700000047683716,3.609999895095825,3.609999895095825,3.2709720134735107,6255,JYOTISTRUC
2003-01-03,3.359999895095825,3.650000095367432,3.359999895095825,3.5899999141693115,3.252850294113159,11345,JYOTISTRUC
2003-01-06,3.650000095367432,3.7300000190734863,3.509999990463257,3.640000104904175,3.2981550693511963,18135,JYOTISTRUC
2003-01-07,3.450000047683716,3.7699999809265137,3.450000047683716,3.609999895095825,3.2709720134735107,11655,JYOTISTRUC
2003-01-08,3.5899999141693115,3.670000076293945,3.5899999141693115,3.660000085830689,3.3162765502929688,7000,JYOTISTRUC
2003-01-09,3.5999999046325684,3.759999990463257,3.5999999046325684,3.7300000190734863,3.37970232963562,8100,JYOTISTRUC
2003-01-10,3.609999895095825,3.740000009536743,3.5899999141693115,3.5999999046325684,3.261911630630493,6130,JYOTISTRUC
2003-01-13,3.5999999046325684,3.5999999046325684,3.559999942779541,3.569999933242798,3.234728574752808,3000,JYOTISTRUC
2003-01-14,3.5199999809265137,3.5799999237060547,3.5199999809265137,3.559999942779541,3.225667953491211,1760,JYOTISTRUC
2003-01-15,3.5999999046325684,3.5999999046325684,3.5,3.5999999046325684,3.261911630630493,4000,JYOTISTRUC
2003-01-16,3.5,3.559999942779541,3.5,3.549999952316284,3.216606616973877,4875,JYOTISTRUC
2003-01-17,3.5199999809265137,3.5799999237060547,3.4200000762939453,3.4800000190734863,3.1531810760498047,19505,JYOTISTRUC
2003-01-20,3.5,3.5,3.4800000190734863,3.4800000190734863,3.1531810760498047,3500,JYOTISTRUC
2003-01-21,3.490000009536743,3.509999990463257,3.4200000762939453,3.450000047683716,3.1259984970092773,7435,JYOTISTRUC
2003-01-22,3.4600000381469727,3.4600000381469727,3.400000095367432,3.440000057220459,3.1169373989105225,8500,JYOTISTRUC
2003-01-23,3.400000095367432,3.4200000762939453,3.3499999046325684,3.359999895095825,3.044450283050537,6085,JYOTISTRUC
2003-01-24,3.400000095367432,3.450000047683716,3.25,3.259999990463257,2.95384168624878,11505,JYOTISTRUC
2003-01-27,3.25,3.25,3.1600000858306885,3.180000066757202,2.8813552856445312,3000,JYOTISTRUC
2003-01-28,3.190000057220459,3.200000047683716,3.190000057220459,3.200000047683716,2.899476766586304,1250,JYOTISTRUC
2003-01-29,3.2699999809265137,3.2799999713897705,3.220000028610229,3.220000028610229,2.9175987243652344,1000,JYOTISTRUC
2003-01-30,3.25,3.259999990463257,3.200000047683716,3.200000047683716,2.899476766586304,4000,JYOTISTRUC
2003-01-31,3.200000047683716,3.289999961853028,3.200000047683716,3.240000009536743,2.935720205307007,3050,JYOTISTRUC
2003-02-03,3.220000028610229,3.220000028610229,3.220000028610229,3.220000028610229,2.9175987243652344,1000,JYOTISTRUC
2003-02-04,3.2100000381469727,3.240000009536743,3.200000047683716,3.200000047683716,2.899476766586304,4000,JYOTISTRUC
2003-02-05,3.2699999809265137,3.3299999237060547,3.200000047683716,3.240000009536743,2.935720205307007,26155,JYOTISTRUC
2003-02-06,3.0899999141693115,3.190000057220459,3.059999942779541,3.180000066757202,2.8813552856445312,8525,JYOTISTRUC
2003-02-07,3.5999999046325684,3.5999999046325684,3.2100000381469727,3.2100000381469727,2.9085378646850586,12505,JYOTISTRUC
2003-02-10,3.5999999046325684,3.5999999046325684,3.180000066757202,3.200000047683716,2.899476766586304,6760,JYOTISTRUC
2003-02-11,3.200000047683716,3.200000047683716,3.119999885559082,3.130000114440918,2.8360509872436523,4000,JYOTISTRUC
2003-02-12,3.069999933242798,3.0799999237060547,3.0199999809265137,3.049999952316284,2.763563632965088,18500,JYOTISTRUC
2003-02-13,3.049999952316284,3.049999952316284,3.049999952316284,3.049999952316284,2.763563632965088,0,JYOTISTRUC
2003-02-14,3.0999999046325684,3.0999999046325684,3.0,3.009999990463257,2.7273199558258057,5500,JYOTISTRUC
2003-02-17,3.0999999046325684,3.240000009536743,3.069999933242798,3.240000009536743,2.935720205307007,19770,JYOTISTRUC
2003-02-18,3.200000047683716,3.200000047683716,3.1600000858306885,3.1600000858306885,2.8632333278656006,5350,JYOTISTRUC
2003-02-19,3.200000047683716,3.4600000381469727,3.109999895095825,3.3299999237060547,3.017267942428589,40685,JYOTISTRUC
2003-02-20,3.4600000381469727,3.640000104904175,3.4100000858306885,3.549999952316284,3.216606616973877,44815,JYOTISTRUC
2003-02-21,3.700000047683716,3.700000047683716,3.5,3.569999933242798,3.234728574752808,26770,JYOTISTRUC
2003-02-24,3.4100000858306885,3.549999952316284,3.4100000858306885,3.5199999809265137,3.1894240379333496,9520,JYOTISTRUC
2003-02-25,3.9800000190734863,3.9800000190734863,3.25,3.259999990463257,2.95384168624878,13140,JYOTISTRUC
2003-02-26,3.2799999713897705,3.440000057220459,3.25,3.369999885559082,3.053511381149292,10290,JYOTISTRUC
2003-02-27,3.4800000190734863,3.490000009536743,3.259999990463257,3.309999942779541,2.9991464614868164,7060,JYOTISTRUC
2003-02-28,3.400000095367432,3.400000095367432,3.0999999046325684,3.1700000762939453,2.8722941875457764,30260,JYOTISTRUC
2003-03-03,3.390000104904175,3.400000095367432,3.220000028610229,3.259999990463257,2.95384168624878,20875,JYOTISTRUC
2003-03-04,3.119999885559082,3.220000028610229,3.0999999046325684,3.109999895095825,2.8179287910461426,7000,JYOTISTRUC
2003-03-05,3.0999999046325684,3.0999999046325684,3.0,3.069999933242798,2.7816855907440186,9050,JYOTISTRUC
2003-03-06,3.0999999046325684,3.0999999046325684,3.009999990463257,3.039999961853028,2.754502773284912,5355,JYOTISTRUC
2003-03-07,3.0,3.0,2.75,2.8499999046325684,2.582346200942993,17650,JYOTISTRUC
2003-03-10,2.7799999713897705,2.890000104904175,2.7100000381469727,2.7300000190734863,2.473616361618042,8000,JYOTISTRUC
2003-03-11,2.700000047683716,2.700000047683716,2.5,2.5799999237060547,2.337703227996826,19035,JYOTISTRUC
2003-03-12,2.8299999237060547,2.8299999237060547,2.5,2.700000047683716,2.4464333057403564,16175,JYOTISTRUC
2003-03-13,2.650000095367432,2.680000066757202,2.5999999046325684,2.609999895095825,2.364885807037353,28665,JYOTISTRUC
2003-03-14,2.609999895095825,2.609999895095825,2.609999895095825,2.609999895095825,2.364885807037353,0,JYOTISTRUC
2003-03-17,2.5999999046325684,2.6700000762939453,2.490000009536743,2.559999942779541,2.3195810317993164,9135,JYOTISTRUC
2003-03-18,2.559999942779541,2.559999942779541,2.559999942779541,2.559999942779541,2.3195810317993164,0,JYOTISTRUC
2003-03-19,2.75,2.75,2.450000047683716,2.490000009536743,2.256155252456665,9280,JYOTISTRUC
2003-03-20,2.369999885559082,2.5999999046325684,2.369999885559082,2.5899999141693115,2.346764087677002,9000,JYOTISTRUC
2003-03-21,2.5,2.5999999046325684,2.440000057220459,2.5999999046325684,2.3558244705200195,5530,JYOTISTRUC
2003-03-24,2.509999990463257,2.5199999809265137,2.5,2.5,2.265216112136841,8250,JYOTISTRUC
2003-03-25,2.539999961853028,2.5999999046325684,2.450000047683716,2.5999999046325684,2.3558244705200195,4000,JYOTISTRUC
2003-03-26,2.5999999046325684,2.5999999046325684,2.4800000190734863,2.509999990463257,2.274277210235596,22000,JYOTISTRUC
2003-03-27,2.380000114440918,2.490000009536743,2.380000114440918,2.400000095367432,2.174607992172241,11265,JYOTISTRUC
2003-03-28,2.380000114440918,2.430000066757202,2.2799999713897705,2.3499999046325684,2.129303216934204,16350,JYOTISTRUC
2003-03-31,2.359999895095825,2.390000104904175,2.200000047683716,2.200000047683716,1.993390440940857,5120,JYOTISTRUC
2003-04-01,2.470000028610229,2.470000028610229,2.380000114440918,2.380000114440918,2.1564857959747314,10,JYOTISTRUC
2003-04-02,2.299999952316284,2.450000047683716,2.299999952316284,2.440000057220459,2.210851192474365,4500,JYOTISTRUC
2003-04-03,2.5999999046325684,2.5999999046325684,2.4200000762939453,2.569999933242798,2.328641891479492,4745,JYOTISTRUC
2003-04-04,2.400000095367432,2.5999999046325684,2.359999895095825,2.5899999141693115,2.346764087677002,2270,JYOTISTRUC
2003-04-07,2.690000057220459,2.700000047683716,2.650000095367432,2.700000047683716,2.4464333057403564,12000,JYOTISTRUC
2003-04-08,2.5999999046325684,2.799999952316284,2.5999999046325684,2.75,2.491737604141236,12000,JYOTISTRUC
2003-04-09,2.789999961853028,2.799999952316284,2.759999990463257,2.759999990463257,2.500798463821411,6125,JYOTISTRUC
2003-04-10,2.700000047683716,2.700000047683716,2.619999885559082,2.619999885559082,2.3739469051361084,10250,JYOTISTRUC
2003-04-11,2.7799999713897705,2.7799999713897705,2.609999895095825,2.640000104904175,2.3920681476593018,12880,JYOTISTRUC
2003-04-14,2.640000104904175,2.640000104904175,2.640000104904175,2.640000104904175,2.3920681476593018,0,JYOTISTRUC
2003-04-15,2.640000104904175,2.640000104904175,2.640000104904175,2.640000104904175,2.3920681476593018,0,JYOTISTRUC
2003-04-16,2.5999999046325684,2.5999999046325684,2.5,2.5,2.265216112136841,2000,JYOTISTRUC
2003-04-17,2.690000057220459,2.690000057220459,2.4800000190734863,2.509999990463257,2.274277210235596,2500,JYOTISTRUC
2003-04-18,2.509999990463257,2.509999990463257,2.509999990463257,2.509999990463257,2.274277210235596,0,JYOTISTRUC
2003-04-21,2.6600000858306885,2.680000066757202,2.6600000858306885,2.680000066757202,2.428311586380005,5000,JYOTISTRUC
2003-04-22,2.680000066757202,2.680000066757202,2.680000066757202,2.680000066757202,2.428311586380005,1500,JYOTISTRUC
2003-04-23,2.700000047683716,2.700000047683716,2.700000047683716,2.700000047683716,2.4464333057403564,250,JYOTISTRUC
2003-04-24,2.5999999046325684,2.7300000190734863,2.5999999046325684,2.5999999046325684,2.3558244705200195,4000,JYOTISTRUC
2003-04-25,2.559999942779541,2.5799999237060547,2.559999942779541,2.5799999237060547,2.337703227996826,370,JYOTISTRUC
2003-04-28,2.75,2.759999990463257,2.6600000858306885,2.690000057220459,2.437372922897339,6315,JYOTISTRUC
2003-04-29,2.690000057220459,2.690000057220459,2.5799999237060547,2.5899999141693115,2.346764087677002,9260,JYOTISTRUC
2003-04-30,2.5199999809265137,2.680000066757202,2.5,2.680000066757202,2.428311586380005,4005,JYOTISTRUC
2003-05-01,2.680000066757202,2.680000066757202,2.680000066757202,2.680000066757202,2.428311586380005,0,JYOTISTRUC
2003-05-02,2.5999999046325684,2.5999999046325684,2.359999895095825,2.430000066757202,2.201790571212769,60630,JYOTISTRUC
2003-05-05,2.5999999046325684,2.5999999046325684,2.5199999809265137,2.5999999046325684,2.3558244705200195,7000,JYOTISTRUC
2003-05-06,2.640000104904175,2.990000009536743,2.640000104904175,2.9200000762939453,2.6457724571228027,62060,JYOTISTRUC
2003-05-07,3.119999885559082,3.150000095367432,3.0,3.049999952316284,2.763563632965088,119470,JYOTISTRUC
2003-05-08,3.0,3.069999933242798,2.950000047683716,2.970000028610229,2.6910769939422607,42955,JYOTISTRUC
2003-05-09,2.9600000381469727,3.0,2.900000095367432,2.930000066757202,2.6548335552215576,16250,JYOTISTRUC
2003-05-12,2.9200000762939453,3.0,2.9200000762939453,3.0,2.718259334564209,12000,JYOTISTRUC
2003-05-13,3.0,3.0999999046325684,2.990000009536743,3.0299999713897705,2.7454421520233154,41125,JYOTISTRUC
2003-05-14,3.130000114440918,3.130000114440918,3.049999952316284,3.0899999141693115,2.79980731010437,28000,JYOTISTRUC
2003-05-15,3.119999885559082,3.549999952316284,3.0999999046325684,3.4200000762939453,3.098815679550171,90090,JYOTISTRUC
2003-05-16,4.090000152587891,4.090000152587891,3.259999990463257,3.4100000858306885,3.089754819869995,59195,JYOTISTRUC
2003-05-19,3.700000047683716,3.700000047683716,3.4100000858306885,3.5,3.171302556991577,129685,JYOTISTRUC
2003-05-20,3.5999999046325684,3.5999999046325684,3.319999933242798,3.359999895095825,3.044450283050537,9195,JYOTISTRUC
2003-05-21,3.440000057220459,3.5,3.369999885559082,3.369999885559082,3.053511381149292,37125,JYOTISTRUC
2003-05-22,3.5299999713897705,3.5299999713897705,3.430000066757202,3.470000028610229,3.14411997795105,43080,JYOTISTRUC
2003-05-23,3.440000057220459,3.549999952316284,3.440000057220459,3.5299999713897705,3.1984851360321045,17385,JYOTISTRUC
2003-05-26,3.640000104904175,3.700000047683716,3.5199999809265137,3.680000066757202,3.3343982696533203,60615,JYOTISTRUC
2003-05-27,3.75,3.75,3.559999942779541,3.5999999046325684,3.261911630630493,46810,JYOTISTRUC
2003-05-28,3.5999999046325684,3.640000104904175,3.470000028610229,3.5199999809265137,3.1894240379333496,34980,JYOTISTRUC
2003-05-29,3.5799999237060547,3.5799999237060547,3.450000047683716,3.5,3.171302556991577,32325,JYOTISTRUC
2003-05-30,3.319999933242798,3.700000047683716,3.319999933242798,3.660000085830689,3.3162765502929688,33815,JYOTISTRUC
2003-06-02,3.5999999046325684,3.930000066757202,3.5999999046325684,3.759999990463257,3.4068853855133057,45415,JYOTISTRUC
2003-06-03,3.319999933242798,4.519999980926514,3.319999933242798,4.519999980926514,4.095510959625244,227170,JYOTISTRUC
2003-06-04,4.659999847412109,5.429999828338623,4.659999847412109,5.429999828338623,4.920049667358398,424215,JYOTISTRUC
2003-06-05,6.28000020980835,6.519999980926514,5.710000038146973,5.820000171661377,5.273423671722412,773925,JYOTISTRUC
2003-06-06,6.079999923706055,6.340000152587891,5.360000133514404,6.130000114440918,5.554309844970703,506865,JYOTISTRUC
2003-06-09,6.199999809265137,6.400000095367432,6.0,6.269999980926514,5.681161403656006,326730,JYOTISTRUC
2003-06-10,6.300000190734863,6.300000190734863,5.760000228881836,5.849999904632568,5.300605773925781,256960,JYOTISTRUC
2003-06-11,5.849999904632568,6.190000057220459,5.699999809265137,6.110000133514404,5.536188125610352,148035,JYOTISTRUC
2003-06-12,6.28000020980835,6.599999904632568,6.210000038146973,6.300000190734863,5.708343982696533,309510,JYOTISTRUC
2003-06-13,6.489999771118164,6.5,6.199999809265137,6.239999771118164,5.653979301452637,126460,JYOTISTRUC
2003-06-16,6.199999809265137,6.199999809265137,5.699999809265137,5.860000133514404,5.309667110443115,97460,JYOTISTRUC
2003-06-17,5.409999847412109,6.099999904632568,5.409999847412109,5.710000038146973,5.17375373840332,100055,JYOTISTRUC
2003-06-18,5.880000114440918,5.880000114440918,5.400000095367432,5.489999771118164,4.974414348602295,185000,JYOTISTRUC
2003-06-19,5.420000076293945,6.199999809265137,5.420000076293945,5.679999828338623,5.146571159362793,195420,JYOTISTRUC
2003-06-20,5.71999979019165,6.050000190734863,5.610000133514404,5.730000019073486,5.191875457763672,93600,JYOTISTRUC
2003-06-23,5.800000190734863,5.849999904632568,5.449999809265137,5.590000152587891,5.065023899078369,78855,JYOTISTRUC
2003-06-24,5.5,5.869999885559082,5.5,5.630000114440918,5.101267337799072,132445,JYOTISTRUC
2003-06-25,5.78000020980835,6.079999923706055,5.75,5.960000038146973,5.400275230407715,208290,JYOTISTRUC
2003-06-26,6.079999923706055,6.079999923706055,5.730000019073486,5.739999771118164,5.200936794281006,71580,JYOTISTRUC
2003-06-27,5.809999942779541,5.940000057220459,5.699999809265137,5.739999771118164,5.200936794281006,36780,JYOTISTRUC
2003-06-30,5.840000152587891,6.050000190734863,5.800000190734863,5.909999847412109,5.354970932006836,150065,JYOTISTRUC
2003-07-01,6.059999942779541,7.099999904632568,6.059999942779541,7.090000152587891,6.424153327941895,921455,JYOTISTRUC
2003-07-02,7.5,7.980000019073486,7.309999942779541,7.5,6.795648574829102,1387770,JYOTISTRUC
2003-07-03,7.730000019073486,7.900000095367432,7.300000190734863,7.489999771118164,6.786588191986084,405085,JYOTISTRUC
2003-07-04,7.599999904632568,7.800000190734863,7.070000171661377,7.110000133514404,6.44227409362793,243185,JYOTISTRUC
2003-07-07,7.0,7.5,7.0,7.309999942779541,6.623491764068604,328695,JYOTISTRUC
2003-07-08,7.480000019073486,7.699999809265137,7.210000038146973,7.630000114440918,6.913440227508545,542440,JYOTISTRUC
2003-07-09,7.800000190734863,8.0,7.5,7.670000076293945,6.94968318939209,388255,JYOTISTRUC
2003-07-10,7.900000095367432,8.1899995803833,6.96999979019165,7.519999980926514,6.813770771026611,316090,JYOTISTRUC
2003-07-11,7.46999979019165,7.599999904632568,6.980000019073486,7.059999942779541,6.396970272064209,253925,JYOTISTRUC
2003-07-14,7.199999809265137,7.400000095367432,7.139999866485596,7.329999923706055,6.641613483428955,360700,JYOTISTRUC
2003-07-15,7.400000095367432,7.699999809265137,7.400000095367432,7.610000133514404,6.895317077636719,468715,JYOTISTRUC
2003-07-16,7.679999828338623,7.699999809265137,7.449999809265137,7.570000171661377,6.85907506942749,201895,JYOTISTRUC
2003-07-17,7.78000020980835,8.319999694824219,7.659999847412109,7.860000133514404,7.12183952331543,709730,JYOTISTRUC
2003-07-18,7.599999904632568,7.860000133514404,7.400000095367432,7.539999961853027,6.831892013549805,238430,JYOTISTRUC
2003-07-21,7.599999904632568,8.0600004196167,7.539999961853027,7.820000171661377,7.085596084594727,435115,JYOTISTRUC
2003-07-22,7.800000190734863,7.980000019073486,7.679999828338623,7.739999771118164,7.01310920715332,184955,JYOTISTRUC
2003-07-23,7.929999828338623,8.050000190734863,7.739999771118164,7.869999885559082,7.1309003829956055,177300,JYOTISTRUC
2003-07-24,7.849999904632568,7.909999847412109,7.739999771118164,7.800000190734863,7.067473888397217,266630,JYOTISTRUC
2003-07-25,7.869999885559082,8.579999923706055,7.849999904632568,8.579999923706055,7.774222373962402,1161090,JYOTISTRUC
2003-07-28,8.699999809265137,9.4399995803833,8.5,9.4399995803833,8.553457260131836,1812060,JYOTISTRUC
2003-07-29,9.789999961853027,10.390000343322754,9.470000267028809,10.390000343322754,9.414238929748535,2202860,JYOTISTRUC
2003-07-30,10.600000381469728,11.229999542236328,10.239999771118164,10.510000228881836,9.522968292236328,2533150,JYOTISTRUC
2003-07-31,10.399999618530272,10.399999618530272,9.460000038146973,9.460000038146973,8.571577072143555,842485,JYOTISTRUC
2003-08-01,9.399999618530272,10.40999984741211,8.899999618530273,10.40999984741211,9.432360649108888,2173105,JYOTISTRUC
2003-08-04,10.300000190734863,10.539999961853027,9.369999885559082,9.40999984741211,8.526273727416992,1458445,JYOTISTRUC
2003-08-05,9.579999923706056,9.800000190734863,8.800000190734863,8.9399995803833,8.100412368774414,922795,JYOTISTRUC
2003-08-06,9.119999885559082,9.359999656677246,8.680000305175781,8.859999656677246,8.027926445007324,475820,JYOTISTRUC
2003-08-07,9.0,9.18000030517578,8.789999961853027,8.9399995803833,8.100412368774414,250420,JYOTISTRUC
2003-08-08,9.18000030517578,9.84000015258789,9.100000381469728,9.739999771118164,8.825282096862793,1083480,JYOTISTRUC
2003-08-11,9.779999732971191,9.800000190734863,9.270000457763672,9.4399995803833,8.553457260131836,415505,JYOTISTRUC
2003-08-12,9.600000381469728,10.199999809265137,9.420000076293944,9.899999618530272,8.970255851745605,838765,JYOTISTRUC
2003-08-13,10.199999809265137,10.600000381469728,9.90999984741211,10.289999961853027,9.32362937927246,1244465,JYOTISTRUC
2003-08-14,10.600000381469728,10.850000381469728,10.079999923706056,10.1899995803833,9.23302173614502,534235,JYOTISTRUC
2003-08-15,10.1899995803833,10.1899995803833,10.1899995803833,10.1899995803833,9.23302173614502,0,JYOTISTRUC
2003-08-18,10.199999809265137,10.779999732971191,9.75,10.079999923706056,9.133350372314451,811970,JYOTISTRUC
2003-08-19,10.199999809265137,10.289999961853027,9.380000114440918,9.449999809265137,8.562517166137695,421735,JYOTISTRUC
2003-08-20,9.5,10.0600004196167,9.399999618530272,9.449999809265137,8.562517166137695,198035,JYOTISTRUC
2003-08-21,9.600000381469728,9.779999732971191,9.399999618530272,9.479999542236328,8.589698791503906,132905,JYOTISTRUC
2003-08-22,9.760000228881836,10.43000030517578,9.479999542236328,10.43000030517578,9.450482368469238,1235055,JYOTISTRUC
2003-08-25,10.600000381469728,10.800000190734863,9.420000076293944,10.100000381469728,9.151473999023438,947635,JYOTISTRUC
2003-08-26,10.100000381469728,11.109999656677246,9.899999618530272,11.06999969482422,10.030376434326172,1056755,JYOTISTRUC
2003-08-27,11.020000457763672,12.050000190734863,11.020000457763672,11.93000030517578,10.809613227844238,1424935,JYOTISTRUC
2003-08-28,12.199999809265137,12.199999809265137,11.4399995803833,11.609999656677246,10.51966381072998,858570,JYOTISTRUC
2003-08-29,12.0,12.359999656677246,11.300000190734863,11.529999732971191,10.447175979614258,834120,JYOTISTRUC
2003-09-01,12.18000030517578,12.479999542236328,10.81999969482422,11.93000030517578,10.809613227844238,798175,JYOTISTRUC
2003-09-02,12.100000381469728,12.15999984741211,11.18000030517578,11.380000114440918,10.311264038085938,367955,JYOTISTRUC
2003-09-03,11.420000076293944,11.420000076293944,10.40999984741211,10.729999542236328,9.722308158874512,384600,JYOTISTRUC
2003-09-04,10.81999969482422,11.199999809265137,10.600000381469728,10.68000030517578,9.677002906799316,207865,JYOTISTRUC
2003-09-05,11.199999809265137,11.399999618530272,10.729999542236328,11.15999984741211,10.111924171447754,286025,JYOTISTRUC
2003-09-08,11.289999961853027,11.31999969482422,10.699999809265137,10.770000457763672,9.758551597595217,232150,JYOTISTRUC
2003-09-09,11.770000457763672,11.770000457763672,10.399999618530272,10.489999771118164,9.50484561920166,273500,JYOTISTRUC
2003-09-10,10.199999809265137,11.170000076293944,10.199999809265137,10.970000267028809,9.93976879119873,321735,JYOTISTRUC
2003-09-11,10.199999809265137,11.18000030517578,10.199999809265137,10.699999809265137,9.695124626159668,79020,JYOTISTRUC
2003-09-12,10.970000267028809,11.079999923706056,10.329999923706056,10.4399995803833,9.459543228149414,205180,JYOTISTRUC
2003-09-15,10.3100004196167,10.6899995803833,9.800000190734863,9.949999809265137,9.0155611038208,215770,JYOTISTRUC
2003-09-16,10.239999771118164,10.949999809265137,9.720000267028809,10.949999809265137,9.921648025512695,292120,JYOTISTRUC
2003-09-17,11.199999809265137,11.270000457763672,10.600000381469728,10.640000343322754,9.64076042175293,240815,JYOTISTRUC
2003-09-18,10.350000381469728,10.600000381469728,10.0600004196167,10.25,9.28738784790039,153780,JYOTISTRUC
2003-09-19,10.199999809265137,10.399999618530272,9.399999618530272,9.920000076293944,8.988377571105957,154570,JYOTISTRUC
2003-09-22,10.300000190734863,10.380000114440918,9.619999885559082,9.739999771118164,8.825282096862793,152975,JYOTISTRUC
2003-09-23,9.75,10.0,9.3100004196167,9.619999885559082,8.716550827026367,221125,JYOTISTRUC
2003-09-24,9.619999885559082,9.979999542236328,9.619999885559082,9.880000114440918,8.95213508605957,237830,JYOTISTRUC
2003-09-25,9.649999618530272,10.229999542236328,9.600000381469728,9.880000114440918,8.95213508605957,188350,JYOTISTRUC
2003-09-26,10.039999961853027,10.800000190734863,10.039999961853027,10.470000267028809,9.48672580718994,233210,JYOTISTRUC
2003-09-29,11.4399995803833,11.4399995803833,10.359999656677246,10.529999732971191,9.541090965270996,170540,JYOTISTRUC
2003-09-30,10.739999771118164,10.739999771118164,10.010000228881836,10.260000228881836,9.29644775390625,160115,JYOTISTRUC
2003-10-01,10.600000381469728,10.600000381469728,10.109999656677246,10.170000076293944,9.214898109436035,121510,JYOTISTRUC
2003-10-02,10.170000076293944,10.170000076293944,10.170000076293944,10.170000076293944,9.214898109436035,0,JYOTISTRUC
2003-10-03,10.34000015258789,10.899999618530272,10.300000190734863,10.760000228881836,9.749491691589355,165050,JYOTISTRUC
2003-10-06,10.760000228881836,11.380000114440918,10.760000228881836,11.220000267028809,10.166290283203123,341705,JYOTISTRUC
2003-10-07,11.399999618530272,12.350000381469728,11.109999656677246,12.300000190734863,11.14486312866211,1057420,JYOTISTRUC
2003-10-08,12.699999809265137,13.039999961853027,12.399999618530272,12.600000381469728,11.416687965393066,1115485,JYOTISTRUC
2003-10-09,12.600000381469728,13.1899995803833,12.600000381469728,12.880000114440918,11.670394897460938,420985,JYOTISTRUC
2003-10-10,12.600000381469728,13.119999885559082,12.0,12.479999542236328,11.307958602905272,413980,JYOTISTRUC
2003-10-13,12.140000343322754,12.5600004196167,12.130000114440918,12.390000343322754,11.226410865783691,165055,JYOTISTRUC
2003-10-14,12.800000190734863,12.800000190734863,11.899999618530272,11.960000038146973,10.83679485321045,308615,JYOTISTRUC
2003-10-15,12.0,12.239999771118164,11.5,11.75,10.64651584625244,123950,JYOTISTRUC
2003-10-16,12.029999732971191,12.050000190734863,11.65999984741211,11.789999961853027,10.682758331298828,94715,JYOTISTRUC
2003-10-17,11.899999618530272,12.199999809265137,11.699999809265137,12.09000015258789,10.954585075378418,168490,JYOTISTRUC
2003-10-20,11.399999618530272,12.729999542236328,11.399999618530272,12.420000076293944,11.253594398498535,336645,JYOTISTRUC
2003-10-21,13.0,13.0,12.420000076293944,12.65999984741211,11.471054077148438,458510,JYOTISTRUC
2003-10-22,12.960000038146973,12.960000038146973,11.800000190734863,11.829999923706056,10.71900463104248,167805,JYOTISTRUC
2003-10-23,11.800000190734863,11.970000267028809,11.520000457763672,11.56999969482422,10.483418464660645,62950,JYOTISTRUC
2003-10-24,11.699999809265137,11.699999809265137,11.199999809265137,11.619999885559082,10.52872371673584,70130,JYOTISTRUC
2003-10-27,11.8100004196167,12.0,11.609999656677246,11.729999542236328,10.628393173217772,33480,JYOTISTRUC
2003-10-28,11.90999984741211,11.920000076293944,10.630000114440918,11.119999885559082,10.07568073272705,102460,JYOTISTRUC
2003-10-29,11.199999809265137,11.399999618530272,11.199999809265137,11.369999885559082,10.302203178405762,57505,JYOTISTRUC
2003-10-30,11.579999923706056,12.510000228881836,11.579999923706056,12.510000228881836,11.335143089294434,173700,JYOTISTRUC
2003-10-31,13.760000228881836,13.760000228881836,12.0600004196167,12.729999542236328,11.534479141235352,245000,JYOTISTRUC
2003-11-03,13.050000190734863,13.050000190734863,12.199999809265137,12.539999961853027,11.362322807312012,147115,JYOTISTRUC
2003-11-04,12.59000015258789,12.789999961853027,11.329999923706056,12.579999923706056,11.398567199707031,279440,JYOTISTRUC
2003-11-05,12.699999809265137,12.9399995803833,12.550000190734863,12.779999732971191,11.57978630065918,231185,JYOTISTRUC
2003-11-06,12.979999542236328,14.0600004196167,12.979999542236328,14.0600004196167,12.739574432373049,519845,JYOTISTRUC
2003-11-07,14.800000190734863,15.470000267028809,14.800000190734863,15.449999809265137,13.999034881591797,1027035,JYOTISTRUC
2003-11-10,16.0,16.59000015258789,14.609999656677246,16.100000381469727,14.587990760803224,417355,JYOTISTRUC
2003-11-11,16.56999969482422,16.760000228881836,15.199999809265137,15.4399995803833,13.989974975585938,643040,JYOTISTRUC
2003-11-12,15.699999809265137,16.540000915527344,15.600000381469728,15.760000228881836,14.279922485351562,626450,JYOTISTRUC
2003-11-13,16.0,16.459999084472656,14.800000190734863,15.0,13.591297149658203,340040,JYOTISTRUC
2003-11-14,14.609999656677246,15.399999618530272,14.609999656677246,15.020000457763672,13.609420776367188,188350,JYOTISTRUC
2003-11-17,15.699999809265137,17.06999969482422,15.5,17.06999969482422,15.466896057128906,502785,JYOTISTRUC
2003-11-18,17.200000762939453,18.440000534057617,16.600000381469727,16.809999465942383,15.231313705444336,1003525,JYOTISTRUC
2003-11-19,17.0,17.579999923706055,16.200000762939453,17.06999969482422,15.466896057128906,490900,JYOTISTRUC
2003-11-20,17.579999923706055,18.780000686645508,17.190000534057617,18.51000022888184,16.771657943725586,1502585,JYOTISTRUC
2003-11-21,19.07999992370605,20.3700008392334,18.39999961853028,20.3700008392334,18.456981658935547,1744530,JYOTISTRUC
2003-11-24,20.979999542236328,21.38999938964844,20.729999542236328,21.38999938964844,19.381187438964844,281990,JYOTISTRUC
2003-11-25,22.34000015258789,22.43000030517578,20.559999465942383,20.93000030517578,18.964391708374023,748810,JYOTISTRUC
2003-11-26,20.93000030517578,20.93000030517578,20.93000030517578,20.93000030517578,18.964391708374023,0,JYOTISTRUC
2003-11-27,21.0,21.790000915527344,20.0,20.39999961853028,18.48416519165039,295895,JYOTISTRUC
2003-11-28,20.34000015258789,21.420000076293945,20.13999938964844,20.299999237060547,18.3935546875,239535,JYOTISTRUC
2003-12-01,20.96999931335449,20.96999931335449,19.799999237060547,19.979999542236328,18.10360717773437,243310,JYOTISTRUC
2003-12-02,20.200000762939453,20.979999542236328,19.739999771118164,20.670000076293945,18.728809356689453,365980,JYOTISTRUC
2003-12-03,20.979999542236328,21.709999084472656,20.0,21.709999084472656,19.67113494873047,218555,JYOTISTRUC
2003-12-04,21.700000762939453,22.799999237060547,21.700000762939453,22.739999771118164,20.604406356811523,241410,JYOTISTRUC
2003-12-05,22.600000381469727,23.670000076293945,22.600000381469727,23.06999969482422,20.903413772583008,240880,JYOTISTRUC
2003-12-08,23.0,23.39999961853028,22.049999237060547,22.65999984741211,20.53191947937012,65205,JYOTISTRUC
2003-12-09,22.600000381469727,23.799999237060547,21.81999969482422,23.549999237060547,21.33833312988281,118255,JYOTISTRUC
2003-12-10,23.39999961853028,23.600000381469727,22.5,22.76000022888184,20.622528076171875,82635,JYOTISTRUC
2003-12-11,23.200000762939453,23.200000762939453,22.39999961853028,22.61000061035156,20.486616134643555,70050,JYOTISTRUC
2003-12-12,22.739999771118164,23.0,22.309999465942383,22.75,20.613468170166016,59645,JYOTISTRUC
2003-12-15,23.18000030517578,23.200000762939453,22.600000381469727,22.71999931335449,20.58628463745117,48205,JYOTISTRUC
2003-12-16,23.0,23.0,22.440000534057617,22.61000061035156,20.486616134643555,71870,JYOTISTRUC
2003-12-17,22.959999084472656,23.489999771118164,22.520000457763672,23.229999542236328,21.04838752746582,83545,JYOTISTRUC
2003-12-18,23.39999961853028,24.39999961853028,23.229999542236328,23.700000762939453,21.47425079345703,202185,JYOTISTRUC
2003-12-19,23.700000762939453,24.200000762939453,22.809999465942383,23.209999084472656,21.0302677154541,82825,JYOTISTRUC
2003-12-22,23.3799991607666,23.3799991607666,22.100000381469727,22.21999931335449,20.133243560791016,121335,JYOTISTRUC
2003-12-23,22.39999961853028,22.5,21.200000762939453,21.440000534057617,19.42649269104004,72050,JYOTISTRUC
2003-12-24,21.700000762939453,21.89999961853028,21.020000457763672,21.600000381469727,19.57146644592285,74230,JYOTISTRUC
2003-12-25,21.600000381469727,21.600000381469727,21.600000381469727,21.600000381469727,19.57146644592285,0,JYOTISTRUC
2003-12-26,21.21999931335449,22.68000030517578,21.100000381469727,22.68000030517578,20.5500431060791,120370,JYOTISTRUC
2003-12-29,22.600000381469727,23.479999542236328,21.809999465942383,21.959999084472656,19.89765739440918,101905,JYOTISTRUC
2003-12-30,21.799999237060547,22.0,21.0,21.21999931335449,19.22715377807617,68265,JYOTISTRUC
2003-12-31,21.68000030517578,22.280000686645508,21.100000381469727,22.190000534057617,20.10606002807617,278065,JYOTISTRUC
2004-01-01,22.479999542236328,22.76000022888184,22.01000022888184,22.290000915527344,20.19667053222656,117765,JYOTISTRUC
2004-01-02,22.1299991607666,22.790000915527344,21.39999961853028,21.690000534057617,19.653018951416016,114400,JYOTISTRUC
2004-01-05,22.39999961853028,22.39999961853028,21.200000762939453,21.38999938964844,19.381187438964844,71175,JYOTISTRUC
2004-01-06,21.209999084472656,22.459999084472656,21.200000762939453,21.540000915527344,19.51710319519043,112985,JYOTISTRUC
2004-01-07,21.239999771118164,21.76000022888184,20.5,20.5,18.57477569580078,25655,JYOTISTRUC
2004-01-08,20.600000381469727,21.530000686645508,20.39999961853028,20.64999961853028,18.71068572998047,112140,JYOTISTRUC
2004-01-09,21.39999961853028,21.690000534057617,21.39999961853028,21.51000022888184,19.48991775512696,400530,JYOTISTRUC
2004-01-12,21.700000762939453,21.700000762939453,20.440000534057617,20.440000534057617,18.52040672302246,108145,JYOTISTRUC
2004-01-13,20.200000762939453,20.200000762939453,19.420000076293945,19.700000762939453,17.849905014038086,106955,JYOTISTRUC
2004-01-14,20.0,20.68000030517578,19.850000381469727,20.26000022888184,18.357311248779297,240140,JYOTISTRUC
2004-01-15,20.600000381469727,21.190000534057617,19.26000022888184,19.51000022888184,17.67774772644043,141665,JYOTISTRUC
2004-01-16,20.200000762939453,20.200000762939453,18.540000915527344,18.540000915527344,16.79884147644043,71425,JYOTISTRUC
2004-01-19,17.639999389648438,19.46999931335449,17.639999389648438,19.46999931335449,17.641502380371094,189175,JYOTISTRUC
2004-01-20,19.979999542236328,20.450000762939453,19.600000381469727,20.100000381469727,18.21233558654785,332015,JYOTISTRUC
2004-01-21,20.3799991607666,20.3799991607666,19.11000061035156,19.280000686645508,17.46934700012207,380455,JYOTISTRUC
2004-01-22,19.479999542236328,19.68000030517578,19.0,19.459999084472656,17.63243865966797,211175,JYOTISTRUC
2004-01-23,19.420000076293945,20.440000534057617,19.420000076293945,20.43000030517578,18.511348724365234,135010,JYOTISTRUC
2004-01-26,20.43000030517578,20.43000030517578,20.43000030517578,20.43000030517578,18.511348724365234,0,JYOTISTRUC
2004-01-27,20.420000076293945,20.96999931335449,20.299999237060547,20.81999969482422,18.864721298217773,43225,JYOTISTRUC
2004-01-28,20.420000076293945,20.809999465942383,19.84000015258789,20.40999984741211,18.493223190307617,108115,JYOTISTRUC
2004-01-29,20.39999961853028,20.76000022888184,20.040000915527344,20.5,18.57477569580078,27330,JYOTISTRUC
2004-01-30,20.479999542236328,20.479999542236328,19.479999542236328,19.82999992370605,17.967695236206055,92910,JYOTISTRUC
2004-02-02,19.82999992370605,19.82999992370605,19.82999992370605,19.82999992370605,17.967695236206055,0,JYOTISTRUC
2004-02-03,18.89999961853028,19.5,18.84000015258789,19.0,17.21564292907715,135135,JYOTISTRUC
2004-02-04,18.75,18.799999237060547,18.39999961853028,18.57999992370605,16.835084915161133,247135,JYOTISTRUC
2004-02-05,18.600000381469727,18.600000381469727,17.649999618530273,17.649999618530273,15.992427825927734,38235,JYOTISTRUC
2004-02-06,17.6200008392334,17.6200008392334,16.770000457763672,16.790000915527344,15.213191032409668,23245,JYOTISTRUC
2004-02-09,17.0,17.600000381469727,16.5,17.280000686645508,15.65717601776123,70445,JYOTISTRUC
2004-02-10,17.200000762939453,17.399999618530273,16.420000076293945,16.440000534057617,14.896061897277832,94055,JYOTISTRUC
2004-02-11,16.239999771118164,17.200000762939453,16.040000915527344,17.010000228881836,15.412531852722168,49385,JYOTISTRUC
2004-02-12,16.700000762939453,17.860000610351562,16.540000915527344,17.770000457763672,16.101158142089844,74580,JYOTISTRUC
2004-02-13,18.600000381469727,18.65999984741211,17.549999237060547,18.65999984741211,16.90757179260254,158090,JYOTISTRUC
2004-02-16,19.57999992370605,19.600000381469727,19.5,19.600000381469727,17.759296417236328,13600,JYOTISTRUC
2004-02-17,20.049999237060547,20.57999992370605,20.020000457763672,20.190000534057617,18.293886184692383,95135,JYOTISTRUC
2004-02-18,21.0,21.0,19.299999237060547,19.530000686645508,17.69586753845215,62755,JYOTISTRUC
2004-02-19,19.600000381469727,19.799999237060547,18.559999465942383,18.56999969482422,16.826025009155273,46470,JYOTISTRUC
2004-02-20,18.799999237060547,18.799999237060547,17.649999618530273,18.309999465942383,16.59044075012207,100680,JYOTISTRUC
2004-02-23,18.600000381469727,19.020000457763672,18.200000762939453,18.559999465942383,16.816967010498047,71955,JYOTISTRUC
2004-02-24,18.600000381469727,18.690000534057617,17.799999237060547,17.93000030517578,16.24612808227539,17375,JYOTISTRUC
2004-02-25,17.600000381469727,17.899999618530273,17.459999084472656,17.510000228881836,15.865575790405272,43465,JYOTISTRUC
2004-02-26,17.31999969482422,18.3799991607666,17.31999969482422,17.969999313354492,16.28237533569336,7325,JYOTISTRUC
2004-02-27,18.0,18.0,17.260000228881836,17.559999465942383,15.91087818145752,18745,JYOTISTRUC
2004-03-01,17.809999465942383,17.809999465942383,17.399999618530273,17.639999389648438,15.983362197875977,27235,JYOTISTRUC
2004-03-02,17.639999389648438,17.639999389648438,17.639999389648438,17.639999389648438,15.983362197875977,0,JYOTISTRUC
2004-03-03,17.799999237060547,17.799999237060547,17.209999084472656,17.270000457763672,15.648116111755373,26015,JYOTISTRUC
2004-03-04,17.299999237060547,17.600000381469727,16.8700008392334,16.90999984741211,15.321921348571776,91810,JYOTISTRUC
2004-03-05,17.200000762939453,17.399999618530273,16.799999237060547,16.979999542236328,15.385348320007324,28675,JYOTISTRUC
2004-03-08,17.059999465942383,17.5,17.020000457763672,17.239999771118164,15.620932579040527,17405,JYOTISTRUC
2004-03-09,17.399999618530273,17.399999618530273,15.989999771118164,16.34000015258789,14.80545425415039,39670,JYOTISTRUC
2004-03-10,16.399999618530273,16.600000381469727,16.020000457763672,16.229999542236328,14.705782890319824,16170,JYOTISTRUC
2004-03-11,16.200000762939453,16.93000030517578,15.859999656677246,15.989999771118164,14.488322257995604,37945,JYOTISTRUC
2004-03-12,15.739999771118164,16.0,15.039999961853027,15.279999732971191,13.845000267028809,22410,JYOTISTRUC
2004-03-15,15.109999656677246,15.300000190734863,14.119999885559082,14.119999885559082,12.793940544128418,29345,JYOTISTRUC
2004-03-16,14.0,15.600000381469728,14.0,14.3100004196167,12.966096878051758,84705,JYOTISTRUC
2004-03-17,14.199999809265137,15.600000381469728,13.90999984741211,14.75,13.364775657653809,98200,JYOTISTRUC
2004-03-18,15.0,15.5,14.420000076293944,15.109999656677246,13.690964698791504,75100,JYOTISTRUC
2004-03-19,16.0,16.0,14.5,14.789999961853027,13.401018142700195,27780,JYOTISTRUC
2004-03-22,15.100000381469728,15.239999771118164,14.5,14.609999656677246,13.237924575805664,132205,JYOTISTRUC
2004-03-23,14.630000114440918,15.350000381469728,14.43000030517578,14.960000038146973,13.5550537109375,42590,JYOTISTRUC
2004-03-24,15.0,15.600000381469728,14.729999542236328,14.949999809265137,13.545991897583008,35240,JYOTISTRUC
2004-03-25,15.199999809265137,15.59000015258789,14.800000190734863,15.5600004196167,14.09870719909668,37190,JYOTISTRUC
2004-03-26,16.0,17.579999923706055,16.0,17.09000015258789,15.485018730163574,188915,JYOTISTRUC
2004-03-29,17.200000762939453,19.71999931335449,16.799999237060547,18.690000534057617,16.934755325317383,91115,JYOTISTRUC
2004-03-30,18.64999961853028,19.600000381469727,18.0,18.290000915527344,16.57232093811035,60090,JYOTISTRUC
2004-03-31,18.420000076293945,18.76000022888184,17.739999771118164,18.09000015258789,16.39110565185547,105525,JYOTISTRUC
2004-04-01,18.3799991607666,19.5,18.200000762939453,18.32999992370605,16.60856819152832,152460,JYOTISTRUC
2004-04-02,18.780000686645508,20.200000762939453,18.309999465942383,20.1299991607666,18.23951911926269,223255,JYOTISTRUC
2004-04-05,20.600000381469727,22.39999961853028,20.209999084472656,20.489999771118164,18.565710067749023,282530,JYOTISTRUC
2004-04-06,21.200000762939453,21.200000762939453,19.61000061035156,19.84000015258789,17.976755142211914,113670,JYOTISTRUC
2004-04-07,20.0,20.700000762939453,19.209999084472656,19.5,17.668685913085938,54000,JYOTISTRUC
2004-04-08,19.5,20.36000061035156,19.5,19.809999465942383,17.949569702148438,64415,JYOTISTRUC
2004-04-09,19.809999465942383,19.809999465942383,19.809999465942383,19.809999465942383,17.949569702148438,0,JYOTISTRUC
2004-04-12,20.700000762939453,20.799999237060547,19.01000022888184,19.57999992370605,17.741174697875977,88155,JYOTISTRUC
2004-04-13,19.65999984741211,20.0,19.40999984741211,19.82999992370605,17.967695236206055,61115,JYOTISTRUC
2004-04-14,19.82999992370605,19.82999992370605,19.82999992370605,19.82999992370605,17.967695236206055,0,JYOTISTRUC
2004-04-15,19.799999237060547,20.200000762939453,19.799999237060547,19.89999961853028,18.0311222076416,55275,JYOTISTRUC
2004-04-16,20.0,20.479999542236328,20.0,20.059999465942383,18.17609405517578,41435,JYOTISTRUC
2004-04-19,20.59000015258789,22.0,20.520000457763672,20.6200008392334,18.68350601196289,189430,JYOTISTRUC
2004-04-20,20.39999961853028,20.790000915527344,20.030000686645508,20.38999938964844,18.4751033782959,18675,JYOTISTRUC
2004-04-21,20.600000381469727,21.299999237060547,20.51000022888184,21.020000457763672,19.045936584472656,44860,JYOTISTRUC
2004-04-22,21.0,21.799999237060547,20.700000762939453,21.520000457763672,19.49898338317871,329665,JYOTISTRUC
2004-04-23,21.39999961853028,21.39999961853028,20.39999961853028,20.63999938964844,18.70162582397461,77885,JYOTISTRUC
2004-04-26,20.63999938964844,20.63999938964844,20.63999938964844,20.63999938964844,18.70162582397461,0,JYOTISTRUC
2004-04-27,20.239999771118164,20.549999237060547,18.89999961853028,19.1200008392334,17.324373245239258,33370,JYOTISTRUC
2004-04-28,19.200000762939453,19.96999931335449,19.0,19.76000022888184,17.90427017211914,59410,JYOTISTRUC
2004-04-29,19.600000381469727,20.63999938964844,19.309999465942383,19.46999931335449,17.641502380371094,76825,JYOTISTRUC
2004-04-30,19.700000762939453,19.799999237060547,19.39999961853028,19.440000534057617,17.61432456970215,14100,JYOTISTRUC
2004-05-03,20.200000762939453,20.200000762939453,18.40999984741211,18.6200008392334,16.8713321685791,107625,JYOTISTRUC
2004-05-04,19.32999992370605,19.600000381469727,18.81999969482422,19.26000022888184,17.45122528076172,32265,JYOTISTRUC
2004-05-05,19.39999961853028,19.59000015258789,19.0,19.290000915527344,17.478410720825195,15620,JYOTISTRUC
2004-05-06,19.59000015258789,20.3799991607666,19.299999237060547,19.3700008392334,17.5508975982666,19775,JYOTISTRUC
2004-05-07,19.21999931335449,19.21999931335449,18.600000381469727,18.700000762939453,16.943817138671875,21375,JYOTISTRUC
2004-05-10,18.5,18.959999084472656,17.799999237060547,18.63999938964844,16.889450073242188,21330,JYOTISTRUC
2004-05-11,17.959999084472656,18.299999237060547,17.600000381469727,17.829999923706055,16.155519485473633,77665,JYOTISTRUC
2004-05-12,18.0,18.0,17.56999969482422,17.889999389648438,16.209888458251953,17790,JYOTISTRUC
2004-05-13,17.799999237060547,18.790000915527344,17.100000381469727,18.57999992370605,16.835084915161133,22880,JYOTISTRUC
2004-05-14,18.1200008392334,18.200000762939453,15.0,15.670000076293944,14.19837474822998,34145,JYOTISTRUC
2004-05-17,13.789999961853027,14.0,12.539999961853027,13.0,11.779125213623049,119215,JYOTISTRUC
2004-05-18,12.600000381469728,14.5,12.600000381469728,13.5,12.232166290283203,79520,JYOTISTRUC
2004-05-19,15.600000381469728,15.600000381469728,13.9399995803833,14.270000457763672,12.929853439331056,74235,JYOTISTRUC
2004-05-20,14.5,15.579999923706056,14.5,15.0,13.591297149658203,56555,JYOTISTRUC
2004-05-21,14.0,14.399999618530272,13.81999969482422,13.880000114440918,12.5764799118042,46585,JYOTISTRUC
2004-05-24,14.100000381469728,15.09000015258789,14.050000190734863,14.93000030517578,13.527872085571287,76415,JYOTISTRUC
2004-05-25,15.0,15.0,14.529999732971191,14.859999656677246,13.464445114135742,16295,JYOTISTRUC
2004-05-26,15.579999923706056,16.399999618530273,15.43000030517578,15.579999923706056,14.116828918457031,82680,JYOTISTRUC
2004-05-27,15.449999809265137,15.600000381469728,15.100000381469728,15.399999618530272,13.953730583190918,30635,JYOTISTRUC
2004-05-28,15.199999809265137,15.199999809265137,13.399999618530272,13.529999732971191,12.259349822998049,111710,JYOTISTRUC
2004-05-31,13.039999961853027,13.279999732971191,12.199999809265137,12.710000038146973,11.516358375549316,50415,JYOTISTRUC
2004-06-01,13.789999961853027,13.800000190734863,12.600000381469728,12.68000030517578,11.489176750183104,69790,JYOTISTRUC
2004-06-02,12.960000038146973,12.960000038146973,12.399999618530272,12.449999809265137,11.280776977539062,28495,JYOTISTRUC
2004-06-03,12.720000267028809,13.199999809265137,12.270000457763672,12.630000114440918,11.443872451782228,116535,JYOTISTRUC
2004-06-04,13.199999809265137,13.199999809265137,12.420000076293944,12.550000190734863,11.371384620666504,81455,JYOTISTRUC
2004-06-07,12.800000190734863,12.800000190734863,11.279999732971191,11.5,10.419995307922363,99590,JYOTISTRUC
2004-06-08,11.600000381469728,11.600000381469728,11.149999618530272,11.229999542236328,10.175350189208984,96085,JYOTISTRUC
2004-06-09,11.350000381469728,11.350000381469728,10.960000038146973,11.029999732971191,9.994132041931152,64560,JYOTISTRUC
2004-06-10,10.84000015258789,12.5600004196167,10.729999542236328,11.739999771118164,10.637454986572266,253140,JYOTISTRUC
2004-06-11,12.09000015258789,12.09000015258789,11.449999809265137,11.65999984741211,10.564969062805176,143305,JYOTISTRUC
2004-06-14,11.800000190734863,11.800000190734863,10.920000076293944,11.039999961853027,10.003193855285645,28455,JYOTISTRUC
2004-06-15,11.109999656677246,11.489999771118164,11.010000228881836,11.329999923706056,10.26595973968506,39865,JYOTISTRUC
2004-06-16,11.5,11.649999618530272,11.460000038146973,11.550000190734863,10.465298652648926,37475,JYOTISTRUC
2004-06-17,11.199999809265137,11.800000190734863,10.960000038146973,11.130000114440918,10.08474349975586,37745,JYOTISTRUC
2004-06-18,12.0,12.0,10.960000038146973,11.130000114440918,10.08474349975586,38840,JYOTISTRUC
2004-06-21,11.119999885559082,11.199999809265137,10.920000076293944,10.989999771118164,9.957889556884766,12610,JYOTISTRUC
2004-06-22,10.800000190734863,10.970000267028809,10.649999618530272,10.779999732971191,9.76761245727539,8580,JYOTISTRUC
2004-06-23,10.359999656677246,10.649999618530272,10.359999656677246,10.460000038146973,9.477664947509766,37365,JYOTISTRUC
2004-06-24,10.210000038146973,10.68000030517578,10.199999809265137,10.5,9.513907432556152,16300,JYOTISTRUC
2004-06-25,10.5,11.0,10.5,10.890000343322754,9.86728286743164,23865,JYOTISTRUC
2004-06-28,11.18000030517578,11.699999809265137,10.81999969482422,11.350000381469728,10.28408145904541,62065,JYOTISTRUC
2004-06-29,11.600000381469728,12.31999969482422,11.600000381469728,12.039999961853027,10.909279823303224,82030,JYOTISTRUC
2004-06-30,12.039999961853027,12.359999656677246,11.779999732971191,11.970000267028809,10.845854759216309,49865,JYOTISTRUC
2004-07-01,11.979999542236328,12.130000114440918,11.800000190734863,11.970000267028809,10.845854759216309,22050,JYOTISTRUC
2004-07-02,12.170000076293944,12.170000076293944,11.899999618530272,11.93000030517578,10.809613227844238,8850,JYOTISTRUC
2004-07-05,11.40999984741211,12.09000015258789,11.40999984741211,11.880000114440918,10.764307975769045,14455,JYOTISTRUC
2004-07-06,11.899999618530272,12.170000076293944,11.899999618530272,12.119999885559082,10.981768608093262,41215,JYOTISTRUC
2004-07-07,12.220000267028809,13.31999969482422,12.220000267028809,13.0600004196167,11.833489418029783,221565,JYOTISTRUC
2004-07-08,13.399999618530272,14.399999618530272,12.40999984741211,12.850000381469728,11.643211364746094,334835,JYOTISTRUC
2004-07-09,13.0,13.0,12.460000038146973,12.68000030517578,11.489176750183104,70700,JYOTISTRUC
2004-07-12,12.81999969482422,13.0,12.539999961853027,12.779999732971191,11.57978630065918,33960,JYOTISTRUC
2004-07-13,12.6899995803833,12.75,12.199999809265137,12.34000015258789,11.181108474731444,23410,JYOTISTRUC
2004-07-14,12.300000190734863,12.6899995803833,12.210000038146973,12.229999542236328,11.08143711090088,20180,JYOTISTRUC
2004-07-15,12.25,12.899999618530272,12.25,12.779999732971191,11.57978630065918,28325,JYOTISTRUC
2004-07-16,12.899999618530272,14.199999809265137,12.800000190734863,14.0,12.685210227966309,203940,JYOTISTRUC
2004-07-19,14.170000076293944,14.779999732971191,13.81999969482422,14.119999885559082,12.793940544128418,142265,JYOTISTRUC
2004-07-20,13.800000190734863,14.09000015258789,13.5,13.710000038146973,12.422444343566896,32380,JYOTISTRUC
2004-07-21,13.550000190734863,14.0,13.520000457763672,13.84000015258789,12.540236473083496,30195,JYOTISTRUC
2004-07-22,14.199999809265137,14.600000381469728,14.050000190734863,14.260000228881836,12.920794486999512,92615,JYOTISTRUC
2004-07-23,13.81999969482422,14.5,13.31999969482422,13.989999771118164,12.676149368286133,32020,JYOTISTRUC
2004-07-26,13.0,14.5600004196167,13.0,14.239999771118164,12.902671813964844,23735,JYOTISTRUC
2004-07-27,14.050000190734863,14.399999618530272,13.800000190734863,13.899999618530272,12.59460163116455,47880,JYOTISTRUC
2004-07-28,14.0,14.0,13.699999809265137,13.75,12.458690643310549,21400,JYOTISTRUC
2004-07-29,13.800000190734863,14.399999618530272,13.800000190734863,14.170000076293944,12.839245796203612,58755,JYOTISTRUC
2004-07-30,14.579999923706056,14.600000381469728,13.699999809265137,13.979999542236328,12.667089462280272,87685,JYOTISTRUC
2004-08-02,14.100000381469728,14.350000381469728,13.600000381469728,13.970000267028809,12.658029556274414,33110,JYOTISTRUC
2004-08-03,13.729999542236328,14.199999809265137,13.729999542236328,13.979999542236328,12.667089462280272,63875,JYOTISTRUC
2004-08-04,14.300000190734863,14.300000190734863,14.079999923706056,14.25,12.911731719970703,31305,JYOTISTRUC
2004-08-05,14.199999809265137,16.0,14.020000457763672,15.619999885559082,14.153070449829102,494760,JYOTISTRUC
2004-08-06,17.0,17.0,14.9399995803833,15.09000015258789,13.672844886779783,181480,JYOTISTRUC
2004-08-09,14.600000381469728,15.039999961853027,14.420000076293944,14.920000076293944,13.51880931854248,51660,JYOTISTRUC
2004-08-10,15.380000114440918,16.3799991607666,15.300000190734863,16.139999389648438,14.624235153198242,534255,JYOTISTRUC
2004-08-11,16.450000762939453,16.450000762939453,14.720000267028809,14.899999618530272,13.500687599182127,247970,JYOTISTRUC
2004-08-12,14.979999542236328,15.0,14.279999732971191,14.390000343322754,13.03858470916748,100870,JYOTISTRUC
2004-08-13,14.199999809265137,15.050000190734863,14.199999809265137,14.880000114440918,13.482566833496094,115795,JYOTISTRUC
2004-08-16,15.380000114440918,15.800000190734863,14.5,15.65999984741211,14.189312934875488,115645,JYOTISTRUC
2004-08-17,16.299999237060547,16.600000381469727,15.600000381469728,15.699999809265137,14.225557327270508,73085,JYOTISTRUC
2004-08-18,16.0,16.0,15.399999618530272,15.479999542236328,14.02621841430664,10055,JYOTISTRUC
2004-08-19,15.899999618530272,15.899999618530272,15.399999618530272,15.460000038146973,14.008096694946287,13705,JYOTISTRUC
2004-08-20,15.399999618530272,15.399999618530272,15.100000381469728,15.210000038146973,13.781576156616213,42370,JYOTISTRUC
2004-08-23,15.100000381469728,15.600000381469728,14.949999809265137,15.0,13.591297149658203,59745,JYOTISTRUC
2004-08-24,14.979999542236328,15.40999984741211,14.760000228881836,15.279999732971191,13.845000267028809,22855,JYOTISTRUC
2004-08-25,15.4399995803833,15.81999969482422,15.130000114440918,15.579999923706056,14.116828918457031,41545,JYOTISTRUC
2004-08-26,15.979999542236328,17.0,15.979999542236328,16.40999984741211,14.868879318237305,554550,JYOTISTRUC
2004-08-27,16.920000076293945,17.600000381469727,16.8799991607666,17.149999618530273,15.539383888244627,483890,JYOTISTRUC
2004-08-30,17.290000915527344,18.229999542236328,17.040000915527344,17.639999389648438,15.983362197875977,570040,JYOTISTRUC
2004-08-31,18.0,18.200000762939453,17.399999618530273,17.979999542236328,16.291433334350586,237465,JYOTISTRUC
2004-09-01,18.799999237060547,18.86000061035156,17.8700008392334,18.07999992370605,16.382043838500977,509195,JYOTISTRUC
2004-09-02,18.0,18.350000381469727,16.600000381469727,17.239999771118164,15.620932579040527,332495,JYOTISTRUC
2004-09-03,17.780000686645508,18.479999542236328,17.18000030517578,18.100000381469727,16.400163650512695,605335,JYOTISTRUC
2004-09-06,18.350000381469727,20.07999992370605,18.21999931335449,19.780000686645508,17.92238998413086,1019870,JYOTISTRUC
2004-09-07,20.200000762939453,20.780000686645508,19.549999237060547,19.68000030517578,17.8317813873291,795400,JYOTISTRUC
2004-09-08,19.81999969482422,19.989999771118164,19.0,19.1299991607666,17.33343505859375,227010,JYOTISTRUC
2004-09-09,19.489999771118164,19.600000381469727,18.40999984741211,18.8799991607666,17.106914520263672,204315,JYOTISTRUC
2004-09-10,19.36000061035156,19.39999961853028,18.6200008392334,18.799999237060547,17.034425735473633,144445,JYOTISTRUC
2004-09-13,18.979999542236328,19.39999961853028,18.809999465942383,19.059999465942383,17.270008087158203,238870,JYOTISTRUC
2004-09-14,18.88999938964844,19.0,18.25,18.43000030517578,16.699174880981445,113345,JYOTISTRUC
2004-09-15,18.549999237060547,18.559999465942383,18.020000457763672,18.229999542236328,16.51795768737793,119930,JYOTISTRUC
2004-09-16,18.739999771118164,20.190000534057617,18.200000762939453,19.8700008392334,18.003936767578125,563595,JYOTISTRUC
2004-09-17,20.200000762939453,21.170000076293945,20.01000022888184,20.290000915527344,18.384492874145508,756865,JYOTISTRUC
2004-09-20,20.68000030517578,21.5,20.14999961853028,20.350000381469727,18.438861846923828,1019640,JYOTISTRUC
2004-09-21,20.559999465942383,21.5,20.5,20.64999961853028,18.71068572998047,817930,JYOTISTRUC
2004-09-22,20.959999084472656,21.09000015258789,20.270000457763672,20.420000076293945,18.50228500366211,533655,JYOTISTRUC
2004-09-23,20.46999931335449,20.57999992370605,19.700000762939453,19.809999465942383,17.949569702148438,201325,JYOTISTRUC
2004-09-24,19.979999542236328,20.39999961853028,19.6200008392334,19.690000534057617,17.840843200683594,141920,JYOTISTRUC
2004-09-27,19.799999237060547,20.200000762939453,19.700000762939453,19.88999938964844,18.02205848693848,156745,JYOTISTRUC
2004-09-28,20.13999938964844,20.15999984741211,19.559999465942383,19.63999938964844,17.7955379486084,62775,JYOTISTRUC
2004-09-29,19.420000076293945,20.049999237060547,19.420000076293945,19.850000381469727,17.985816955566406,108170,JYOTISTRUC
2004-09-30,20.3799991607666,21.0,19.799999237060547,20.71999931335449,18.774112701416016,345775,JYOTISTRUC
2004-10-01,20.31999969482422,20.799999237060547,20.0,20.1299991607666,18.23951911926269,142960,JYOTISTRUC
2004-10-04,20.200000762939453,21.65999984741211,20.100000381469727,21.290000915527344,19.29058074951172,601920,JYOTISTRUC
2004-10-05,21.559999465942383,22.170000076293945,21.200000762939453,21.68000030517578,19.64395523071289,649435,JYOTISTRUC
2004-10-06,21.780000686645508,21.809999465942383,20.600000381469727,20.979999542236328,19.00969123840332,325660,JYOTISTRUC
2004-10-07,20.299999237060547,21.540000915527344,20.299999237060547,21.239999771118164,19.245275497436523,217330,JYOTISTRUC
2004-10-08,21.39999961853028,21.5,20.799999237060547,20.88999938964844,18.92814826965332,163595,JYOTISTRUC
2004-10-11,21.39999961853028,21.979999542236328,21.0,21.030000686645508,19.05500030517578,177965,JYOTISTRUC
2004-10-12,21.21999931335449,21.39999961853028,20.36000061035156,20.520000457763672,18.5928955078125,152620,JYOTISTRUC
2004-10-13,20.520000457763672,20.520000457763672,20.520000457763672,20.520000457763672,18.5928955078125,0,JYOTISTRUC
2004-10-14,21.600000381469727,21.600000381469727,20.299999237060547,20.57999992370605,18.64725875854492,46510,JYOTISTRUC
2004-10-15,20.700000762939453,20.8799991607666,20.450000762939453,20.520000457763672,18.5928955078125,53880,JYOTISTRUC
2004-10-18,21.0,21.0,20.299999237060547,20.489999771118164,18.565710067749023,71470,JYOTISTRUC
2004-10-19,20.36000061035156,21.809999465942383,20.36000061035156,21.11000061035156,19.127487182617188,503380,JYOTISTRUC
2004-10-20,21.36000061035156,21.959999084472656,20.559999465942383,20.86000061035156,18.90096473693848,484565,JYOTISTRUC
2004-10-21,20.959999084472656,21.0,20.5,20.700000762939453,18.75598907470703,115255,JYOTISTRUC
2004-10-22,20.700000762939453,20.700000762939453,20.700000762939453,20.700000762939453,18.75598907470703,0,JYOTISTRUC
2004-10-25,20.799999237060547,20.959999084472656,20.39999961853028,20.530000686645508,18.60195541381836,104500,JYOTISTRUC
2004-10-26,20.39999961853028,20.600000381469727,20.299999237060547,20.43000030517578,18.511348724365234,41615,JYOTISTRUC
2004-10-27,20.450000762939453,20.75,20.200000762939453,20.31999969482422,18.41167640686035,78665,JYOTISTRUC
2004-10-28,20.600000381469727,22.6200008392334,20.40999984741211,21.88999938964844,19.834228515625,653315,JYOTISTRUC
2004-10-29,21.75,22.0,20.229999542236328,20.46999931335449,18.547590255737305,450150,JYOTISTRUC
2004-11-01,21.34000015258789,21.34000015258789,20.1299991607666,20.239999771118164,18.339189529418945,142890,JYOTISTRUC
2004-11-02,20.39999961853028,21.39999961853028,20.39999961853028,20.86000061035156,18.90096473693848,333095,JYOTISTRUC
2004-11-03,20.86000061035156,21.68000030517578,20.420000076293945,20.739999771118164,18.792236328125,303835,JYOTISTRUC
2004-11-04,21.280000686645508,21.459999084472656,20.799999237060547,20.950000762939453,18.982511520385746,439065,JYOTISTRUC
2004-11-05,21.0,22.479999542236328,20.81999969482422,22.01000022888184,19.942964553833008,778995,JYOTISTRUC
2004-11-08,22.200000762939453,23.1200008392334,21.850000381469727,22.0,19.933900833129883,806610,JYOTISTRUC
2004-11-09,22.100000381469727,22.100000381469727,21.13999938964844,21.26000022888184,19.263397216796875,166540,JYOTISTRUC
2004-11-10,21.57999992370605,21.709999084472656,21.030000686645508,21.190000534057617,19.19997215270996,164625,JYOTISTRUC
2004-11-11,21.39999961853028,24.0,20.84000015258789,23.520000457763672,21.311153411865234,1514750,JYOTISTRUC
2004-11-12,23.780000686645508,25.540000915527344,23.780000686645508,25.14999961853028,22.788074493408203,1242255,JYOTISTRUC
2004-11-15,25.14999961853028,25.14999961853028,25.14999961853028,25.14999961853028,22.788074493408203,0,JYOTISTRUC
2004-11-16,25.479999542236328,25.600000381469727,23.82999992370605,24.270000457763672,21.99072265625,1012125,JYOTISTRUC
2004-11-17,25.39999961853028,29.1299991607666,25.39999961853028,29.1299991607666,26.3942985534668,2872815,JYOTISTRUC
2004-11-18,30.959999084472656,32.290000915527344,29.07999992370605,29.39999961853028,26.63894271850586,5259575,JYOTISTRUC
2004-11-19,29.5,29.5,27.299999237060547,27.729999542236328,25.12577438354492,1501740,JYOTISTRUC
2004-11-22,27.799999237060547,29.059999465942383,26.209999084472656,28.559999465942383,25.87782859802246,2447460,JYOTISTRUC
2004-11-23,28.940000534057617,31.479999542236328,28.799999237060547,29.76000022888184,26.965133666992188,3134050,JYOTISTRUC
2004-11-24,30.200000762939453,30.520000457763672,29.0,29.100000381469727,26.367116928100582,1060265,JYOTISTRUC
2004-11-25,29.15999984741211,29.959999084472656,27.479999542236328,27.89999961853028,25.279809951782227,705400,JYOTISTRUC
2004-11-26,27.89999961853028,27.89999961853028,27.89999961853028,27.89999961853028,25.279809951782227,0,JYOTISTRUC
2004-11-29,28.100000381469727,28.700000762939453,27.71999931335449,28.020000457763672,25.3885440826416,591135,JYOTISTRUC
2004-11-30,27.96999931335449,28.950000762939453,27.0,27.200000762939453,24.645551681518555,694795,JYOTISTRUC
2004-12-01,27.39999961853028,27.549999237060547,26.799999237060547,26.8799991607666,24.355602264404297,367595,JYOTISTRUC
2004-12-02,27.200000762939453,27.780000686645508,26.450000762939453,26.690000534057617,24.18344688415528,457965,JYOTISTRUC
2004-12-03,26.89999961853028,28.0,26.799999237060547,27.350000381469727,24.781465530395508,586290,JYOTISTRUC
2004-12-06,28.0,29.850000381469727,27.600000381469727,28.84000015258789,26.13153648376465,1574315,JYOTISTRUC
2004-12-07,29.420000076293945,29.520000457763672,28.020000457763672,28.170000076293945,25.52445602416992,602820,JYOTISTRUC
2004-12-08,28.299999237060547,28.799999237060547,27.479999542236328,27.809999465942383,25.1982650756836,224230,JYOTISTRUC
2004-12-09,28.39999961853028,28.600000381469727,27.920000076293945,28.200000762939453,25.55163955688477,179675,JYOTISTRUC
2004-12-10,28.39999961853028,30.0,28.39999961853028,29.780000686645508,26.98325538635254,1171820,JYOTISTRUC
2004-12-13,30.0,30.700000762939453,29.700000762939453,29.809999465942383,27.01043701171875,676150,JYOTISTRUC
2004-12-14,30.0,30.43000030517578,29.81999969482422,30.229999542236328,27.39099502563477,437370,JYOTISTRUC
2004-12-15,30.799999237060547,30.799999237060547,29.01000022888184,29.299999237060547,26.54833030700684,212830,JYOTISTRUC
2004-12-16,29.600000381469727,29.600000381469727,28.799999237060547,29.290000915527344,26.53927421569824,143355,JYOTISTRUC
2004-12-17,29.440000534057617,29.440000534057617,28.39999961853028,28.600000381469727,25.914072036743164,142380,JYOTISTRUC
2004-12-20,29.200000762939453,29.299999237060547,28.309999465942383,28.479999542236328,25.805343627929688,138865,JYOTISTRUC
2004-12-21,28.89999961853028,29.170000076293945,28.39999961853028,28.559999465942383,25.87782859802246,113215,JYOTISTRUC
2004-12-22,29.0,29.0,27.71999931335449,27.90999984741211,25.28887367248535,94110,JYOTISTRUC
2004-12-23,28.200000762939453,29.68000030517578,28.100000381469727,28.68000030517578,25.986560821533203,396740,JYOTISTRUC
2004-12-24,29.0,29.059999465942383,28.39999961853028,28.549999237060547,25.868770599365234,101065,JYOTISTRUC
2004-12-27,28.799999237060547,29.0,28.0,28.26000022888184,25.60600471496582,154515,JYOTISTRUC
2004-12-28,28.600000381469727,28.979999542236328,28.0,28.059999465942383,25.424787521362305,146620,JYOTISTRUC
2004-12-29,28.559999465942383,30.65999984741211,27.76000022888184,30.32999992370605,27.48160552978516,2786020,JYOTISTRUC
2004-12-30,31.280000686645508,31.280000686645508,28.780000686645508,29.43000030517578,26.666128158569336,1089345,JYOTISTRUC
2004-12-31,29.790000915527344,30.0,29.170000076293945,29.770000457763672,26.97419166564941,299510,JYOTISTRUC
2005-01-03,30.0,30.13999938964844,29.100000381469727,29.299999237060547,26.54833030700684,176850,JYOTISTRUC
2005-01-04,29.39999961853028,29.39999961853028,28.39999961853028,28.61000061035156,25.92313766479492,212530,JYOTISTRUC
2005-01-05,31.600000381469727,31.600000381469727,27.420000076293945,28.170000076293945,25.52445602416992,209885,JYOTISTRUC
2005-01-06,27.43000030517578,28.57999992370605,26.600000381469727,27.71999931335449,25.116718292236328,114510,JYOTISTRUC
2005-01-07,27.299999237060547,28.200000762939453,27.299999237060547,27.6200008392334,25.02610969543457,58940,JYOTISTRUC
2005-01-10,28.0,28.39999961853028,26.420000076293945,26.950000762939453,24.41903114318848,94100,JYOTISTRUC
2005-01-11,27.6200008392334,27.63999938964844,26.200000762939453,26.38999938964844,23.91162300109864,185265,JYOTISTRUC
2005-01-12,26.0,26.670000076293945,24.959999084472656,25.030000686645508,22.679344177246094,228225,JYOTISTRUC
2005-01-13,25.420000076293945,26.0,24.6200008392334,25.13999938964844,22.77901268005371,167480,JYOTISTRUC
2005-01-14,25.8799991607666,25.8799991607666,24.420000076293945,24.82999992370605,22.49812698364257,93620,JYOTISTRUC
2005-01-17,25.18000030517578,25.39999961853028,24.0,25.229999542236328,22.860559463500977,73655,JYOTISTRUC
2005-01-18,25.39999961853028,25.799999237060547,25.200000762939453,25.280000686645508,22.905866622924805,76145,JYOTISTRUC
2005-01-19,25.39999961853028,25.559999465942383,24.5,24.63999938964844,22.32596778869629,125710,JYOTISTRUC
2005-01-20,25.270000457763672,25.270000457763672,24.209999084472656,24.309999465942383,22.02696418762207,79425,JYOTISTRUC
2005-01-24,23.799999237060547,25.0,23.0,23.76000022888184,21.52861595153809,69085,JYOTISTRUC
2005-01-25,23.200000762939453,24.989999771118164,22.989999771118164,24.299999237060547,22.017900466918945,328205,JYOTISTRUC
2005-01-27,24.420000076293945,25.39999961853028,24.18000030517578,24.940000534057617,22.59779930114746,237190,JYOTISTRUC
2005-01-28,25.600000381469727,26.799999237060547,25.200000762939453,25.979999542236328,23.54012680053711,570635,JYOTISTRUC
2005-01-31,26.799999237060547,27.8799991607666,26.020000457763672,27.43000030517578,24.85395622253418,305275,JYOTISTRUC
2005-02-01,27.5,28.39999961853028,27.39999961853028,27.88999938964844,25.270751953125,256275,JYOTISTRUC
2005-02-02,27.299999237060547,31.989999771118164,27.299999237060547,31.39999961853028,28.451114654541016,2430585,JYOTISTRUC
2005-02-03,31.39999961853028,33.599998474121094,31.1200008392334,31.51000022888184,28.5507869720459,1579705,JYOTISTRUC
2005-02-04,31.600000381469727,33.5,30.3799991607666,33.060001373291016,29.955219268798828,1520325,JYOTISTRUC
2005-02-07,33.70000076293945,34.58000183105469,32.310001373291016,32.529998779296875,29.474994659423828,1158040,JYOTISTRUC
2005-02-08,32.79999923706055,34.400001525878906,31.600000381469727,33.97999954223633,30.788816452026367,1379895,JYOTISTRUC
2005-02-09,34.790000915527344,36.43999862670898,33.79999923706055,35.2400016784668,31.93049430847168,1351555,JYOTISTRUC
2005-02-10,35.68000030517578,35.68000030517578,33.79999923706055,34.189998626708984,30.97909545898437,373840,JYOTISTRUC
2005-02-11,34.099998474121094,35.189998626708984,33.20000076293945,33.70000076293945,30.53511428833008,403965,JYOTISTRUC
2005-02-14,33.70000076293945,34.400001525878906,33.0,33.279998779296875,30.15455818176269,239695,JYOTISTRUC
2005-02-15,33.279998779296875,33.369998931884766,31.65999984741211,31.90999984741211,28.913219451904297,394740,JYOTISTRUC
2005-02-16,32.400001525878906,33.0,31.64999961853028,31.90999984741211,28.913219451904297,354840,JYOTISTRUC
2005-02-17,32.400001525878906,34.09000015258789,31.600000381469727,33.709999084472656,30.544172286987305,359505,JYOTISTRUC
2005-02-18,33.400001525878906,34.68000030517578,32.52000045776367,32.86000061035156,29.774002075195312,400560,JYOTISTRUC
2005-02-21,33.189998626708984,33.58000183105469,32.20000076293945,32.959999084472656,29.86461067199707,263095,JYOTISTRUC
2005-02-22,32.88999938964844,35.0,32.88999938964844,34.630001068115234,31.377779006958008,795715,JYOTISTRUC
2005-02-23,34.900001525878906,35.18000030517578,33.86000061035156,34.15999984741211,30.951913833618164,569645,JYOTISTRUC
2005-02-24,34.540000915527344,36.400001525878906,34.220001220703125,35.2400016784668,31.93049430847168,1355870,JYOTISTRUC
2005-02-25,35.58000183105469,36.79999923706055,35.189998626708984,35.36000061035156,32.03921890258789,1082570,JYOTISTRUC
2005-02-28,35.79999923706055,36.5,35.02000045776367,35.29999923706055,31.98485565185547,777950,JYOTISTRUC
2005-03-01,35.70000076293945,37.36000061035156,34.220001220703125,34.349998474121094,31.124067306518555,1639430,JYOTISTRUC
2005-03-02,35.0,35.41999816894531,34.119998931884766,34.380001068115234,31.15125846862793,491805,JYOTISTRUC
2005-03-03,34.93000030517578,35.79999923706055,34.79999923706055,35.56999969482422,32.22949981689453,567920,JYOTISTRUC
2005-03-04,35.97999954223633,37.880001068115234,34.959999084472656,36.7599983215332,33.3077392578125,1739465,JYOTISTRUC
2005-03-07,37.5,38.18000030517578,36.59999847412109,37.31999969482422,33.81514358520508,1065730,JYOTISTRUC
2005-03-08,37.97999954223633,39.18999862670898,37.20000076293945,38.59999847412109,34.97492980957031,1961250,JYOTISTRUC
2005-03-09,39.0,40.36000061035156,37.20000076293945,37.540000915527344,34.014488220214844,1996050,JYOTISTRUC
2005-03-10,38.0,38.97999954223633,37.02999877929688,38.150001525878906,34.567195892333984,850350,JYOTISTRUC
2005-03-11,38.52999877929688,38.70000076293945,36.41999816894531,36.90999984741211,33.44365692138672,641920,JYOTISTRUC
2005-03-14,36.0,37.61000061035156,35.720001220703125,36.18999862670898,32.791263580322266,490515,JYOTISTRUC
2005-03-15,36.540000915527344,36.79999923706055,36.0,36.310001373291016,32.900001525878906,352640,JYOTISTRUC
2005-03-16,36.36000061035156,37.310001373291016,36.36000061035156,37.06999969482422,33.588623046875,326145,JYOTISTRUC
2005-03-17,37.58000183105469,37.58000183105469,35.0,35.56999969482422,32.22949981689453,252840,JYOTISTRUC
2005-03-18,35.599998474121094,35.599998474121094,33.650001525878906,35.09000015258789,31.794574737548828,371275,JYOTISTRUC
2005-03-21,35.2400016784668,35.380001068115234,32.79999923706055,33.27000045776367,30.145492553710938,249015,JYOTISTRUC
2005-03-22,33.27000045776367,34.040000915527344,32.45000076293945,33.060001373291016,29.955219268798828,327460,JYOTISTRUC
2005-03-23,32.83000183105469,34.0,31.239999771118164,31.780000686645508,28.795429229736328,346580,JYOTISTRUC
2005-03-24,31.989999771118164,32.58000183105469,30.8700008392334,31.09000015258789,28.170228958129883,424685,JYOTISTRUC
2005-03-28,31.200000762939453,33.79999923706055,31.200000762939453,32.459999084472656,29.41156578063965,363905,JYOTISTRUC
2005-03-29,32.790000915527344,32.790000915527344,30.89999961853028,31.25,28.315200805664062,305080,JYOTISTRUC
2005-03-30,31.770000457763672,33.54999923706055,31.39999961853028,32.90999984741211,29.819307327270508,281140,JYOTISTRUC
2005-03-31,33.02000045776367,34.88999938964844,33.02000045776367,33.900001525878906,30.7163314819336,404160,JYOTISTRUC
2005-04-01,34.29999923706055,35.560001373291016,33.84000015258789,34.84000015258789,31.568050384521484,465385,JYOTISTRUC
2005-04-04,35.52000045776367,36.27999877929688,34.400001525878906,35.470001220703125,32.13888931274414,377825,JYOTISTRUC
2005-04-05,35.599998474121094,36.09999847412109,34.599998474121094,34.959999084472656,31.67678451538086,266350,JYOTISTRUC
2005-04-06,35.38999938964844,38.70000076293945,35.040000915527344,37.81999969482422,34.26819610595703,1893095,JYOTISTRUC
2005-04-07,38.79999923706055,39.29999923706055,37.31999969482422,37.68000030517578,34.1413459777832,1190945,JYOTISTRUC
2005-04-08,38.15999984741211,38.15999984741211,36.29999923706055,36.619998931884766,33.18088150024414,334445,JYOTISTRUC
2005-04-11,36.880001068115234,36.880001068115234,35.40999984741211,36.22999954223633,32.8275146484375,246015,JYOTISTRUC
2005-04-12,36.560001373291016,36.58000183105469,35.43000030517578,35.720001220703125,32.365413665771484,164540,JYOTISTRUC
2005-04-13,36.20000076293945,37.0,36.040000915527344,36.59000015258789,33.153709411621094,429350,JYOTISTRUC
2005-04-15,36.5,36.880001068115234,35.20000076293945,35.72999954223633,32.37446212768555,342275,JYOTISTRUC
2005-04-18,35.0,35.29999923706055,30.0,34.060001373291016,30.86130714416504,276580,JYOTISTRUC
2005-04-19,34.77000045776367,35.97999954223633,34.0,34.18000030517578,30.97003746032715,244385,JYOTISTRUC
2005-04-20,34.68000030517578,35.20000076293945,33.83000183105469,34.79999923706055,31.53180885314941,151495,JYOTISTRUC
2005-04-21,31.0,36.900001525878906,31.0,36.040000915527344,32.655357360839844,698315,JYOTISTRUC
2005-04-22,36.59999847412109,37.20000076293945,36.459999084472656,36.77000045776367,33.316795349121094,466920,JYOTISTRUC
2005-04-25,36.5,36.5,35.68000030517578,35.810001373291016,32.446956634521484,195495,JYOTISTRUC
2005-04-26,36.040000915527344,37.380001068115234,36.040000915527344,36.36000061035156,32.945308685302734,275100,JYOTISTRUC
2005-04-27,36.52000045776367,36.65999984741211,35.29999923706055,35.59000015258789,32.247615814208984,149270,JYOTISTRUC
2005-04-28,35.70000076293945,36.38999938964844,35.5,35.810001373291016,32.446956634521484,120070,JYOTISTRUC
2005-04-29,35.470001220703125,35.619998931884766,34.20000076293945,34.880001068115234,31.60429573059082,113240,JYOTISTRUC
2005-05-02,34.79999923706055,35.540000915527344,33.720001220703125,34.0,30.806934356689453,151975,JYOTISTRUC
2005-05-03,34.20000076293945,34.79999923706055,34.20000076293945,34.380001068115234,31.15125846862793,125355,JYOTISTRUC
2005-05-04,34.79999923706055,36.04999923706055,34.5,35.810001373291016,32.446956634521484,297970,JYOTISTRUC
2005-05-05,36.34999847412109,36.79999923706055,35.619998931884766,36.15999984741211,32.76408767700195,375985,JYOTISTRUC
2005-05-06,36.20000076293945,36.20000076293945,34.79999923706055,35.68000030517578,32.32916641235352,128810,JYOTISTRUC
2005-05-09,35.79999923706055,37.20000076293945,35.79999923706055,36.869998931884766,33.40740966796875,354260,JYOTISTRUC
2005-05-10,37.0,38.970001220703125,36.5,37.86000061035156,34.30443572998047,1118960,JYOTISTRUC
2005-05-11,37.59999847412109,39.400001525878906,37.0,38.40999984741211,34.80277633666992,1235315,JYOTISTRUC
2005-05-12,38.5,38.84000015258789,37.630001068115234,38.0099983215332,34.44034576416016,314690,JYOTISTRUC
2005-05-13,38.02000045776367,41.790000915527344,38.0,41.34000015258789,37.457618713378906,2496885,JYOTISTRUC
2005-05-16,42.0,42.65999984741211,41.040000915527344,41.310001373291016,37.43043899536133,1152495,JYOTISTRUC
2005-05-17,41.41999816894531,42.400001525878906,39.45000076293945,40.0,36.24345779418945,1705055,JYOTISTRUC
2005-05-18,40.0,41.09999847412109,39.5,40.400001525878906,36.60589599609375,810110,JYOTISTRUC
2005-05-19,40.93999862670898,41.77999877929688,40.630001068115234,40.93999862670898,37.09518051147461,549375,JYOTISTRUC
2005-05-20,41.09999847412109,41.34000015258789,40.02000045776367,40.27999877929688,36.49715805053711,333360,JYOTISTRUC
2005-05-23,40.790000915527344,41.959999084472656,40.29999923706055,41.41999816894531,37.53009796142578,403635,JYOTISTRUC
2005-05-24,42.0,42.59000015258789,41.400001525878906,41.59999847412109,37.69319152832031,709215,JYOTISTRUC
2005-05-25,41.79999923706055,43.7400016784668,41.41999816894531,42.95000076293945,38.91641616821289,1507160,JYOTISTRUC
2005-05-26,43.540000915527344,44.7599983215332,40.470001220703125,41.29999923706055,37.42137145996094,1560225,JYOTISTRUC
2005-05-27,41.540000915527344,41.880001068115234,39.2599983215332,39.7599983215332,36.025997161865234,920340,JYOTISTRUC
2005-05-30,40.27999877929688,40.400001525878906,38.400001525878906,39.27000045776367,35.5820198059082,551105,JYOTISTRUC
2005-05-31,39.720001220703125,40.47999954223633,38.79999923706055,40.08000183105469,36.31594467163086,409210,JYOTISTRUC
2005-06-01,40.97999954223633,41.369998931884766,40.310001373291016,40.95000076293945,37.10424423217773,334015,JYOTISTRUC
2005-06-02,41.5,41.93999862670898,40.29999923706055,40.540000915527344,36.73274612426758,404985,JYOTISTRUC
2005-06-03,41.119998931884766,41.119998931884766,40.25,40.45000076293945,36.65119171142578,161895,JYOTISTRUC
2005-06-06,40.79999923706055,41.34000015258789,40.70000076293945,41.02999877929688,37.17673110961914,225640,JYOTISTRUC
2005-06-07,41.540000915527344,43.0,40.7400016784668,41.56999969482422,37.666011810302734,743530,JYOTISTRUC
2005-06-08,41.93999862670898,42.20000076293945,41.0,41.5,37.60258102416992,355490,JYOTISTRUC
2005-06-09,41.59999847412109,42.79999923706055,41.09999847412109,42.18999862670898,38.227787017822266,550455,JYOTISTRUC
2005-06-10,42.7400016784668,42.95000076293945,41.2400016784668,41.709999084472656,37.79286956787109,212560,JYOTISTRUC
2005-06-13,41.900001525878906,42.0,40.81999969482422,41.79999923706055,37.87441253662109,231175,JYOTISTRUC
2005-06-14,41.70000076293945,41.880001068115234,41.43000030517578,41.61000061035156,37.70226287841797,155275,JYOTISTRUC
2005-06-15,41.86000061035156,42.36000061035156,40.29999923706055,40.7400016784668,36.91396331787109,174380,JYOTISTRUC
2005-06-16,41.0,41.20000076293945,39.40999984741211,39.58000183105469,35.862911224365234,226065,JYOTISTRUC
2005-06-17,39.81999969482422,40.290000915527344,37.20000076293945,39.5,35.79041290283203,334450,JYOTISTRUC
2005-06-20,40.77999877929688,40.77999877929688,38.400001525878906,38.93000030517578,35.27394485473633,322720,JYOTISTRUC
2005-06-21,39.02000045776367,40.400001525878906,38.79999923706055,39.88999938964844,36.1437873840332,202115,JYOTISTRUC
2005-06-22,40.79999923706055,40.79999923706055,39.09999847412109,39.41999816894531,35.717926025390625,184140,JYOTISTRUC
2005-06-23,39.59999847412109,40.70000076293945,39.20000076293945,40.09999847412109,36.33406829833984,222880,JYOTISTRUC
2005-06-24,40.20000076293945,40.77999877929688,39.400001525878906,39.720001220703125,35.98976135253906,322500,JYOTISTRUC
2005-06-27,40.29999923706055,41.0,39.59999847412109,39.84000015258789,36.09848403930664,252165,JYOTISTRUC
2005-06-28,40.47999954223633,40.47999954223633,38.79999923706055,39.02999877929688,35.36455535888672,159315,JYOTISTRUC
2005-06-29,39.68999862670898,39.68999862670898,37.09999847412109,37.540000915527344,34.014488220214844,343470,JYOTISTRUC
2005-06-30,37.540000915527344,38.70000076293945,37.540000915527344,37.77999877929688,34.23194122314453,199400,JYOTISTRUC
2005-07-01,38.04999923706055,45.34000015258789,38.0,45.34000015258789,41.08195877075195,3754525,JYOTISTRUC
2005-07-04,46.0,47.900001525878906,44.0099983215332,44.560001373291016,40.37520980834961,3611535,JYOTISTRUC
2005-07-05,44.880001068115234,47.290000915527344,43.63999938964844,44.880001068115234,40.6651611328125,3884760,JYOTISTRUC
2005-07-06,45.29999923706055,46.70000076293945,45.0,45.81999969482422,41.51688003540039,1516000,JYOTISTRUC
2005-07-07,46.09999847412109,47.400001525878906,44.5,45.380001068115234,41.118202209472656,1909385,JYOTISTRUC
2005-07-08,46.0,54.459999084472656,45.79999923706055,54.43000030517578,49.31828689575195,9998430,JYOTISTRUC
2005-07-11,53.77999877929688,53.77999877929688,48.86000061035156,50.83000183105469,46.05638122558594,8842330,JYOTISTRUC
2005-07-12,50.400001525878906,50.400001525878906,46.84000015258789,48.56999969482422,44.00861740112305,2512505,JYOTISTRUC
2005-07-13,49.369998931884766,49.68000030517578,47.40999984741211,47.81999969482422,43.32905578613281,1649910,JYOTISTRUC
2005-07-14,48.0,49.400001525878906,47.0,47.34000015258789,42.894134521484375,1067310,JYOTISTRUC
2005-07-15,47.65999984741211,51.970001220703125,47.5,50.209999084472656,45.49460220336914,3078060,JYOTISTRUC
2005-07-18,49.08000183105469,50.880001068115234,45.18000030517578,49.18999862670898,44.57039260864258,819105,JYOTISTRUC
2005-07-19,48.20000076293945,50.79999923706055,48.20000076293945,49.43999862670898,44.79691696166992,720045,JYOTISTRUC
2005-07-20,49.880001068115234,49.880001068115234,47.7400016784668,47.9900016784668,43.48308944702149,258925,JYOTISTRUC
2005-07-21,48.68000030517578,50.20000076293945,48.400001525878906,48.77000045776367,44.18983840942383,550045,JYOTISTRUC
2005-07-22,49.20000076293945,51.79999923706055,48.209999084472656,49.7599983215332,45.08686065673828,1202730,JYOTISTRUC
2005-07-25,49.59999847412109,50.18000030517578,48.83000183105469,49.209999084472656,44.77238464355469,291410,JYOTISTRUC
2005-07-26,49.9900016784668,51.150001525878906,49.220001220703125,49.56999969482422,45.09991455078125,809550,JYOTISTRUC
2005-07-27,48.81999969482422,50.59999847412109,48.45000076293945,49.54999923706055,45.08172225952149,368840,JYOTISTRUC
2005-07-28,49.54999923706055,49.54999923706055,49.54999923706055,49.54999923706055,45.08172225952149,0,JYOTISTRUC
2005-07-29,49.29999923706055,50.08000183105469,47.400001525878906,47.93000030517578,43.60781097412109,217365,JYOTISTRUC
2005-08-01,48.36000061035156,48.959999084472656,47.20000076293945,47.77999877929688,43.471336364746094,315230,JYOTISTRUC
2005-08-02,48.369998931884766,49.7400016784668,48.0,49.31999969482422,44.87246322631836,471100,JYOTISTRUC
2005-08-03,49.97999954223633,51.34000015258789,49.20000076293945,50.02000045776367,45.50933456420898,835010,JYOTISTRUC
2005-08-04,50.02000045776367,55.38999938964844,49.29999923706055,53.40999984741211,48.5936393737793,3407715,JYOTISTRUC
2005-08-05,53.5099983215332,57.27999877929688,51.63999938964844,54.72999954223633,49.79459762573242,4360885,JYOTISTRUC
2005-08-08,54.810001373291016,55.75,52.060001373291016,52.56999969482422,47.82938766479492,1501715,JYOTISTRUC
2005-08-09,52.0,54.900001525878906,52.0,52.84999847412109,48.084129333496094,1276855,JYOTISTRUC
2005-08-10,53.58000183105469,58.68000030517578,53.20000076293945,57.959999084472656,52.73332977294922,3075885,JYOTISTRUC
2005-08-11,58.97999954223633,60.58000183105469,57.470001220703125,58.11000061035156,52.86981201171875,1575310,JYOTISTRUC
2005-08-12,57.220001220703125,61.0099983215332,56.900001525878906,57.95000076293945,52.72422790527344,1419800,JYOTISTRUC
2005-08-16,58.5099983215332,59.18000030517578,56.0,56.29999923706055,51.2230224609375,848805,JYOTISTRUC
2005-08-17,56.45000076293945,59.119998931884766,56.209999084472656,57.5099983215332,52.32390594482422,870665,JYOTISTRUC
2005-08-18,57.79999923706055,58.65999984741211,56.2400016784668,56.56999969482422,51.46868133544922,599920,JYOTISTRUC
2005-08-19,57.060001373291016,57.68000030517578,56.40999984741211,57.369998931884766,52.196533203125,474940,JYOTISTRUC
2005-08-22,57.88999938964844,58.34999847412109,56.08000183105469,56.470001220703125,51.3776969909668,265630,JYOTISTRUC
2005-08-23,57.08000183105469,57.08000183105469,53.40999984741211,54.08000183105469,49.20322036743164,295820,JYOTISTRUC
2005-08-24,54.20000076293945,54.58000183105469,51.220001220703125,52.47999954223633,47.747501373291016,305910,JYOTISTRUC
2005-08-25,53.400001525878906,53.880001068115234,52.59999847412109,53.43999862670898,48.62092971801758,264630,JYOTISTRUC
2005-08-26,53.77999877929688,54.900001525878906,53.59999847412109,54.43999862670898,49.53075408935547,228300,JYOTISTRUC
2005-08-29,54.47999954223633,54.790000915527344,53.20000076293945,54.02999877929688,49.1577262878418,99320,JYOTISTRUC
2005-08-30,54.52000045776367,55.97999954223633,54.25,55.06999969482422,50.10394287109375,168205,JYOTISTRUC
2005-08-31,55.58000183105469,58.84000015258789,54.29999923706055,57.150001525878906,51.996376037597656,689065,JYOTISTRUC
2005-09-01,57.59999847412109,62.47999954223633,57.59999847412109,59.630001068115234,54.25273513793945,2138155,JYOTISTRUC
2005-09-02,60.209999084472656,61.0,58.41999816894531,59.310001373291016,53.96158981323242,574400,JYOTISTRUC
2005-09-05,59.75,60.77999877929688,58.400001525878906,59.04999923706055,53.725040435791016,252595,JYOTISTRUC
2005-09-06,59.20000076293945,59.20000076293945,58.02000045776367,58.470001220703125,53.19734191894531,252915,JYOTISTRUC
2005-09-08,58.0,59.560001373291016,58.0,58.29999923706055,53.04267120361328,115200,JYOTISTRUC
2005-09-09,58.79999923706055,58.79999923706055,57.33000183105469,57.880001068115234,52.66054916381836,203210,JYOTISTRUC
2005-09-12,58.0,58.59999847412109,57.02000045776367,58.27000045776367,53.015380859375,138555,JYOTISTRUC
2005-09-13,58.0,58.95000076293945,57.79999923706055,58.650001525878906,53.361114501953125,88925,JYOTISTRUC
2005-09-14,57.79999923706055,60.77999877929688,57.79999923706055,60.29999923706055,54.8623161315918,523495,JYOTISTRUC
2005-09-15,60.93999862670898,64.36000061035156,60.93999862670898,62.369998931884766,56.74565124511719,1300990,JYOTISTRUC
2005-09-16,63.400001525878906,63.63999938964844,60.459999084472656,61.29999923706055,55.77213668823242,289815,JYOTISTRUC
2005-09-19,62.0,62.0,59.86000061035156,60.47999954223633,55.02608108520508,136325,JYOTISTRUC
2005-09-20,60.20000076293945,60.5,58.43000030517578,59.29999923706055,53.95249557495117,288190,JYOTISTRUC
2005-09-21,58.97999954223633,58.97999954223633,53.0,56.93999862670898,51.80531311035156,295165,JYOTISTRUC
2005-09-22,56.0099983215332,56.97999954223633,52.0,52.68999862670898,47.93856048583984,235330,JYOTISTRUC
2005-09-23,53.20000076293945,57.36000061035156,51.0,55.93999862670898,50.89548873901367,257950,JYOTISTRUC
2005-09-26,56.68000030517578,59.959999084472656,55.400001525878906,59.38999938964844,54.03437805175781,250980,JYOTISTRUC
2005-09-27,59.38999938964844,60.0,57.59999847412109,58.15999984741211,52.91529846191406,236565,JYOTISTRUC
2005-09-28,58.7400016784668,59.02000045776367,57.20000076293945,57.72999954223633,52.52406692504883,407410,JYOTISTRUC
2005-09-29,58.0,58.0,55.0,55.4900016784668,50.48607635498047,150875,JYOTISTRUC
2005-09-30,56.0,56.70000076293945,54.59999847412109,54.900001525878906,49.94927597045898,246290,JYOTISTRUC
2005-10-03,55.47999954223633,58.380001068115234,55.459999084472656,56.93999862670898,51.80531311035156,380720,JYOTISTRUC
2005-10-04,57.47999954223633,57.91999816894531,55.08000183105469,55.9900016784668,50.94098281860352,567355,JYOTISTRUC
2005-10-05,56.47999954223633,57.20000076293945,54.79999923706055,55.81999969482422,50.78631210327149,272030,JYOTISTRUC
2005-10-06,55.0,55.900001525878906,54.0,55.02000045776367,50.05844879150391,301565,JYOTISTRUC
2005-10-07,55.09999847412109,56.400001525878906,54.79999923706055,55.93000030517578,50.88639450073242,141920,JYOTISTRUC
2005-10-10,56.119998931884766,56.59999847412109,54.02999877929688,54.52999877929688,49.612640380859375,99345,JYOTISTRUC
2005-10-11,55.0,55.0,53.0,53.86000061035156,49.00305938720703,138070,JYOTISTRUC
2005-10-13,53.59999847412109,54.20000076293945,53.29999923706055,53.369998931884766,48.5572395324707,76340,JYOTISTRUC
2005-10-14,52.13999938964844,53.18000030517578,51.61000061035156,51.91999816894531,47.23799896240234,43615,JYOTISTRUC
2005-10-17,52.0,53.040000915527344,48.040000915527344,52.61000061035156,47.86578369140625,203700,JYOTISTRUC
2005-10-18,52.650001525878906,54.0,49.59999847412109,50.880001068115234,46.29179382324219,85805,JYOTISTRUC
2005-10-19,50.400001525878906,51.970001220703125,48.400001525878906,49.060001373291016,44.63590240478516,85220,JYOTISTRUC
2005-10-20,50.59999847412109,52.970001220703125,50.400001525878906,51.97999954223633,47.2925910949707,252690,JYOTISTRUC
2005-10-21,50.79999923706055,52.79999923706055,50.0099983215332,52.16999816894531,47.4654541015625,79440,JYOTISTRUC
2005-10-24,53.380001068115234,62.040000915527344,52.20000076293945,52.7599983215332,48.00225067138672,122760,JYOTISTRUC
2005-10-25,52.7599983215332,54.0,50.400001525878906,51.060001373291016,46.4555549621582,49445,JYOTISTRUC
2005-10-26,53.59999847412109,53.59999847412109,50.400001525878906,50.83000183105469,46.24629974365234,31990,JYOTISTRUC
2005-10-27,51.02000045776367,51.52000045776367,49.0,49.130001068115234,44.69960403442383,32780,JYOTISTRUC
2005-10-28,47.209999084472656,50.0,41.11000061035156,48.38999938964844,44.02632522583008,72710,JYOTISTRUC
2005-10-31,49.900001525878906,51.970001220703125,48.36000061035156,51.13999938964844,46.52833938598633,216030,JYOTISTRUC
2005-11-02,52.79999923706055,52.79999923706055,48.400001525878906,51.93000030517578,47.247100830078125,34005,JYOTISTRUC
2005-11-04,51.93000030517578,51.93000030517578,51.93000030517578,51.93000030517578,47.247100830078125,0,JYOTISTRUC
2005-11-07,52.400001525878906,54.20000076293945,52.20000076293945,53.75,48.90298080444336,38590,JYOTISTRUC
2005-11-08,53.400001525878906,54.58000183105469,52.79999923706055,54.08000183105469,49.20322036743164,50390,JYOTISTRUC
2005-11-09,54.400001525878906,54.400001525878906,52.59999847412109,52.72999954223633,47.97495269775391,40105,JYOTISTRUC
2005-11-10,52.7400016784668,54.20000076293945,52.59999847412109,53.91999816894531,49.057647705078125,26945,JYOTISTRUC
2005-11-11,53.91999816894531,55.63999938964844,53.41999816894531,55.060001373291016,50.094844818115234,117525,JYOTISTRUC
2005-11-14,55.59999847412109,57.68000030517578,54.93000030517578,55.68999862670898,50.66802978515625,201385,JYOTISTRUC
2005-11-16,55.810001373291016,56.369998931884766,55.0,55.709999084472656,50.68622589111328,77665,JYOTISTRUC
2005-11-17,57.84000015258789,58.20000076293945,55.20000076293945,57.209999084472656,52.05096435546875,272745,JYOTISTRUC
2005-11-18,56.70000076293945,57.79999923706055,55.29999923706055,55.5099983215332,50.5042610168457,102490,JYOTISTRUC
2005-11-21,56.54999923706055,56.54999923706055,53.630001068115234,54.09000015258789,49.21231842041016,50875,JYOTISTRUC
2005-11-22,54.34000015258789,55.970001220703125,53.59999847412109,54.7400016784668,49.80370330810547,56425,JYOTISTRUC
2005-11-23,54.40999984741211,55.61000061035156,54.400001525878906,54.43999862670898,49.53075408935547,14330,JYOTISTRUC
2005-11-24,55.0,55.59000015258789,54.0,54.36000061035156,49.457969665527344,24535,JYOTISTRUC
2005-11-25,55.0,55.59999847412109,54.5,55.18999862670898,50.21311569213867,24550,JYOTISTRUC
2005-11-28,57.09000015258789,57.77000045776367,54.900001525878906,55.880001068115234,50.84090805053711,131355,JYOTISTRUC
2005-11-29,55.20000076293945,56.79999923706055,54.880001068115234,56.5,51.40499114990234,107575,JYOTISTRUC
2005-11-30,56.58000183105469,57.20000076293945,56.58000183105469,56.88999938964844,51.75981903076172,232680,JYOTISTRUC
2005-12-01,57.0,57.59000015258789,56.59999847412109,57.33000183105469,52.16014862060547,54990,JYOTISTRUC
2005-12-02,57.59999847412109,57.790000915527344,55.220001220703125,57.0099983215332,51.86899948120117,90195,JYOTISTRUC
2005-12-05,56.79999923706055,56.79999923706055,55.02000045776367,55.56999969482422,50.55885696411133,45765,JYOTISTRUC
2005-12-06,55.08000183105469,56.79999923706055,54.97999954223633,56.43000030517578,51.341304779052734,22830,JYOTISTRUC
2005-12-07,56.709999084472656,58.79999923706055,55.84999847412109,58.59000015258789,53.3065185546875,166985,JYOTISTRUC
2005-12-08,58.79999923706055,58.79999923706055,56.59999847412109,57.59000015258789,52.39670181274414,180570,JYOTISTRUC
2005-12-09,58.5,59.79999923706055,57.43000030517578,58.11000061035156,52.86981201171875,436360,JYOTISTRUC
2005-12-12,58.0,58.70000076293945,56.63999938964844,56.93000030517578,51.79621505737305,91940,JYOTISTRUC
2005-12-13,57.0,57.79999923706055,56.4900016784668,57.040000915527344,51.896297454833984,32140,JYOTISTRUC
2005-12-14,57.58000183105469,57.58000183105469,55.59999847412109,56.20000076293945,51.13204574584961,98515,JYOTISTRUC
2005-12-15,56.88999938964844,56.88999938964844,54.619998931884766,54.900001525878906,49.94927597045898,71225,JYOTISTRUC
2005-12-16,55.09999847412109,55.9900016784668,54.47999954223633,55.43999862670898,50.440574645996094,49425,JYOTISTRUC
2005-12-19,56.20000076293945,59.77999877929688,56.0,58.63999938964844,53.35200881958008,369475,JYOTISTRUC
2005-12-20,59.0,62.290000915527344,58.36000061035156,60.68999862670898,55.21714401245117,1008245,JYOTISTRUC
2005-12-21,61.02000045776367,63.560001373291016,60.59999847412109,61.119998931884766,55.60836791992188,822560,JYOTISTRUC
2005-12-22,61.79999923706055,63.900001525878906,60.66999816894531,63.060001373291016,57.37342834472656,818575,JYOTISTRUC
2005-12-23,63.59999847412109,64.0,59.52000045776367,60.040000915527344,54.625762939453125,344780,JYOTISTRUC
2005-12-26,60.400001525878906,68.44000244140625,59.79999923706055,66.22000122070312,60.24846267700195,3822230,JYOTISTRUC
2005-12-27,66.5999984741211,67.4000015258789,63.79999923706055,65.94999694824219,60.002811431884766,1831780,JYOTISTRUC
2005-12-28,65.9800033569336,69.77999877929688,64.5,68.16999816894531,62.02262878417969,2887345,JYOTISTRUC
2005-12-29,66.80000305175781,70.18000030517578,66.80000305175781,68.23999786376953,62.08631134033203,986450,JYOTISTRUC
2005-12-30,68.80000305175781,69.27999877929688,66.9000015258789,67.20999908447266,61.149192810058594,563800,JYOTISTRUC
2006-01-02,68.1500015258789,68.9000015258789,67.58999633789062,68.20999908447266,62.05900955200195,285125,JYOTISTRUC
2006-01-03,68.4000015258789,70.5,67.72000122070312,69.16999816894531,62.93244171142578,526980,JYOTISTRUC
2006-01-04,69.16000366210938,70.0,68.0199966430664,68.63999938964844,62.45025253295898,227210,JYOTISTRUC
2006-01-05,69.80000305175781,69.80000305175781,55.11000061035156,66.4800033569336,60.48502349853516,224005,JYOTISTRUC
2006-01-06,67.37999725341797,67.37999725341797,63.59999847412109,64.1500015258789,58.36513900756836,246585,JYOTISTRUC
2006-01-09,65.37999725341797,68.54000091552734,63.540000915527344,67.68000030517578,61.57680130004883,379955,JYOTISTRUC
2006-01-10,66.5999984741211,68.58999633789062,65.25,65.83999633789062,59.90273666381836,380905,JYOTISTRUC
2006-01-12,64.22000122070312,68.0,64.22000122070312,65.61000061035156,59.6934814453125,367175,JYOTISTRUC
2006-01-13,66.73999786376953,67.19000244140625,64.0,64.61000061035156,58.78365707397461,233430,JYOTISTRUC
2006-01-16,65.54000091552734,65.80000305175781,63.61000061035156,64.13999938964844,58.35603713989258,135940,JYOTISTRUC
2006-01-17,64.61000061035156,65.41999816894531,62.060001373291016,62.869998931884766,57.20055770874024,151050,JYOTISTRUC
2006-01-18,63.79999923706055,63.79999923706055,61.15999984741211,61.900001525878906,56.31803512573242,90080,JYOTISTRUC
2006-01-19,62.93999862670898,65.80000305175781,62.93999862670898,64.83000183105469,58.98381423950195,207545,JYOTISTRUC
2006-01-20,65.19999694824219,68.0,65.1500015258789,66.9800033569336,60.93994522094727,357480,JYOTISTRUC
2006-01-23,67.0,72.4800033569336,66.5999984741211,71.26000213623047,64.833984375,700930,JYOTISTRUC
2006-01-24,71.4800033569336,74.76000213623047,69.05000305175781,69.79000091552734,63.49653244018555,603945,JYOTISTRUC
2006-01-25,70.4000015258789,81.79000091552734,70.4000015258789,76.79000091552734,69.86529541015625,2944460,JYOTISTRUC
2006-01-27,77.95999908447266,78.87999725341797,74.61000061035156,75.83999633789062,69.00096893310547,596690,JYOTISTRUC
2006-01-30,76.55000305175781,79.5999984741211,73.0199966430664,74.87000274658203,68.11843872070312,576955,JYOTISTRUC
2006-01-31,75.66999816894531,78.20999908447266,74.75,76.41000366210938,69.51956939697266,653255,JYOTISTRUC
2006-02-01,77.36000061035156,77.36000061035156,74.05000305175781,74.76000213623047,68.01836395263672,423455,JYOTISTRUC
2006-02-02,74.87999725341797,76.9800033569336,74.80999755859375,76.16000366210938,69.2921142578125,379460,JYOTISTRUC
2006-02-03,77.0,77.0,75.01000213623047,75.9800033569336,69.12834167480469,125185,JYOTISTRUC
2006-02-06,75.62000274658203,80.30000305175781,75.62000274658203,76.91999816894531,69.98356628417969,425320,JYOTISTRUC
2006-02-07,78.19999694824219,83.04000091552734,74.5199966430664,75.02999877929688,68.26399993896484,233875,JYOTISTRUC
2006-02-08,76.31999969482422,77.79000091552734,73.7300033569336,74.56999969482422,67.8454818725586,274960,JYOTISTRUC
2006-02-10,75.5,76.4000015258789,75.0199966430664,75.62000274658203,68.80079650878906,230270,JYOTISTRUC
2006-02-13,75.62000274658203,77.0,74.91999816894531,75.30000305175781,68.50965881347656,123865,JYOTISTRUC
2006-02-14,76.0,76.38999938964844,72.9000015258789,74.11000061035156,67.42696380615234,120895,JYOTISTRUC
2006-02-15,74.11000061035156,75.94000244140625,73.19999694824219,73.66999816894531,67.02664947509766,110425,JYOTISTRUC
2006-02-16,74.4000015258789,74.76000213623047,73.5,74.05999755859375,67.38148498535156,111245,JYOTISTRUC
2006-02-17,75.58999633789062,78.77999877929688,73.0199966430664,75.04000091552734,68.2730941772461,458260,JYOTISTRUC
2006-02-20,76.58000183105469,76.58000183105469,71.26000213623047,71.98999786376953,65.49813842773438,249790,JYOTISTRUC
2006-02-21,73.58999633789062,77.5999984741211,73.58999633789062,76.33000183105469,69.44677734375,410120,JYOTISTRUC
2006-02-22,76.69000244140625,77.0,74.23999786376953,75.30000305175781,68.50965881347656,188570,JYOTISTRUC
2006-02-23,76.9000015258789,76.9000015258789,73.19999694824219,74.86000061035156,68.10934448242188,95125,JYOTISTRUC
2006-02-24,76.5999984741211,77.0,75.05000305175781,76.06999969482422,69.2102279663086,211825,JYOTISTRUC
2006-02-27,76.9800033569336,76.9800033569336,74.2300033569336,75.7300033569336,68.90088653564453,175330,JYOTISTRUC
2006-02-28,77.1500015258789,79.45999908447266,74.69999694824219,75.55999755859375,68.74620056152344,590685,JYOTISTRUC
2006-03-01,76.56999969482422,78.19999694824219,76.01000213623047,77.54000091552734,70.54766082763672,332760,JYOTISTRUC
2006-03-02,79.4000015258789,81.33999633789062,76.63999938964844,80.5,73.24073791503906,749785,JYOTISTRUC
2006-03-03,81.9000015258789,90.5,81.5999984741211,89.19999694824219,81.15619659423828,1648220,JYOTISTRUC
2006-03-06,90.0,92.9800033569336,87.05999755859375,92.0500030517578,83.74919891357422,1811450,JYOTISTRUC
2006-03-07,92.44000244140624,105.55999755859376,91.5999984741211,98.5999984741211,89.70852661132812,2963845,JYOTISTRUC
2006-03-08,99.54000091552734,104.95999908447266,97.0,98.48999786376952,89.60845947265625,2353200,JYOTISTRUC
2006-03-09,99.1999969482422,102.38999938964844,97.1999969482422,100.20999908447266,91.17333984375,1071135,JYOTISTRUC
2006-03-10,101.44000244140624,109.5,100.62000274658205,107.22000122070312,97.55120849609376,3404565,JYOTISTRUC
2006-03-13,108.0,117.9499969482422,107.1999969482422,113.62000274658205,103.37407684326172,5805040,JYOTISTRUC
2006-03-14,114.56999969482422,115.1999969482422,110.11000061035156,111.2699966430664,101.23599243164062,2166570,JYOTISTRUC
2006-03-16,112.33999633789062,112.5199966430664,109.0500030517578,109.41000366210938,99.5437240600586,706685,JYOTISTRUC
2006-03-17,110.1999969482422,110.1999969482422,107.1999969482422,107.54000091552734,97.84235382080078,341745,JYOTISTRUC
2006-03-20,108.9800033569336,113.5999984741211,107.6500015258789,112.19000244140624,102.0730209350586,801650,JYOTISTRUC
2006-03-21,113.95999908447266,119.8000030517578,109.0,109.8000030517578,99.89855194091795,448250,JYOTISTRUC
2006-03-22,111.0,113.4000015258789,105.5999984741211,107.37000274658205,97.68766784667967,405020,JYOTISTRUC
2006-03-23,109.37999725341795,110.77999877929688,107.0,107.87000274658205,98.1426010131836,313065,JYOTISTRUC
2006-03-24,107.87000274658205,109.95999908447266,107.0500030517578,107.79000091552734,98.0698013305664,382435,JYOTISTRUC
2006-03-27,109.0,110.95999908447266,107.2300033569336,107.66999816894533,97.96062469482422,1510850,JYOTISTRUC
2006-03-28,109.22000122070312,110.0,106.63999938964844,107.98999786376952,98.25177001953124,972930,JYOTISTRUC
2006-03-29,109.1999969482422,114.36000061035156,108.0,112.9499969482422,102.76449584960938,425200,JYOTISTRUC
2006-03-30,114.11000061035156,115.8000030517578,112.4000015258789,113.43000030517578,103.20120239257812,403510,JYOTISTRUC
2006-03-31,113.8000030517578,114.4000015258789,108.1999969482422,109.20999908447266,99.36175537109376,142775,JYOTISTRUC
2006-04-03,112.4000015258789,112.4000015258789,109.4000015258789,110.37999725341795,100.42623138427734,132635,JYOTISTRUC
2006-04-04,111.4000015258789,114.5999984741211,108.4499969482422,113.04000091552734,102.84637451171876,190875,JYOTISTRUC
2006-04-05,113.0999984741211,114.4000015258789,110.61000061035156,111.23999786376952,101.2086944580078,111870,JYOTISTRUC
2006-04-07,112.9000015258789,116.76000213623048,109.0,115.05999755859376,104.68421936035156,929205,JYOTISTRUC
2006-04-10,115.0,126.23999786376952,115.0,121.86000061035156,110.87101745605467,1048705,JYOTISTRUC
2006-04-12,122.62000274658205,123.38999938964844,109.73999786376952,114.7300033569336,104.38397216796876,1008255,JYOTISTRUC
2006-04-13,116.0,116.8000030517578,109.1999969482422,110.27999877929688,100.33526611328124,391765,JYOTISTRUC
2006-04-17,112.18000030517578,120.8000030517578,111.0,117.7699966430664,107.14982604980467,777515,JYOTISTRUC
2006-04-18,119.8000030517578,123.0,110.11000061035156,113.51000213623048,103.27399444580078,650240,JYOTISTRUC
2006-04-19,115.4000015258789,116.5199966430664,112.44000244140624,113.5999984741211,103.35587310791016,220110,JYOTISTRUC
2006-04-20,116.8000030517578,118.66999816894533,111.01000213623048,116.0999984741211,105.63043212890624,526650,JYOTISTRUC
2006-04-21,117.87999725341795,118.56999969482422,112.45999908447266,113.61000061035156,103.3649673461914,240875,JYOTISTRUC
2006-04-24,115.5999984741211,117.0,113.22000122070312,113.95999908447266,103.68341064453124,159280,JYOTISTRUC
2006-04-25,115.4000015258789,115.77999877929688,111.41999816894533,112.27999877929688,102.15491485595705,128040,JYOTISTRUC
2006-04-26,112.8000030517578,115.4000015258789,111.62000274658205,114.7300033569336,104.38397216796876,178140,JYOTISTRUC
2006-04-27,116.16000366210938,118.4000015258789,111.5999984741211,112.37999725341795,102.24588775634766,216475,JYOTISTRUC
2006-04-28,112.5999984741211,114.1999969482422,104.41000366210938,112.62000274658205,102.46424865722656,91400,JYOTISTRUC
2006-05-02,114.58999633789062,116.19000244140624,110.0,111.29000091552734,101.25418090820312,110635,JYOTISTRUC
2006-05-03,113.0,114.0,110.22000122070312,112.16000366210938,102.04573822021484,66815,JYOTISTRUC
2006-05-04,113.97000122070312,115.86000061035156,111.41999816894533,112.25,102.12762451171876,170665,JYOTISTRUC
2006-05-05,113.9000015258789,116.0,112.25,113.19000244140624,102.98284149169922,224605,JYOTISTRUC
2006-05-08,114.0,114.55999755859376,112.0,112.58000183105467,102.42786407470705,57180,JYOTISTRUC
2006-05-09,113.4000015258789,115.5999984741211,112.1999969482422,114.3000030517578,103.99275207519533,135465,JYOTISTRUC
2006-05-10,115.0,116.0,112.0,113.08999633789062,102.89186096191406,147015,JYOTISTRUC
2006-05-11,114.13999938964844,114.13999938964844,109.61000061035156,110.7699966430664,100.78107452392578,148870,JYOTISTRUC
2006-05-12,111.4000015258789,119.58000183105467,108.9000015258789,110.69000244140624,100.70829010009766,579315,JYOTISTRUC
2006-05-15,111.5,115.8000030517578,106.0500030517578,107.43000030517578,97.74226379394533,380100,JYOTISTRUC
2006-05-16,110.4000015258789,110.4000015258789,96.81999969482422,104.66999816894533,95.2311553955078,234645,JYOTISTRUC
2006-05-17,108.0199966430664,111.1999969482422,107.0,110.86000061035156,100.86296081542967,128865,JYOTISTRUC
2006-05-18,110.0999984741211,110.0999984741211,99.77999877929688,100.75,91.6646499633789,166470,JYOTISTRUC
2006-05-19,104.76000213623048,106.0,91.01000213623048,92.66000366210938,84.30418395996094,142965,JYOTISTRUC
2006-05-22,93.0,95.0,83.4000015258789,88.7699966430664,80.76496124267578,230015,JYOTISTRUC
2006-05-23,91.0,96.0,83.0999984741211,92.62000274658205,84.26778411865234,142495,JYOTISTRUC
2006-05-24,93.62000274658205,98.0,90.0,96.87000274658205,88.13453674316406,145605,JYOTISTRUC
2006-05-25,99.8000030517578,99.8000030517578,95.5,97.58000183105467,88.78050994873047,91365,JYOTISTRUC
2006-05-26,99.8000030517578,106.8000030517578,99.8000030517578,102.33999633789062,93.11126708984376,110805,JYOTISTRUC
2006-05-29,103.37000274658205,104.8000030517578,94.31999969482422,103.51000213623048,94.17576599121094,66530,JYOTISTRUC
2006-05-30,102.5999984741211,103.8000030517578,98.4000015258789,100.8000030517578,91.71013641357422,58305,JYOTISTRUC
2006-05-31,95.13999938964844,100.0,92.9000015258789,96.80999755859376,88.07994079589844,86595,JYOTISTRUC
2006-06-01,97.4000015258789,99.58999633789062,88.62999725341797,89.91000366210938,81.80216979980469,56730,JYOTISTRUC
2006-06-02,82.30000305175781,90.1999969482422,82.0,85.76000213623047,78.02640533447266,145710,JYOTISTRUC
2006-06-05,87.97000122070312,88.0,80.22000122070312,81.20999908447266,73.88671112060547,47000,JYOTISTRUC
2006-06-06,77.80000305175781,79.80000305175781,77.1500015258789,78.0,70.9661865234375,87090,JYOTISTRUC
2006-06-07,78.4000015258789,81.5999984741211,74.0999984741211,75.83000183105469,68.99186706542969,265430,JYOTISTRUC
2006-06-08,72.19999694824219,74.22000122070312,72.04000091552734,72.38999938964844,65.86207580566406,323565,JYOTISTRUC
2006-06-09,70.20999908447266,76.01000213623047,69.5999984741211,76.01000213623047,69.15563201904297,253150,JYOTISTRUC
2006-06-12,78.0,78.9800033569336,72.4000015258789,76.6500015258789,69.73792266845703,99910,JYOTISTRUC
2006-06-13,74.80000305175781,74.80000305175781,72.81999969482422,72.81999969482422,66.25330352783203,101735,JYOTISTRUC
2006-06-14,72.0,74.0,69.18000030517578,69.18000030517578,62.94153594970703,28705,JYOTISTRUC
2006-06-15,71.80000305175781,71.87999725341797,65.72000122070312,68.33999633789062,62.17728805541992,79720,JYOTISTRUC
2006-06-16,70.0,71.33999633789062,68.0,69.06999969482422,63.15620422363281,30730,JYOTISTRUC
2006-06-19,72.4000015258789,72.4000015258789,66.69999694824219,69.97000122070312,63.97915267944336,27225,JYOTISTRUC
2006-06-20,68.01000213623047,73.47000122070312,67.94999694824219,73.38999938964844,67.1063232421875,53790,JYOTISTRUC
2006-06-21,75.4000015258789,77.05999755859375,73.04000091552734,77.05999755859375,70.46210479736328,24785,JYOTISTRUC
2006-06-22,80.91999816894531,80.91999816894531,80.0,80.91999816894531,73.99160766601562,33335,JYOTISTRUC
2006-06-23,83.0,84.19999694824219,78.5999984741211,81.38999938964844,74.4213638305664,79965,JYOTISTRUC
2006-06-26,79.0199966430664,81.37999725341797,76.01000213623047,76.01000213623047,69.50200653076172,81265,JYOTISTRUC
2006-06-27,74.0,74.19999694824219,72.20999908447266,72.30000305175781,66.10965728759766,29210,JYOTISTRUC
2006-06-28,69.9800033569336,73.0,68.77999877929688,72.05000305175781,65.88106536865234,37670,JYOTISTRUC
2006-06-29,73.54000091552734,74.7699966430664,71.0,72.45999908447266,66.2559585571289,90300,JYOTISTRUC
2006-06-30,75.4000015258789,76.08999633789062,73.4000015258789,76.08999633789062,69.57515716552734,60955,JYOTISTRUC
2006-07-03,75.4000015258789,79.0,74.19999694824219,75.48999786376953,69.02652740478516,18120,JYOTISTRUC
2006-07-04,75.69000244140625,79.2699966430664,73.19999694824219,74.81999969482422,68.41388702392578,279445,JYOTISTRUC
2006-07-05,76.19999694824219,76.19999694824219,73.80000305175781,74.70999908447266,68.31330108642578,34265,JYOTISTRUC
2006-07-06,74.98999786376953,75.77999877929688,73.80000305175781,74.27999877929688,67.92012786865234,20395,JYOTISTRUC
2006-07-07,73.79000091552734,76.19999694824219,70.66000366210938,71.30000305175781,65.19528198242188,28235,JYOTISTRUC
2006-07-10,73.5999984741211,73.5999984741211,70.0,70.9800033569336,64.90267181396484,39410,JYOTISTRUC
2006-07-11,71.0,73.38999938964844,70.30000305175781,71.4000015258789,65.28671264648438,23240,JYOTISTRUC
2006-07-12,70.22000122070312,73.19999694824219,69.22000122070312,72.13999938964844,65.96334838867188,44420,JYOTISTRUC
2006-07-13,73.19999694824219,75.19999694824219,72.86000061035156,73.56999969482422,67.27091217041016,50925,JYOTISTRUC
2006-07-14,72.0199966430664,74.0,70.80000305175781,73.69999694824219,67.38977813720703,47325,JYOTISTRUC
2006-07-17,73.05000305175781,74.69999694824219,71.0199966430664,71.87000274658203,65.71646881103516,56190,JYOTISTRUC
2006-07-18,72.01000213623047,72.41000366210938,68.27999877929688,68.44999694824219,62.58928298950195,43315,JYOTISTRUC
2006-07-19,70.79000091552734,71.0,65.02999877929688,65.02999877929688,59.46210861206055,37330,JYOTISTRUC
2006-07-20,66.0199966430664,67.0,64.0199966430664,65.30999755859375,59.7181396484375,239275,JYOTISTRUC
2006-07-21,65.4000015258789,65.4000015258789,62.04999923706055,62.130001068115234,56.8104133605957,36685,JYOTISTRUC
2006-07-24,64.94999694824219,64.94999694824219,59.04999923706055,61.15999984741211,55.9234619140625,64565,JYOTISTRUC
2006-07-25,62.400001525878906,64.22000122070312,61.09999847412109,64.06999969482422,58.58431243896485,56125,JYOTISTRUC
2006-07-26,63.59999847412109,67.27999877929688,63.59999847412109,67.27999877929688,61.51946640014648,91100,JYOTISTRUC
2006-07-27,70.0,70.6500015258789,70.0,70.6500015258789,64.6009292602539,73830,JYOTISTRUC
2006-07-28,74.19999694824219,74.19999694824219,72.0,74.19999694824219,67.84697723388672,25924,JYOTISTRUC
2006-07-31,77.9000015258789,77.94999694824219,77.9000015258789,77.94999694824219,71.2759017944336,12824,JYOTISTRUC
2006-08-01,81.8499984741211,81.8499984741211,78.5,81.8499984741211,74.84197235107422,152638,JYOTISTRUC
2006-08-02,85.69999694824219,85.94999694824219,82.0999984741211,85.94999694824219,78.59093475341797,113990,JYOTISTRUC
2006-08-03,88.69999694824219,90.25,88.69999694824219,90.25,82.52277374267578,32510,JYOTISTRUC
2006-08-04,94.4000015258789,94.8000030517578,86.05000305175781,87.94999694824219,80.41969299316406,234568,JYOTISTRUC
2006-08-07,87.0,89.9000015258789,83.55000305175781,85.05000305175781,77.76799774169922,151119,JYOTISTRUC
2006-08-08,86.0,87.69999694824219,85.44999694824219,87.0999984741211,79.64247131347656,88398,JYOTISTRUC
2006-08-09,86.5999984741211,91.5,85.0,87.3499984741211,79.8710708618164,261931,JYOTISTRUC
2006-08-10,87.5999984741211,94.0,86.69999694824219,91.1500015258789,83.34571838378906,439531,JYOTISTRUC
2006-08-11,91.0,95.5,89.69999694824219,90.5500030517578,82.79708862304688,627695,JYOTISTRUC
2006-08-14,91.4000015258789,92.3499984741211,90.0,90.6999969482422,82.93424224853516,158092,JYOTISTRUC
2006-08-16,92.9000015258789,95.0,90.5,90.9499969482422,83.16283416748047,156415,JYOTISTRUC
2006-08-17,91.0,94.1999969482422,86.5999984741211,91.3000030517578,83.48287963867188,240705,JYOTISTRUC
2006-08-18,92.0,98.4499969482422,89.5,95.75,87.5518569946289,574111,JYOTISTRUC
2006-08-21,96.75,104.4000015258789,95.0,102.6500015258789,93.86107635498048,777436,JYOTISTRUC
2006-08-22,104.0999984741211,104.8499984741211,97.3000030517578,98.9499969482422,90.47787475585938,429077,JYOTISTRUC
2006-08-23,99.9000015258789,99.9000015258789,92.75,94.0500030517578,85.99740600585938,326510,JYOTISTRUC
2006-08-24,94.6999969482422,98.0,90.0,96.3000030517578,88.05477905273438,278335,JYOTISTRUC
2006-08-25,99.1999969482422,100.8000030517578,94.0,95.1999969482422,87.04894256591797,408890,JYOTISTRUC
2006-08-28,96.1999969482422,96.9000015258789,92.5999984741211,93.4000015258789,85.40306854248047,158623,JYOTISTRUC
2006-08-29,94.9000015258789,96.0,91.0999984741211,91.8000030517578,83.9400634765625,165526,JYOTISTRUC
2006-08-30,92.8499984741211,93.6500015258789,90.9000015258789,91.4000015258789,83.5743179321289,152934,JYOTISTRUC
2006-08-31,92.4499969482422,92.8499984741211,88.25,89.30000305175781,81.65412139892578,223314,JYOTISTRUC
2006-09-01,90.1999969482422,91.0999984741211,87.0,89.75,82.06558227539062,118121,JYOTISTRUC
2006-09-04,91.5,94.0,89.0999984741211,92.8000030517578,84.85443878173828,291920,JYOTISTRUC
2006-09-05,93.9499969482422,97.9499969482422,93.9499969482422,95.3000030517578,87.14038848876953,377774,JYOTISTRUC
2006-09-06,96.9499969482422,101.9000015258789,96.25,98.9000015258789,90.43215942382812,739666,JYOTISTRUC
2006-09-07,98.9499969482422,99.0,95.0,96.0999984741211,87.87189483642578,227550,JYOTISTRUC
2006-09-08,97.0,103.8000030517578,96.25,100.5500030517578,91.94088745117188,1087061,JYOTISTRUC
2006-09-11,101.9000015258789,101.9000015258789,94.0999984741211,95.0999984741211,86.95750427246094,520157,JYOTISTRUC
2006-09-12,95.5500030517578,99.6999969482422,92.5500030517578,98.9499969482422,90.47787475585938,433104,JYOTISTRUC
2006-09-13,100.5999984741211,101.4000015258789,98.0999984741211,99.1999969482422,90.70647430419922,326535,JYOTISTRUC
2006-09-14,99.9499969482422,102.0,97.6999969482422,101.1500015258789,92.48950958251952,430042,JYOTISTRUC
2006-09-15,102.0,109.4000015258789,98.5,105.0999984741211,96.10130310058594,813780,JYOTISTRUC
2006-09-18,107.0,109.25,105.5,106.9499969482422,97.79291534423828,448025,JYOTISTRUC
2006-09-19,107.4000015258789,108.25,97.9000015258789,99.9000015258789,91.34652709960938,260289,JYOTISTRUC
2006-09-20,100.5,104.5999984741211,98.0,103.1500015258789,94.3182601928711,226986,JYOTISTRUC
2006-09-21,105.0500030517578,106.5,103.5,104.1999969482422,95.2783660888672,315102,JYOTISTRUC
2006-09-22,103.0999984741211,103.5,99.9499969482422,101.5,92.8095474243164,190696,JYOTISTRUC
2006-09-25,102.3000030517578,105.3499984741211,100.5,103.8000030517578,94.91262817382812,194081,JYOTISTRUC
2006-09-26,104.5,109.0,104.4499969482422,106.8499984741211,97.70147705078124,565310,JYOTISTRUC
2006-09-27,108.5500030517578,111.9000015258789,107.5,108.8000030517578,99.48451232910156,535399,JYOTISTRUC
2006-09-28,109.0,118.3000030517578,108.0,115.1500015258789,105.29083251953124,1039731,JYOTISTRUC
2006-09-29,116.3499984741211,119.4499969482422,112.0,114.6500015258789,104.8336410522461,1122420,JYOTISTRUC
2006-10-03,116.5,120.8000030517578,114.0,118.8000030517578,108.6283187866211,1192102,JYOTISTRUC
2006-10-04,120.9000015258789,120.9000015258789,113.3000030517578,114.4499969482422,104.65074920654295,649950,JYOTISTRUC
2006-10-05,115.5,116.5,111.5999984741211,112.5500030517578,102.9134521484375,479755,JYOTISTRUC
2006-10-06,113.0,116.3000030517578,111.75,114.3499984741211,104.55931854248048,381008,JYOTISTRUC
2006-10-09,114.25,118.9000015258789,112.6999969482422,117.9499969482422,107.85108947753906,506872,JYOTISTRUC
2006-10-10,118.5,122.8000030517578,116.5999984741211,120.4499969482422,110.13703918457033,1053151,JYOTISTRUC
2006-10-11,121.9000015258789,121.9000015258789,114.5,115.4000015258789,105.5194091796875,394155,JYOTISTRUC
2006-10-12,116.0500030517578,116.3000030517578,113.5500030517578,115.8499984741211,105.93089294433594,202375,JYOTISTRUC
2006-10-13,118.0,118.3499984741211,114.0,115.5,105.61085510253906,230050,JYOTISTRUC
2006-10-16,116.6500015258789,120.6999969482422,115.6999969482422,118.1500015258789,108.03397369384766,415876,JYOTISTRUC
2006-10-17,118.9000015258789,122.5,116.6999969482422,120.75,110.4113540649414,525196,JYOTISTRUC
2006-10-18,119.5,124.4000015258789,118.3499984741211,120.4000015258789,110.09132385253906,689542,JYOTISTRUC
2006-10-19,122.4499969482422,123.8499984741211,117.25,118.0,107.89680480957033,383903,JYOTISTRUC
2006-10-20,118.0500030517578,119.6999969482422,115.5500030517578,116.4000015258789,106.43379974365234,251238,JYOTISTRUC
2006-10-23,120.0,120.0,117.25,118.3499984741211,108.2168426513672,131982,JYOTISTRUC
2006-10-26,118.0500030517578,119.5500030517578,117.0,117.9000015258789,107.80536651611328,108058,JYOTISTRUC
2006-10-27,119.0,120.4000015258789,117.0,117.5500030517578,107.48532104492188,206632,JYOTISTRUC
2006-10-30,118.0500030517578,120.4499969482422,117.1500015258789,119.1500015258789,108.94834899902344,238964,JYOTISTRUC
2006-10-31,119.0,119.8000030517578,114.5,115.5500030517578,105.65657806396484,154020,JYOTISTRUC
2006-11-01,118.0,118.0,114.5500030517578,115.25,105.38225555419922,149975,JYOTISTRUC
2006-11-02,116.8000030517578,121.3499984741211,115.8499984741211,118.5,108.35401153564452,440543,JYOTISTRUC
2006-11-03,120.0500030517578,123.4000015258789,119.3000030517578,121.5999984741211,111.18858337402344,657764,JYOTISTRUC
2006-11-06,122.0,128.0,120.5999984741211,123.8000030517578,113.2002182006836,1228497,JYOTISTRUC
2006-11-07,125.3000030517578,129.8000030517578,124.8000030517578,125.8000030517578,115.02896881103516,1476358,JYOTISTRUC
2006-11-08,126.0,127.0,120.5,122.3000030517578,111.82864379882812,411658,JYOTISTRUC
2006-11-09,121.0500030517578,123.8000030517578,121.0500030517578,122.3000030517578,111.82864379882812,271930,JYOTISTRUC
2006-11-10,122.6999969482422,124.4499969482422,120.1500015258789,121.6999969482422,111.280029296875,239688,JYOTISTRUC
2006-11-13,122.5999984741211,127.8499984741211,121.8499984741211,126.5,115.66902923583984,970628,JYOTISTRUC
2006-11-14,126.0,126.9499969482422,121.1999969482422,121.9499969482422,111.50859832763672,267827,JYOTISTRUC
2006-11-15,122.8000030517578,124.1999969482422,120.0,121.4000015258789,111.00570678710938,364377,JYOTISTRUC
2006-11-16,121.5,125.0,121.5,122.6500015258789,112.148681640625,223773,JYOTISTRUC
2006-11-17,124.4499969482422,126.0,117.6500015258789,118.9499969482422,108.76547241210938,860860,JYOTISTRUC
2006-11-20,119.0,120.4499969482422,113.0999984741211,117.3000030517578,107.25675201416016,178258,JYOTISTRUC
2006-11-21,118.5,123.25,117.9000015258789,122.5999984741211,112.10295104980467,253699,JYOTISTRUC
2006-11-22,123.6999969482422,131.5,123.0500030517578,129.25,118.18359375,1182631,JYOTISTRUC
2006-11-23,129.0,130.0,124.0500030517578,124.6500015258789,113.97742462158205,615978,JYOTISTRUC
2006-11-24,126.6999969482422,133.35000610351562,124.0,129.10000610351562,118.0464324951172,1394438,JYOTISTRUC
2006-11-27,131.6999969482422,134.4499969482422,130.0,132.5500030517578,121.20104217529295,778645,JYOTISTRUC
2006-11-28,131.0,134.8000030517578,128.0,129.89999389648438,118.77792358398438,709062,JYOTISTRUC
2006-11-29,128.0,141.9499969482422,128.0,139.75,127.78457641601562,2329713,JYOTISTRUC
2006-11-30,143.0,143.89999389648438,135.0,136.0500030517578,124.40135955810548,920360,JYOTISTRUC
2006-12-01,136.9499969482422,139.0,133.5500030517578,135.35000610351562,123.76130676269533,534801,JYOTISTRUC
2006-12-04,136.6999969482422,137.0,133.1999969482422,135.75,124.12705993652344,308029,JYOTISTRUC
2006-12-05,129.0,139.0,128.0,133.3000030517578,121.8868179321289,547745,JYOTISTRUC
2006-12-06,129.0,135.89999389648438,128.0,132.85000610351562,121.47537231445312,497180,JYOTISTRUC
2006-12-07,133.6999969482422,133.6999969482422,130.25,132.0500030517578,120.74384307861328,165439,JYOTISTRUC
2006-12-08,132.10000610351562,132.8000030517578,127.0999984741211,128.3000030517578,117.3149185180664,177826,JYOTISTRUC
2006-12-11,125.5,135.0,120.5500030517578,125.25,114.52606964111328,571409,JYOTISTRUC
2006-12-12,124.0,127.9499969482422,112.75,118.8499984741211,108.67403411865234,410853,JYOTISTRUC
2006-12-13,119.9000015258789,125.9499969482422,107.0,123.5500030517578,112.97162628173828,215617,JYOTISTRUC
2006-12-14,125.9000015258789,126.9000015258789,123.0999984741211,126.0500030517578,115.25757598876952,160820,JYOTISTRUC
2006-12-15,127.4000015258789,127.4000015258789,122.1500015258789,124.0999984741211,113.47452545166016,137663,JYOTISTRUC
2006-12-18,124.9000015258789,125.8000030517578,121.0,122.8000030517578,112.28583526611328,105903,JYOTISTRUC
2006-12-19,122.9000015258789,126.3499984741211,121.3000030517578,124.4499969482422,113.79454803466795,153900,JYOTISTRUC
2006-12-20,126.0,126.6999969482422,122.5,125.1999969482422,114.48033905029295,118684,JYOTISTRUC
2006-12-21,125.8000030517578,126.0,123.0,125.3499984741211,114.61749267578124,44136,JYOTISTRUC
2006-12-22,118.0,126.8000030517578,118.0,124.8499984741211,114.16030883789062,50699,JYOTISTRUC
2006-12-26,121.0,134.0,121.0,132.8000030517578,121.42962646484376,404585,JYOTISTRUC
2006-12-27,134.85000610351562,138.39999389648438,128.25,129.89999389648438,118.77792358398438,266560,JYOTISTRUC
2006-12-28,129.0,129.0,124.1999969482422,126.0999984741211,115.30329132080078,234396,JYOTISTRUC
2006-12-29,124.0999984741211,132.39999389648438,124.0500030517578,131.10000610351562,119.8751983642578,233975,JYOTISTRUC
2007-01-02,132.89999389648438,134.39999389648438,131.5,132.1999969482422,120.88098907470705,105034,JYOTISTRUC
2007-01-03,133.8000030517578,135.0,130.60000610351562,133.39999389648438,121.978271484375,157000,JYOTISTRUC
2007-01-04,134.10000610351562,134.6999969482422,131.0,131.25,120.01233673095705,62626,JYOTISTRUC
2007-01-05,131.89999389648438,144.39999389648438,130.0,137.5500030517578,125.77295684814452,669949,JYOTISTRUC
2007-01-08,137.8000030517578,142.0,136.0,139.9499969482422,127.96745300292967,469312,JYOTISTRUC
2007-01-09,141.35000610351562,141.8000030517578,132.10000610351562,134.5,122.98406982421876,221411,JYOTISTRUC
2007-01-10,134.1999969482422,137.89999389648438,130.0500030517578,133.1999969482422,121.79537963867188,146732,JYOTISTRUC
2007-01-11,133.5500030517578,138.0,133.0,137.60000610351562,125.8186492919922,82096,JYOTISTRUC
2007-01-12,138.0,141.39999389648438,135.60000610351562,138.75,126.87018585205078,210666,JYOTISTRUC
2007-01-15,140.3000030517578,152.64999389648438,139.14999389648438,152.64999389648438,139.58004760742188,724040,JYOTISTRUC
2007-01-16,155.5,163.39999389648438,149.0500030517578,161.60000610351562,147.76376342773438,954717,JYOTISTRUC
2007-01-17,163.0,163.0,154.3000030517578,157.0500030517578,143.6033477783203,429818,JYOTISTRUC
2007-01-18,158.0,161.5,153.0,154.3000030517578,141.08877563476562,269420,JYOTISTRUC
2007-01-19,154.35000610351562,158.60000610351562,150.0,157.0500030517578,143.6033477783203,134477,JYOTISTRUC
2007-01-22,159.35000610351562,164.89999389648438,159.35000610351562,163.9499969482422,149.9125518798828,416834,JYOTISTRUC
2007-01-23,165.1999969482422,171.5,161.0,168.4499969482422,154.02728271484375,431257,JYOTISTRUC
2007-01-24,169.0,176.89999389648438,169.0,176.89999389648438,161.75376892089844,508645,JYOTISTRUC
2007-01-25,178.6999969482422,185.75,178.6999969482422,182.8000030517578,167.1486358642578,804502,JYOTISTRUC
2007-01-29,182.0,183.5,173.6999969482422,174.0500030517578,159.14781188964844,195937,JYOTISTRUC
2007-01-31,174.0,176.8000030517578,170.0500030517578,171.8000030517578,157.0904541015625,273322,JYOTISTRUC
2007-02-01,172.0,174.0,166.5,170.14999389648438,155.58168029785156,135740,JYOTISTRUC
2007-02-02,170.0,178.6999969482422,170.0,177.25,162.0738067626953,854928,JYOTISTRUC
2007-02-05,179.8000030517578,186.1499938964844,178.0,186.0500030517578,170.12034606933594,342127,JYOTISTRUC
2007-02-06,186.0500030517578,194.8500061035156,184.5500030517578,186.3999938964844,170.4403839111328,1279961,JYOTISTRUC
2007-02-07,187.6999969482422,189.9499969482422,177.6999969482422,180.10000610351562,164.67979431152344,248400,JYOTISTRUC
2007-02-08,180.10000610351562,180.8999938964844,173.10000610351562,175.85000610351562,160.793701171875,191224,JYOTISTRUC
2007-02-09,176.5,176.5,169.0,169.85000610351562,155.30740356445312,138864,JYOTISTRUC
2007-02-12,166.10000610351562,169.0,154.1999969482422,161.39999389648438,147.58087158203125,132788,JYOTISTRUC
2007-02-13,157.0,171.89999389648438,157.0,165.75,151.5584259033203,149669,JYOTISTRUC
2007-02-14,167.0,171.10000610351562,157.8000030517578,167.6999969482422,153.3414764404297,241389,JYOTISTRUC
2007-02-15,172.0,174.5,165.0,171.5,156.8161163330078,168435,JYOTISTRUC
2007-02-19,173.39999389648438,185.0,172.0,178.1999969482422,162.94248962402344,244255,JYOTISTRUC
2007-02-20,180.9499969482422,182.0,174.0,175.89999389648438,160.83938598632812,184285,JYOTISTRUC
2007-02-21,177.0,180.0,170.64999389648438,178.39999389648438,163.1253662109375,94854,JYOTISTRUC
2007-02-22,180.8999938964844,185.9499969482422,173.0500030517578,174.89999389648438,159.92501831054688,174679,JYOTISTRUC
2007-02-23,174.0,178.39999389648438,165.10000610351562,167.0,152.70140075683594,109887,JYOTISTRUC
2007-02-26,166.89999389648438,174.0,166.89999389648438,172.5500030517578,157.77621459960938,139734,JYOTISTRUC
2007-02-27,174.75,174.75,167.75,168.8000030517578,154.34730529785156,91584,JYOTISTRUC
2007-02-28,156.0,173.0,155.0,165.60000610351562,151.42127990722656,179115,JYOTISTRUC
2007-03-01,170.0,174.0,167.0,169.85000610351562,155.30740356445312,70407,JYOTISTRUC
2007-03-02,169.0,177.4499969482422,169.0,173.85000610351562,158.9649200439453,189677,JYOTISTRUC
2007-03-05,165.0,167.10000610351562,156.5,159.9499969482422,146.25503540039062,171049,JYOTISTRUC
2007-03-06,168.9499969482422,170.9499969482422,159.0,160.85000610351562,147.07797241210938,141753,JYOTISTRUC
2007-03-07,167.0,167.10000610351562,152.25,156.10000610351562,142.7346954345703,60056,JYOTISTRUC
2007-03-08,157.0500030517578,164.0,152.14999389648438,162.14999389648438,148.2666778564453,66034,JYOTISTRUC
2007-03-09,166.0,166.0,154.5,160.4499969482422,146.71224975585938,73702,JYOTISTRUC
2007-03-12,160.0,175.0,160.0,173.60000610351562,158.736328125,176078,JYOTISTRUC
2007-03-13,175.89999389648438,175.89999389648438,169.0,174.39999389648438,159.4678192138672,88387,JYOTISTRUC
2007-03-14,164.10000610351562,169.8000030517578,162.10000610351562,167.85000610351562,153.4786376953125,62639,JYOTISTRUC
2007-03-15,172.0,179.0,166.25,168.0,153.6157989501953,65144,JYOTISTRUC
2007-03-16,170.0,170.0,161.39999389648438,165.10000610351562,150.964111328125,55902,JYOTISTRUC
2007-03-19,166.0,171.39999389648438,165.0,168.1999969482422,153.7986602783203,71518,JYOTISTRUC
2007-03-20,170.0,172.9499969482422,165.0500030517578,166.0,151.78701782226562,47034,JYOTISTRUC
2007-03-21,169.75,171.0,165.60000610351562,170.3000030517578,155.71885681152344,53236,JYOTISTRUC
2007-03-22,171.0,178.60000610351562,170.3000030517578,177.10000610351562,161.9366455078125,216123,JYOTISTRUC
2007-03-23,177.3000030517578,177.3000030517578,171.10000610351562,174.6999969482422,159.7421417236328,115091,JYOTISTRUC
2007-03-26,173.5,180.8000030517578,173.0,177.85000610351562,162.62245178222656,93723,JYOTISTRUC
2007-03-28,175.0500030517578,177.75,169.3000030517578,171.5500030517578,156.86184692382812,66914,JYOTISTRUC
2007-03-29,173.0,175.89999389648438,168.0,168.75,154.3015899658203,67699,JYOTISTRUC
2007-03-30,171.5,173.0,169.5500030517578,170.35000610351562,155.76458740234375,44621,JYOTISTRUC
2007-04-02,163.0,168.75,162.0,163.4499969482422,149.4553680419922,38631,JYOTISTRUC
2007-04-03,164.0,166.85000610351562,160.0,161.3000030517578,147.4894561767578,87162,JYOTISTRUC
2007-04-04,164.0,175.89999389648438,163.89999389648438,172.39999389648438,157.63905334472656,151554,JYOTISTRUC
2007-04-05,173.8000030517578,176.0,171.10000610351562,174.14999389648438,159.2392120361328,112913,JYOTISTRUC
2007-04-09,177.0,179.4499969482422,175.8000030517578,177.85000610351562,162.62245178222656,62306,JYOTISTRUC
2007-04-10,177.5,179.4499969482422,175.5,177.9499969482422,162.71388244628906,69132,JYOTISTRUC
2007-04-11,178.89999389648438,181.3999938964844,175.0500030517578,178.89999389648438,163.58253479003906,143147,JYOTISTRUC
2007-04-12,174.10000610351562,180.0,174.10000610351562,177.85000610351562,162.62245178222656,69609,JYOTISTRUC
2007-04-13,178.0,185.8999938964844,177.0,182.6999969482422,167.0571746826172,158671,JYOTISTRUC
2007-04-16,182.8999938964844,188.6999969482422,182.0500030517578,186.4499969482422,170.486083984375,150912,JYOTISTRUC
2007-04-17,186.0,197.6999969482422,183.1000061035156,195.6999969482422,178.94412231445312,290604,JYOTISTRUC
2007-04-18,198.8000030517578,203.8000030517578,194.0,201.8999938964844,184.61325073242188,282217,JYOTISTRUC
2007-04-19,195.6000061035156,205.0,192.1000061035156,204.3500061035156,186.8535003662109,192046,JYOTISTRUC
2007-04-20,207.8999938964844,209.1000061035156,203.0,205.5,187.9050445556641,159169,JYOTISTRUC
2007-04-23,207.0,210.0,201.1999969482422,204.5500030517578,187.036376953125,119719,JYOTISTRUC
2007-04-24,205.6999969482422,205.6999969482422,199.0,203.6499938964844,186.21339416503903,82366,JYOTISTRUC
2007-04-25,201.0,203.9499969482422,196.1000061035156,196.8500061035156,179.9956512451172,65413,JYOTISTRUC
2007-04-26,200.0,201.4499969482422,190.5,191.6999969482422,175.28660583496094,49637,JYOTISTRUC
2007-04-27,193.8000030517578,193.8000030517578,187.5,189.1499938964844,172.9549102783203,63851,JYOTISTRUC
2007-04-30,189.1499938964844,192.3999938964844,184.0,189.8500061035156,173.59498596191406,36881,JYOTISTRUC
2007-05-03,192.8500061035156,201.8000030517578,191.1000061035156,200.3000030517578,183.1502685546875,215247,JYOTISTRUC
2007-05-04,202.1999969482422,205.0,193.5,195.25,178.53265380859375,142098,JYOTISTRUC
2007-05-07,200.0,200.0,191.0,192.0,175.56092834472656,66360,JYOTISTRUC
2007-05-08,190.1000061035156,191.9499969482422,181.5,183.5500030517578,167.8343963623047,120393,JYOTISTRUC
2007-05-09,185.8000030517578,191.0,181.5500030517578,187.1499938964844,171.1261749267578,80815,JYOTISTRUC
2007-05-10,192.0,200.0,189.1999969482422,191.0500030517578,174.69224548339844,157319,JYOTISTRUC
2007-05-11,188.1000061035156,193.8999938964844,187.0,190.3000030517578,174.00645446777344,47747,JYOTISTRUC
2007-05-14,193.9499969482422,202.1999969482422,193.6999969482422,198.3000030517578,181.3214874267578,183026,JYOTISTRUC
2007-05-15,199.0,200.0,193.5,194.8500061035156,178.16690063476562,82019,JYOTISTRUC
2007-05-16,192.0,196.8000030517578,189.1999969482422,192.6999969482422,176.20095825195312,55470,JYOTISTRUC
2007-05-17,194.0,200.0,194.0,195.75,178.98985290527344,74051,JYOTISTRUC
2007-05-18,196.75,199.25,195.0,198.1499938964844,181.1843414306641,80260,JYOTISTRUC
2007-05-21,199.4499969482422,204.8000030517578,198.5,202.0500030517578,184.7504425048828,129312,JYOTISTRUC
2007-05-22,204.0,204.8999938964844,195.0,195.5500030517578,178.80697631835938,95441,JYOTISTRUC
2007-05-23,198.0,199.1499938964844,190.0,191.0500030517578,174.69224548339844,90270,JYOTISTRUC
2007-05-24,190.0,194.8999938964844,183.0,186.8500061035156,170.85186767578125,135123,JYOTISTRUC
2007-05-25,184.1000061035156,190.0,184.0,185.3999938964844,169.5260009765625,157655,JYOTISTRUC
2007-05-28,189.5,190.3500061035156,184.5,185.8999938964844,169.98318481445312,46236,JYOTISTRUC
2007-05-29,186.0,189.8000030517578,183.0,186.0,170.0746307373047,63088,JYOTISTRUC
2007-05-30,186.0,189.0,184.5,185.5,169.61744689941406,49812,JYOTISTRUC
2007-05-31,187.0,192.5,185.0500030517578,187.9499969482422,171.85765075683594,77249,JYOTISTRUC
2007-06-01,189.9499969482422,190.0,181.5,183.0500030517578,167.37721252441406,65713,JYOTISTRUC
2007-06-04,184.0,188.0,180.0,180.5,165.04554748535156,72854,JYOTISTRUC
2007-06-05,181.0,185.9499969482422,178.10000610351562,184.8000030517578,168.9773712158203,64047,JYOTISTRUC
2007-06-06,183.0,188.0,181.0500030517578,181.9499969482422,166.3714141845703,50801,JYOTISTRUC
2007-06-07,179.10000610351562,183.6499938964844,178.10000610351562,179.39999389648438,164.03970336914062,33243,JYOTISTRUC
2007-06-08,178.0,182.5,177.0,179.14999389648438,163.81112670898438,37570,JYOTISTRUC
2007-06-11,183.0,183.0,177.1999969482422,177.9499969482422,162.71388244628906,32642,JYOTISTRUC
2007-06-12,178.1999969482422,180.0,175.25,176.39999389648438,161.2965850830078,49259,JYOTISTRUC
2007-06-13,178.89999389648438,179.5,175.0,178.1999969482422,162.94248962402344,21111,JYOTISTRUC
2007-06-14,180.0,182.0,177.0,179.3000030517578,163.94830322265625,25179,JYOTISTRUC
2007-06-15,180.0,181.8000030517578,178.60000610351562,179.8000030517578,164.4054718017578,28287,JYOTISTRUC
2007-06-18,181.0,182.8000030517578,172.10000610351562,174.8000030517578,159.83358764648438,61684,JYOTISTRUC
2007-06-19,176.0,191.6499938964844,175.10000610351562,188.5500030517578,172.91165161132812,187168,JYOTISTRUC
2007-06-20,190.0,195.6000061035156,185.3000030517578,193.0500030517578,177.03842163085938,235756,JYOTISTRUC
2007-06-21,194.8000030517578,196.0,190.1999969482422,193.4499969482422,177.40524291992188,95634,JYOTISTRUC
2007-06-22,190.0500030517578,193.0,185.5,186.6000061035156,171.12338256835938,53164,JYOTISTRUC
2007-06-25,183.25,189.3500061035156,183.25,186.5,171.03167724609375,31927,JYOTISTRUC
2007-06-26,188.1000061035156,188.1000061035156,182.5500030517578,183.5500030517578,168.3263397216797,24066,JYOTISTRUC
2007-06-27,185.0,188.0,183.5,185.9499969482422,170.5272979736328,19389,JYOTISTRUC
2007-06-28,187.0500030517578,194.0,186.1000061035156,188.3500061035156,172.72824096679688,63727,JYOTISTRUC
2007-06-29,192.8000030517578,193.0,185.3999938964844,186.6000061035156,171.12338256835938,64811,JYOTISTRUC
2007-07-02,187.5500030517578,198.0,187.1499938964844,188.1499938964844,172.54481506347656,80677,JYOTISTRUC
2007-07-03,192.4499969482422,192.4499969482422,188.0,189.0,173.32431030273438,396533,JYOTISTRUC
2007-07-04,192.8999938964844,202.75,192.0,195.8500061035156,179.60618591308594,506791,JYOTISTRUC
2007-07-05,199.0,200.8999938964844,190.0,192.6999969482422,176.71743774414062,158233,JYOTISTRUC
2007-07-06,193.0,196.5,190.5,192.6499938964844,176.6715850830078,113358,JYOTISTRUC
2007-07-09,193.9499969482422,194.8999938964844,191.3000030517578,192.4499969482422,176.48818969726562,47508,JYOTISTRUC
2007-07-10,193.5500030517578,195.6999969482422,192.0,192.6000061035156,176.62576293945312,65966,JYOTISTRUC
2007-07-11,192.0,195.0,189.5,190.8500061035156,175.02088928222656,46222,JYOTISTRUC
2007-07-12,195.0,199.8500061035156,190.0,197.6499938964844,181.25689697265625,179573,JYOTISTRUC
2007-07-13,199.5,209.3999938964844,196.3999938964844,203.1000061035156,186.2548828125,617785,JYOTISTRUC
2007-07-16,203.5,206.8999938964844,197.5500030517578,200.0500030517578,183.4578399658203,142253,JYOTISTRUC
2007-07-17,203.8000030517578,203.8999938964844,194.6999969482422,199.3000030517578,182.77005004882807,124271,JYOTISTRUC
2007-07-18,201.0,201.0,192.3999938964844,194.5,178.3681640625,69073,JYOTISTRUC
2007-07-19,198.9499969482422,211.3999938964844,196.1499938964844,209.1000061035156,191.7572326660156,295839,JYOTISTRUC
2007-07-20,215.0,218.0,209.6000061035156,212.0500030517578,194.4625396728516,329209,JYOTISTRUC
2007-07-23,213.0,216.0,208.0,209.6000061035156,192.2157440185547,97612,JYOTISTRUC
2007-07-24,210.0,213.3000030517578,202.1999969482422,203.6000061035156,186.71340942382807,76366,JYOTISTRUC
2007-07-25,202.0,222.0,201.1000061035156,215.1000061035156,197.25958251953125,261639,JYOTISTRUC
2007-07-26,214.6499938964844,222.8000030517578,211.0,214.4499969482422,196.6635131835937,253541,JYOTISTRUC
2007-07-27,201.0,211.4499969482422,190.3500061035156,201.6999969482422,184.97100830078125,187333,JYOTISTRUC
2007-07-30,200.8999938964844,206.6999969482422,195.6499938964844,200.1000061035156,183.5037078857422,80223,JYOTISTRUC
2007-07-31,204.3000030517578,206.6999969482422,199.0500030517578,200.6499938964844,184.00808715820312,120632,JYOTISTRUC
2007-08-01,199.0,204.8999938964844,196.0,199.4499969482422,182.90760803222656,160961,JYOTISTRUC
2007-08-02,199.4499969482422,206.0,198.1000061035156,204.8999938964844,187.9055633544922,90688,JYOTISTRUC
2007-08-03,208.3999938964844,211.0,203.5500030517578,208.0500030517578,190.79432678222656,109775,JYOTISTRUC
2007-08-06,196.1000061035156,206.0,196.1000061035156,201.5,184.78759765625,104770,JYOTISTRUC
2007-08-07,206.6999969482422,207.6000061035156,203.1499938964844,204.5500030517578,187.5846099853516,32007,JYOTISTRUC
2007-08-08,207.0,207.8999938964844,205.0,205.75,188.68507385253903,50101,JYOTISTRUC
2007-08-09,208.5,208.5,198.0,199.4499969482422,182.90760803222656,67611,JYOTISTRUC
2007-08-10,191.0500030517578,197.3999938964844,187.0500030517578,195.9499969482422,179.69789123535156,93164,JYOTISTRUC
2007-08-13,196.0,200.0,190.1000061035156,197.8500061035156,181.44032287597656,120603,JYOTISTRUC
2007-08-14,196.6000061035156,204.5,195.5,202.3500061035156,185.5670928955078,74880,JYOTISTRUC
2007-08-16,186.0,198.0,180.0,186.8999938964844,171.39849853515625,102802,JYOTISTRUC
2007-08-17,190.1000061035156,195.0,181.25,183.5,168.28048706054688,229260,JYOTISTRUC
2007-08-20,190.0,194.8000030517578,184.8500061035156,185.3000030517578,169.9311981201172,49118,JYOTISTRUC
2007-08-21,187.0,188.0,182.0,183.5500030517578,168.3263397216797,47018,JYOTISTRUC
2007-08-22,187.0,189.8999938964844,184.0500030517578,187.1000061035156,171.58192443847656,155299,JYOTISTRUC
2007-08-23,190.0,194.0,189.0,191.0500030517578,175.2042999267578,72471,JYOTISTRUC
2007-08-24,187.0,194.5,187.0,192.4499969482422,176.48818969726562,40792,JYOTISTRUC
2007-08-27,198.0,204.1999969482422,195.9499969482422,203.25,186.3924255371093,80690,JYOTISTRUC
2007-08-28,203.0,205.0,201.0,202.9499969482422,186.11729431152344,32301,JYOTISTRUC
2007-08-29,196.0,201.75,196.0,198.3500061035156,181.8988494873047,47149,JYOTISTRUC
2007-08-30,207.0,209.0,201.0,207.8999938964844,190.65675354003903,84752,JYOTISTRUC
2007-08-31,206.1000061035156,215.1000061035156,202.1999969482422,211.1499938964844,193.63720703125,67295,JYOTISTRUC
2007-09-03,215.0,220.9499969482422,212.6000061035156,219.5500030517578,201.34051513671875,145183,JYOTISTRUC
2007-09-04,220.0,243.8000030517578,220.0,229.1000061035156,210.09844970703125,234711,JYOTISTRUC
2007-09-05,235.0,235.0,221.1000061035156,223.6999969482422,205.1463165283203,126010,JYOTISTRUC
2007-09-06,225.0,228.0,222.1999969482422,224.25,205.6507110595703,137328,JYOTISTRUC
2007-09-07,227.0,232.0,217.6000061035156,218.8500061035156,200.6985778808593,170336,JYOTISTRUC
2007-09-10,212.0500030517578,225.25,209.0,224.3000030517578,205.6965484619141,85796,JYOTISTRUC
2007-09-11,220.0,231.8000030517578,220.0,224.8500061035156,206.2009429931641,268567,JYOTISTRUC
2007-09-12,226.8999938964844,230.0,223.25,224.4499969482422,205.83409118652344,39584,JYOTISTRUC
2007-09-13,226.8999938964844,226.8999938964844,222.0,224.1000061035156,205.51315307617188,35602,JYOTISTRUC
2007-09-14,225.0,226.0,221.1499938964844,223.5500030517578,205.00875854492188,54118,JYOTISTRUC
2007-09-17,226.0,226.0,221.25,223.25,204.733627319336,29642,JYOTISTRUC
2007-09-18,220.1999969482422,224.8500061035156,219.3999938964844,222.3999938964844,203.95411682128903,22195,JYOTISTRUC
2007-09-19,225.0,227.8999938964844,220.0,224.1499938964844,205.55897521972656,58901,JYOTISTRUC
2007-09-20,216.1499938964844,226.8000030517578,216.1499938964844,222.4499969482422,204.0,35807,JYOTISTRUC
2007-09-21,222.0,225.8999938964844,220.0,222.0500030517578,203.63316345214844,91201,JYOTISTRUC
2007-09-24,225.0,237.0,225.0,235.0,215.50909423828125,195874,JYOTISTRUC
2007-09-25,238.0,238.0,226.5,230.8999938964844,211.7491455078125,114849,JYOTISTRUC
2007-09-26,227.8999938964844,232.0500030517578,222.25,227.6000061035156,208.72283935546875,190823,JYOTISTRUC
2007-09-27,223.0500030517578,230.0,219.6999969482422,227.6999969482422,208.8145446777344,179954,JYOTISTRUC
2007-09-28,225.25,228.1000061035156,220.5,223.5,204.962890625,95119,JYOTISTRUC
2007-10-01,228.0,230.0,221.25,222.8999938964844,204.41265869140625,34453,JYOTISTRUC
2007-10-03,223.0,240.0,223.0,238.9499969482422,219.1314697265625,178080,JYOTISTRUC
2007-10-04,234.8999938964844,243.9499969482422,233.0500030517578,237.6999969482422,217.98513793945312,79136,JYOTISTRUC
2007-10-05,234.8999938964844,255.0,234.8999938964844,243.1499938964844,222.9831085205078,244558,JYOTISTRUC
2007-10-08,246.0,260.0,225.5,229.4499969482422,210.41940307617188,105788,JYOTISTRUC
2007-10-09,227.5,275.3500061035156,224.5,242.5,222.38702392578125,439239,JYOTISTRUC
2007-10-10,248.8999938964844,254.9499969482422,225.0,250.0500030517578,229.3108367919922,700006,JYOTISTRUC
2007-10-11,251.8999938964844,254.0,243.0500030517578,249.3000030517578,228.623046875,142086,JYOTISTRUC
2007-10-12,248.3999938964844,257.0,244.0,247.6999969482422,227.15576171875,88270,JYOTISTRUC
2007-10-15,251.0,274.25,248.0,269.0,246.6891021728516,165789,JYOTISTRUC
2007-10-16,271.1499938964844,281.0,262.0,268.3999938964844,246.138900756836,111485,JYOTISTRUC
2007-10-17,255.0,283.29998779296875,222.6499938964844,271.20001220703125,248.7066650390625,269002,JYOTISTRUC
2007-10-18,274.25,287.0,252.6000061035156,256.20001220703125,234.9507598876953,157941,JYOTISTRUC
2007-10-19,260.0,264.95001220703125,236.0,260.29998779296875,238.710678100586,200660,JYOTISTRUC
2007-10-22,247.0,260.8999938964844,241.3500061035156,246.25,225.8260192871093,61091,JYOTISTRUC
2007-10-23,247.0,259.0,238.1000061035156,246.5,226.05528259277344,177140,JYOTISTRUC
2007-10-24,258.0,260.0,244.75,245.1499938964844,224.81724548339844,63507,JYOTISTRUC
2007-10-25,245.5,249.9499969482422,240.0,244.6000061035156,224.3128662109375,44118,JYOTISTRUC
2007-10-26,246.0,250.0,244.1000061035156,245.3999938964844,225.0465087890625,114672,JYOTISTRUC
2007-10-29,249.8999938964844,261.0,244.6000061035156,252.0500030517578,231.1449584960937,162481,JYOTISTRUC
2007-10-30,257.0,265.0,253.0500030517578,260.75,239.1233825683593,100282,JYOTISTRUC
2007-10-31,264.8999938964844,281.79998779296875,254.0,278.1499938964844,255.0802001953125,263885,JYOTISTRUC
2007-11-01,285.0,287.0,275.0,281.75,258.381591796875,130043,JYOTISTRUC
2007-11-02,272.95001220703125,283.0,270.0,278.29998779296875,255.2177581787109,39449,JYOTISTRUC
2007-11-05,293.0,293.0,279.95001220703125,285.1000061035156,261.4537658691406,78685,JYOTISTRUC
2007-11-06,284.0,290.79998779296875,275.0,285.3500061035156,261.6830444335937,82670,JYOTISTRUC
2007-11-07,286.0,288.0,271.0,285.1000061035156,261.4537658691406,41088,JYOTISTRUC
2007-11-08,284.0,284.8999938964844,275.6000061035156,278.45001220703125,255.35536193847656,24120,JYOTISTRUC
2007-11-12,270.0,276.0,264.95001220703125,271.54998779296875,249.027587890625,19569,JYOTISTRUC
2007-11-13,270.04998779296875,315.0,270.04998779296875,275.6000061035156,252.74171447753903,31883,JYOTISTRUC
2007-11-14,281.0,291.0,278.0,282.25,258.84014892578125,76687,JYOTISTRUC
2007-11-15,285.0,310.1000061035156,281.0,295.3500061035156,270.8536682128906,60684,JYOTISTRUC
2007-11-16,293.0,309.8999938964844,289.0,295.6000061035156,271.0829467773437,28932,JYOTISTRUC
2007-11-19,301.0,304.0,295.0,300.0,275.11798095703125,18565,JYOTISTRUC
2007-11-20,297.0,304.0,292.0,293.1000061035156,268.7902526855469,28648,JYOTISTRUC
2007-11-21,295.0,295.0,275.0,285.0,261.3620910644531,27916,JYOTISTRUC
2007-11-22,275.1000061035156,284.5,272.0,278.3999938964844,255.3094787597656,15367,JYOTISTRUC
2007-11-23,279.79998779296875,285.0,272.1000061035156,280.0,256.7767944335937,16819,JYOTISTRUC
2007-11-26,287.0,296.95001220703125,282.1499938964844,291.8999938964844,267.6898193359375,35978,JYOTISTRUC
2007-11-27,286.1499938964844,301.0,285.04998779296875,300.0,275.11798095703125,28398,JYOTISTRUC
2007-11-28,301.25,308.6499938964844,288.5,291.20001220703125,267.0478820800781,15396,JYOTISTRUC
2007-11-29,300.0,300.0,285.0,289.0,265.03033447265625,18216,JYOTISTRUC
2007-11-30,294.0,296.0,288.20001220703125,289.20001220703125,265.2137451171875,6003,JYOTISTRUC
2007-12-03,293.0,298.79998779296875,276.0,286.79998779296875,263.0127868652344,23561,JYOTISTRUC
2007-12-04,289.25,299.95001220703125,283.1499938964844,296.1499938964844,271.5873107910156,35480,JYOTISTRUC
2007-12-05,300.0,315.54998779296875,289.0,307.29998779296875,281.8125,82300,JYOTISTRUC
2007-12-06,316.0,319.0,295.0,300.3999938964844,275.4848022460937,32656,JYOTISTRUC
2007-12-07,308.0,309.8999938964844,298.0,305.3999938964844,280.07012939453125,24941,JYOTISTRUC
2007-12-10,304.0,313.0,301.0,310.45001220703125,284.7012634277344,95195,JYOTISTRUC
2007-12-11,312.0,315.0,303.0,305.6000061035156,280.2535095214844,169223,JYOTISTRUC
2007-12-12,303.0,309.8999938964844,299.0,300.3500061035156,275.43896484375,25303,JYOTISTRUC
2007-12-13,301.04998779296875,307.0,291.5,293.0,268.6985778808594,28025,JYOTISTRUC
2007-12-14,298.5,300.0,288.1000061035156,289.75,265.7181091308594,23196,JYOTISTRUC
2007-12-17,282.0,296.79998779296875,280.0,282.0,258.6109313964844,18796,JYOTISTRUC
2007-12-18,285.0,285.0,277.20001220703125,280.6000061035156,257.3269958496094,14511,JYOTISTRUC
2007-12-19,282.0,287.8500061035156,276.0,280.79998779296875,257.5104064941406,27599,JYOTISTRUC
2007-12-20,286.0,290.0,279.0,287.5,263.6547241210937,12587,JYOTISTRUC
2007-12-24,292.0,292.0,282.1000061035156,283.3999938964844,259.894775390625,16058,JYOTISTRUC
2007-12-26,286.0,289.5,277.0,279.75,256.5475158691406,53594,JYOTISTRUC
2007-12-27,283.79998779296875,286.8999938964844,265.1000061035156,269.1000061035156,246.78082275390625,75459,JYOTISTRUC
2007-12-28,271.0,282.0,267.1000061035156,270.29998779296875,247.8812866210937,286987,JYOTISTRUC
2007-12-31,275.0,282.0,275.0,279.45001220703125,256.2724304199219,61372,JYOTISTRUC
2008-01-01,281.8999938964844,283.95001220703125,275.0,277.1499938964844,254.1631622314453,39897,JYOTISTRUC
2008-01-02,280.79998779296875,282.5,272.5,280.6499938964844,257.3728332519531,46221,JYOTISTRUC
2008-01-03,278.1000061035156,280.0,270.0,274.25,251.50369262695312,255013,JYOTISTRUC
2008-01-04,279.0,301.0,277.0,288.79998779296875,264.8468933105469,249201,JYOTISTRUC
2008-01-07,281.0,300.0,279.0,294.79998779296875,270.3492431640625,219794,JYOTISTRUC
2008-01-08,295.0,327.3500061035156,284.1000061035156,293.3999938964844,269.0653381347656,362141,JYOTISTRUC
2008-01-09,293.0,296.79998779296875,278.0,281.3500061035156,258.0148010253906,96474,JYOTISTRUC
2008-01-10,286.95001220703125,286.95001220703125,265.0,270.54998779296875,248.11056518554688,56162,JYOTISTRUC
2008-01-11,278.8999938964844,278.8999938964844,260.0,269.6499938964844,247.2852478027344,66058,JYOTISTRUC
2008-01-14,272.3500061035156,284.5,265.5,281.29998779296875,257.96893310546875,33659,JYOTISTRUC
2008-01-15,282.0,294.3999938964844,273.29998779296875,278.5,255.4011688232422,97784,JYOTISTRUC
2008-01-16,273.0,279.0,264.95001220703125,268.54998779296875,246.2764587402344,37033,JYOTISTRUC
2008-01-17,268.95001220703125,276.79998779296875,268.0,269.5,247.14764404296875,25726,JYOTISTRUC
2008-01-18,273.95001220703125,273.95001220703125,261.0,262.04998779296875,240.31553649902344,119516,JYOTISTRUC
2008-01-21,262.0,271.3999938964844,217.6999969482422,235.3999938964844,215.8759002685547,43203,JYOTISTRUC
2008-01-22,216.0,245.3999938964844,188.3999938964844,213.8999938964844,196.1591033935547,118920,JYOTISTRUC
2008-01-23,230.0,250.0,198.0,233.6000061035156,214.2252197265625,181608,JYOTISTRUC
2008-01-24,237.0,256.0,225.1000061035156,240.6999969482422,220.736328125,145464,JYOTISTRUC
2008-01-25,245.0,260.0,243.0,255.3500061035156,234.1712646484375,141500,JYOTISTRUC
2008-01-28,249.8000030517578,255.0,240.0,250.25,229.4942321777344,61506,JYOTISTRUC
2008-01-29,250.75,260.0,241.0,246.1499938964844,225.7342987060547,24524,JYOTISTRUC
2008-01-30,252.6499938964844,252.6499938964844,226.0,232.0,212.7578887939453,45081,JYOTISTRUC
2008-01-31,233.0500030517578,241.0,230.0,234.75,215.27981567382807,38343,JYOTISTRUC
2008-02-01,231.8500061035156,242.0,231.8500061035156,238.1499938964844,218.39781188964844,11473,JYOTISTRUC
2008-02-04,249.0,261.70001220703125,235.0,239.0500030517578,219.2231903076172,312848,JYOTISTRUC
2008-02-05,249.0,249.0,232.0500030517578,239.6499938964844,219.7733917236328,35868,JYOTISTRUC
2008-02-06,225.0,235.75,215.0,221.3500061035156,202.99122619628903,45628,JYOTISTRUC
2008-02-07,225.0,234.0,222.0500030517578,224.1999969482422,205.6048278808593,21359,JYOTISTRUC
2008-02-08,221.3000030517578,230.0,208.0,212.8000030517578,195.15036010742188,31631,JYOTISTRUC
2008-02-11,208.5,220.0,191.0,193.75,177.68035888671875,42347,JYOTISTRUC
2008-02-12,196.0,200.0,171.0,187.5,171.94874572753906,135014,JYOTISTRUC
2008-02-13,190.0,205.0,180.0,182.75,167.59271240234375,118331,JYOTISTRUC
2008-02-14,197.6999969482422,203.8000030517578,191.1499938964844,200.0,183.4119873046875,40433,JYOTISTRUC
2008-02-15,200.0,200.0,192.0,195.6000061035156,179.37693786621094,66570,JYOTISTRUC
2008-02-18,203.6499938964844,210.0,197.0,201.1000061035156,184.42076110839844,58739,JYOTISTRUC
2008-02-19,209.0,209.0,200.0,200.5,183.8705139160156,49310,JYOTISTRUC
2008-02-20,202.0,203.0,198.1499938964844,199.3000030517578,182.77005004882807,56496,JYOTISTRUC
2008-02-21,207.9499969482422,215.0,200.0500030517578,209.6999969482422,192.30747985839844,124253,JYOTISTRUC
2008-02-22,206.1000061035156,213.3999938964844,205.0500030517578,211.8999938964844,194.3249969482422,96809,JYOTISTRUC
2008-02-25,215.0,215.0,205.0,207.8500061035156,190.6109161376953,31488,JYOTISTRUC
2008-02-26,210.0,212.6999969482422,195.5,199.1999969482422,182.6783447265625,422587,JYOTISTRUC
2008-02-27,206.0,208.0,200.25,205.1999969482422,188.1807098388672,57450,JYOTISTRUC
2008-02-28,202.1000061035156,207.0,202.1000061035156,204.8000030517578,187.8138885498047,294497,JYOTISTRUC
2008-02-29,204.0,214.9499969482422,201.0,205.75,188.68507385253903,641548,JYOTISTRUC
2008-03-03,201.3000030517578,203.0,192.0,194.3999938964844,178.2764434814453,51060,JYOTISTRUC
2008-03-04,190.0500030517578,195.5,180.0,181.8999938964844,166.8131866455078,50677,JYOTISTRUC
2008-03-05,182.8999938964844,194.9499969482422,177.0,189.3000030517578,173.59945678710938,331105,JYOTISTRUC
2008-03-07,185.0,192.0,170.0,187.25,171.71946716308594,100452,JYOTISTRUC
2008-03-10,181.3999938964844,215.0,172.5,189.8500061035156,174.10382080078125,191431,JYOTISTRUC
2008-03-11,214.0,214.0,189.0,195.0,178.82669067382812,126079,JYOTISTRUC
2008-03-12,212.0,212.0,186.25,189.8999938964844,174.14968872070312,136892,JYOTISTRUC
2008-03-13,182.1999969482422,185.5,175.0,181.8500061035156,166.76734924316406,36944,JYOTISTRUC
2008-03-14,180.0,185.0,170.10000610351562,172.64999389648438,158.3303985595703,276807,JYOTISTRUC
2008-03-17,168.5,172.89999389648438,146.0,162.0500030517578,148.60955810546875,188864,JYOTISTRUC
2008-03-18,155.0,169.0,151.3000030517578,161.64999389648438,148.2427520751953,167010,JYOTISTRUC
2008-03-19,165.0,170.0,154.1999969482422,157.35000610351562,144.2993621826172,626537,JYOTISTRUC
2008-03-24,158.0500030517578,164.75,143.8000030517578,156.6999969482422,143.7032928466797,101095,JYOTISTRUC
2008-03-25,163.0,170.0,157.5,162.9499969482422,149.43490600585938,48240,JYOTISTRUC
2008-03-26,168.0,170.0,161.25,162.60000610351562,149.1139373779297,33081,JYOTISTRUC
2008-03-27,163.0,165.75,160.0,161.35000610351562,147.96763610839844,19560,JYOTISTRUC
2008-03-28,159.5,172.0,159.5,169.0500030517578,155.02899169921875,20800,JYOTISTRUC
2008-03-31,170.0,170.0,157.0500030517578,159.85000610351562,146.592041015625,20569,JYOTISTRUC
2008-04-01,162.8000030517578,164.85000610351562,157.1999969482422,158.1999969482422,145.07888793945312,23054,JYOTISTRUC
2008-04-02,164.64999389648438,164.64999389648438,157.5,159.8000030517578,146.54617309570312,51904,JYOTISTRUC
2008-04-03,160.0,161.9499969482422,153.5,154.89999389648438,142.0525665283203,25166,JYOTISTRUC
2008-04-04,158.8000030517578,158.8000030517578,153.10000610351562,153.89999389648438,141.13551330566406,18270,JYOTISTRUC
2008-04-07,155.0,156.0,150.1999969482422,152.75,140.08090209960938,15813,JYOTISTRUC
2008-04-08,153.89999389648438,165.89999389648438,153.5,164.5,150.85635375976562,209045,JYOTISTRUC
2008-04-09,164.0,171.5,157.5,164.0,150.39784240722656,238157,JYOTISTRUC
2008-04-10,167.14999389648438,169.89999389648438,160.5,161.39999389648438,148.01345825195312,127197,JYOTISTRUC
2008-04-11,160.0500030517578,165.0,159.14999389648438,163.0500030517578,149.52664184570312,25814,JYOTISTRUC
2008-04-15,159.0,168.8000030517578,158.60000610351562,162.39999389648438,148.9305419921875,83794,JYOTISTRUC
2008-04-16,164.60000610351562,167.5,158.0,161.14999389648438,147.78421020507812,52118,JYOTISTRUC
2008-04-17,164.6999969482422,164.6999969482422,158.3000030517578,160.85000610351562,147.5090789794922,386077,JYOTISTRUC
2008-04-21,162.5,166.0,160.0,161.39999389648438,148.01345825195312,137386,JYOTISTRUC
2008-04-22,162.0,166.5,160.60000610351562,161.35000610351562,147.96763610839844,111705,JYOTISTRUC
2008-04-23,164.6999969482422,169.0,161.5,162.0,148.56370544433594,113083,JYOTISTRUC
2008-04-24,164.9499969482422,166.0,162.14999389648438,162.60000610351562,149.1139373779297,26931,JYOTISTRUC
2008-04-25,164.39999389648438,168.39999389648438,163.0,167.1999969482422,153.33242797851562,183274,JYOTISTRUC
2008-04-28,169.85000610351562,182.5,168.14999389648438,180.3999938964844,165.43760681152344,305345,JYOTISTRUC
2008-04-29,183.0,184.0,175.0,175.85000610351562,161.2650146484375,132377,JYOTISTRUC
2008-04-30,178.85000610351562,178.89999389648438,171.64999389648438,172.9499969482422,158.6055145263672,66121,JYOTISTRUC
2008-05-02,176.85000610351562,180.0,172.0,173.39999389648438,159.0181884765625,177473,JYOTISTRUC
2008-05-05,174.0,177.89999389648438,170.0,171.25,157.04652404785156,165480,JYOTISTRUC
2008-05-06,173.8000030517578,173.8000030517578,167.39999389648438,170.1999969482422,156.0836181640625,290597,JYOTISTRUC
2008-05-07,170.5,174.14999389648438,160.64999389648438,163.39999389648438,149.84759521484375,827007,JYOTISTRUC
2008-05-08,156.25,162.5,154.0,154.64999389648438,141.82333374023438,316057,JYOTISTRUC
2008-05-09,154.0,159.3000030517578,149.0,151.3000030517578,138.7511749267578,397143,JYOTISTRUC
2008-05-12,151.0,153.4499969482422,147.75,149.10000610351562,136.73365783691406,404468,JYOTISTRUC
2008-05-13,152.5,153.5,149.0,150.1999969482422,137.74240112304688,204601,JYOTISTRUC
2008-05-14,151.6999969482422,151.6999969482422,148.5,149.10000610351562,136.73365783691406,122034,JYOTISTRUC
2008-05-15,149.10000610351562,151.75,148.0,149.5,137.10043334960938,147015,JYOTISTRUC
2008-05-16,150.85000610351562,151.4499969482422,145.10000610351562,146.35000610351562,134.2117462158203,114162,JYOTISTRUC
2008-05-20,148.0,150.35000610351562,146.60000610351562,149.60000610351562,137.1921844482422,90676,JYOTISTRUC
2008-05-21,148.5,149.35000610351562,147.0,148.35000610351562,136.04583740234375,29487,JYOTISTRUC
2008-05-22,146.0500030517578,148.0,146.0500030517578,146.6999969482422,134.5326690673828,38467,JYOTISTRUC
2008-05-23,149.0,152.25,145.14999389648438,145.8000030517578,133.7073516845703,135509,JYOTISTRUC
2008-05-26,145.8000030517578,145.8000030517578,141.0,141.35000610351562,129.6264190673828,32062,JYOTISTRUC
2008-05-27,142.0,143.8000030517578,130.0,131.25,120.36412048339844,154655,JYOTISTRUC
2008-05-28,132.0500030517578,135.0,121.5999984741211,123.9000015258789,113.6237335205078,427604,JYOTISTRUC
2008-05-29,125.9000015258789,130.0,125.0,125.6999969482422,115.2744369506836,166855,JYOTISTRUC
2008-05-30,127.5999984741211,128.75,120.5,123.75,114.10449981689452,254157,JYOTISTRUC
2008-06-02,126.0,126.6999969482422,119.0999984741211,120.0999984741211,110.7389907836914,62723,JYOTISTRUC
2008-06-03,118.8000030517578,122.0,111.4499969482422,119.3000030517578,110.0013427734375,178600,JYOTISTRUC
2008-06-04,118.0999984741211,124.0,118.0,121.75,112.26038360595705,172816,JYOTISTRUC
2008-06-05,120.0,121.0,115.0999984741211,117.8499984741211,108.66436767578124,96540,JYOTISTRUC
2008-06-06,121.0,121.0,114.5,115.25,106.26702117919922,44964,JYOTISTRUC
2008-06-09,110.0,110.0,105.1500015258789,107.9000015258789,99.48989868164062,63689,JYOTISTRUC
2008-06-10,107.0,113.5,105.4499969482422,106.0,97.73798370361328,105966,JYOTISTRUC
2008-06-11,108.9499969482422,112.5,107.0,110.5500030517578,101.933349609375,39902,JYOTISTRUC
2008-06-12,100.0,131.6999969482422,100.0,126.3000030517578,116.45574188232422,278950,JYOTISTRUC
2008-06-13,133.8000030517578,133.8000030517578,120.0,122.5500030517578,112.99803924560548,349769,JYOTISTRUC
2008-06-16,124.8499984741211,125.3499984741211,120.0999984741211,123.0,113.41295623779295,102207,JYOTISTRUC
2008-06-17,122.0500030517578,127.8000030517578,122.0500030517578,125.6500015258789,115.85640716552734,170088,JYOTISTRUC
2008-06-18,127.0,128.89999389648438,125.0,127.1500015258789,117.23948669433594,129760,JYOTISTRUC
2008-06-19,127.0,127.4000015258789,125.1500015258789,126.5999984741211,116.73236083984376,135692,JYOTISTRUC
2008-06-20,128.60000610351562,128.60000610351562,121.0,125.3499984741211,115.57978057861328,146622,JYOTISTRUC
2008-06-23,123.0999984741211,125.0,117.1500015258789,118.8000030517578,109.54032135009766,68411,JYOTISTRUC
2008-06-24,118.0,120.9000015258789,117.0500030517578,119.1999969482422,109.90914154052734,152809,JYOTISTRUC
2008-06-25,110.0,120.9000015258789,110.0,119.5999984741211,110.27796173095705,115980,JYOTISTRUC
2008-06-26,119.4000015258789,123.5999984741211,118.0,122.0,112.49089050292967,65343,JYOTISTRUC
2008-06-27,115.0,118.0,112.5,113.9000015258789,105.0222396850586,83988,JYOTISTRUC
2008-06-30,113.9499969482422,116.9000015258789,101.0999984741211,103.3000030517578,95.2484359741211,127676,JYOTISTRUC
2008-07-01,103.5,106.9000015258789,95.0,99.1999969482422,91.46800994873048,326266,JYOTISTRUC
2008-07-02,99.0,104.0,97.5,101.6999969482422,93.7731475830078,529019,JYOTISTRUC
2008-07-03,99.0999984741211,101.0,98.0,99.1999969482422,91.46800994873048,224695,JYOTISTRUC
2008-07-04,99.0,105.9000015258789,99.0,103.6500015258789,95.57115936279295,40571,JYOTISTRUC
2008-07-07,99.6999969482422,113.5,99.6999969482422,109.3499984741211,100.82687377929688,52375,JYOTISTRUC
2008-07-08,103.1500015258789,110.6500015258789,103.1500015258789,108.3000030517578,99.85871887207033,64496,JYOTISTRUC
2008-07-09,111.1500015258789,114.0,108.6500015258789,109.5,100.96519470214844,50539,JYOTISTRUC
2008-07-10,109.8000030517578,111.8000030517578,108.0500030517578,108.8000030517578,100.31975555419922,29506,JYOTISTRUC
2008-07-11,110.5,110.5,103.3000030517578,105.1500015258789,96.9542465209961,27490,JYOTISTRUC
2008-07-14,108.9000015258789,108.9000015258789,100.5999984741211,103.0999984741211,95.06402587890624,240518,JYOTISTRUC
2008-07-15,104.0,104.0,97.6999969482422,98.1500015258789,90.49984741210938,41627,JYOTISTRUC
2008-07-16,99.0,101.4000015258789,97.5,99.3499984741211,91.60631561279295,40085,JYOTISTRUC
2008-07-17,102.0,103.0,99.0,100.6500015258789,92.80499267578124,35551,JYOTISTRUC
2008-07-18,101.5,102.5,99.0,100.3000030517578,92.48226928710938,45738,JYOTISTRUC
2008-07-21,101.0,101.0500030517578,98.0,98.9499969482422,91.23749542236328,24587,JYOTISTRUC
2008-07-22,100.8499984741211,118.75,98.4000015258789,117.0999984741211,107.97281646728516,232807,JYOTISTRUC
2008-07-23,127.0,134.0,119.0,121.0,111.56884002685548,184047,JYOTISTRUC
2008-07-24,122.0,125.9499969482422,115.1999969482422,116.75,107.65009307861328,420211,JYOTISTRUC
2008-07-25,115.6500015258789,117.5,113.0,114.1999969482422,105.2988510131836,35927,JYOTISTRUC
2008-07-28,110.1500015258789,121.0,110.1500015258789,118.5500030517578,109.30979919433594,63606,JYOTISTRUC
2008-07-29,112.5,120.0,112.5,114.8000030517578,105.8520965576172,34108,JYOTISTRUC
2008-07-30,118.9000015258789,122.0,115.0999984741211,119.6999969482422,110.3701629638672,28812,JYOTISTRUC
2008-07-31,120.9499969482422,123.4000015258789,116.25,117.4000015258789,108.24944305419922,28927,JYOTISTRUC
2008-08-01,115.5,121.0,115.5,119.8499984741211,110.50847625732422,29908,JYOTISTRUC
2008-08-04,119.0,125.5,119.0,121.8000030517578,112.30648803710938,53363,JYOTISTRUC
2008-08-05,122.0,125.4499969482422,122.0,123.8499984741211,114.19670104980467,37926,JYOTISTRUC
2008-08-06,126.5999984741211,148.64999389648438,125.3499984741211,135.75,125.16917419433594,692943,JYOTISTRUC
2008-08-07,138.0,139.0,131.1999969482422,132.9499969482422,122.5874252319336,102440,JYOTISTRUC
2008-08-08,132.0,138.9499969482422,132.0,136.10000610351562,125.49191284179688,52718,JYOTISTRUC
2008-08-11,137.0,145.0,135.0,143.9499969482422,132.7300262451172,139658,JYOTISTRUC
2008-08-12,146.5,147.0,135.0,137.85000610351562,127.10547637939452,65217,JYOTISTRUC
2008-08-13,136.0,140.0,134.10000610351562,136.64999389648438,125.9990234375,22097,JYOTISTRUC
2008-08-14,137.5,137.5,128.25,131.6999969482422,121.43484497070312,37603,JYOTISTRUC
2008-08-18,129.0,133.60000610351562,126.1999969482422,127.0999984741211,117.19337463378906,35287,JYOTISTRUC
2008-08-19,124.1500015258789,143.8000030517578,124.1500015258789,137.5500030517578,126.82888793945312,150582,JYOTISTRUC
2008-08-20,138.9499969482422,140.0,135.5,136.3000030517578,125.6762924194336,49609,JYOTISTRUC
2008-08-21,136.35000610351562,137.35000610351562,134.25,135.25,124.70814514160156,32153,JYOTISTRUC
2008-08-22,150.0,150.0,129.8000030517578,130.9499969482422,120.7432861328125,48253,JYOTISTRUC
2008-08-25,135.0,136.0500030517578,129.1999969482422,130.75,120.55889129638672,31587,JYOTISTRUC
2008-08-26,131.10000610351562,132.85000610351562,125.0999984741211,127.9000015258789,117.9310302734375,46797,JYOTISTRUC
2008-08-27,130.0,131.9499969482422,128.10000610351562,130.10000610351562,119.9595718383789,53380,JYOTISTRUC
2008-08-28,130.0,131.8000030517578,127.5,129.9499969482422,119.82123565673828,29974,JYOTISTRUC
2008-08-29,130.25,133.0,128.10000610351562,129.0500030517578,118.9914093017578,36754,JYOTISTRUC
2008-09-01,131.0,131.0,123.1500015258789,125.3000030517578,115.53368377685548,23103,JYOTISTRUC
2008-09-02,126.3000030517578,132.75,126.0,131.6999969482422,121.43484497070312,53923,JYOTISTRUC
2008-09-04,128.1999969482422,131.89999389648438,128.1999969482422,129.14999389648438,119.0835952758789,11311,JYOTISTRUC
2008-09-05,126.5,133.0,126.0999984741211,130.3000030517578,120.14396667480467,20004,JYOTISTRUC
2008-09-08,137.89999389648438,144.8000030517578,131.0,132.5,122.17249298095705,85301,JYOTISTRUC
2008-09-09,136.0,136.89999389648438,130.0,132.25,121.94197845458984,51570,JYOTISTRUC
2008-09-10,132.89999389648438,132.89999389648438,125.5999984741211,127.0,117.10118103027344,38196,JYOTISTRUC
2008-09-11,125.5500030517578,127.5,123.0,124.3000030517578,114.61163330078124,33147,JYOTISTRUC
2008-09-12,129.0,129.0,120.0,121.25,111.79935455322266,28920,JYOTISTRUC
2008-09-15,119.0,121.0,109.0500030517578,115.4000015258789,106.4053192138672,134268,JYOTISTRUC
2008-09-16,108.0,114.4000015258789,105.0,108.3000030517578,99.85871887207033,88043,JYOTISTRUC
2008-09-17,109.0,110.5999984741211,102.0999984741211,103.6999969482422,95.61725616455078,57619,JYOTISTRUC
2008-09-18,100.0,103.0,90.1999969482422,98.9000015258789,91.19139099121094,175734,JYOTISTRUC
2008-09-19,101.1999969482422,108.0,101.1999969482422,103.25,95.20233154296876,76771,JYOTISTRUC
2008-09-22,105.0,110.0,103.25,105.6999969482422,97.46137237548828,262480,JYOTISTRUC
2008-09-23,103.25,104.9000015258789,99.0999984741211,100.1500015258789,92.34396362304688,167630,JYOTISTRUC
2008-09-24,103.0,104.0,100.5,101.3000030517578,93.40433502197266,47020,JYOTISTRUC
2008-09-25,100.5,102.9499969482422,99.25,100.3499984741211,92.5283660888672,56988,JYOTISTRUC
2008-09-26,101.1999969482422,101.4000015258789,97.5999984741211,98.4000015258789,90.73036193847656,105119,JYOTISTRUC
2008-09-29,99.0,100.0,84.55000305175781,89.5,82.52405548095703,474967,JYOTISTRUC
2008-09-30,86.94999694824219,92.8000030517578,80.0999984741211,88.69999694824219,81.78641510009766,78464,JYOTISTRUC
2008-10-01,95.0,95.0,88.0999984741211,89.30000305175781,82.33965301513672,71168,JYOTISTRUC
2008-10-03,89.5999984741211,92.0,86.19999694824219,90.05000305175781,83.03119659423828,83503,JYOTISTRUC
2008-10-06,90.1999969482422,91.0,85.19999694824219,88.0,81.1409683227539,128726,JYOTISTRUC
2008-10-07,89.94999694824219,89.94999694824219,86.19999694824219,88.0,81.1409683227539,65476,JYOTISTRUC
2008-10-08,85.9000015258789,87.94999694824219,73.5,77.4000015258789,71.3671646118164,107982,JYOTISTRUC
2008-10-10,72.0,72.0,61.95000076293945,62.650001525878906,57.76684188842773,236932,JYOTISTRUC
2008-10-13,64.05000305175781,68.80000305175781,60.150001525878906,62.29999923706055,57.44411849975586,119259,JYOTISTRUC
2008-10-14,68.0,69.9000015258789,62.900001525878906,63.84999847412109,58.87330627441406,227348,JYOTISTRUC
2008-10-15,61.0,62.900001525878906,61.0,61.54999923706055,56.75257873535156,31493,JYOTISTRUC
2008-10-16,60.900001525878906,61.0,53.900001525878906,60.25,55.55390548706055,104606,JYOTISTRUC
2008-10-17,59.0,63.900001525878906,50.150001525878906,54.150001525878906,49.92935943603516,77536,JYOTISTRUC
2008-10-20,55.09999847412109,57.0,54.0,54.900001525878906,50.620906829833984,34383,JYOTISTRUC
2008-10-21,61.0,61.0,52.70000076293945,53.650001525878906,49.46833038330078,99876,JYOTISTRUC
2008-10-22,53.79999923706055,55.900001525878906,50.0,50.70000076293945,46.74826431274414,126617,JYOTISTRUC
2008-10-23,50.0,52.0,46.09999847412109,49.5,45.64179992675781,70456,JYOTISTRUC
2008-10-24,47.09999847412109,49.34999847412109,39.59999847412109,39.59999847412109,36.5134391784668,127208,JYOTISTRUC
2008-10-27,39.59999847412109,47.54999923706055,32.5,46.20000076293945,42.5990104675293,156351,JYOTISTRUC
2008-10-29,53.09999847412109,55.95000076293945,50.25,52.09999847412109,48.03914642333984,47812,JYOTISTRUC
2008-10-31,52.0,62.0,52.0,55.150001525878906,50.85141754150391,116507,JYOTISTRUC
2008-11-03,57.79999923706055,64.5,57.79999923706055,59.25,54.6318473815918,140916,JYOTISTRUC
2008-11-04,59.900001525878906,59.900001525878906,57.0,58.04999923706055,53.52538299560547,38021,JYOTISTRUC
2008-11-05,62.0,63.900001525878906,60.5,62.54999923706055,57.67463302612305,139955,JYOTISTRUC
2008-11-06,61.0,61.0,57.0,58.900001525878906,54.30913543701172,47487,JYOTISTRUC
2008-11-07,56.29999923706055,64.80000305175781,56.29999923706055,63.45000076293945,58.504486083984375,110832,JYOTISTRUC
2008-11-10,61.5,69.80000305175781,61.5,67.80000305175781,62.51544189453125,184845,JYOTISTRUC
2008-11-11,67.0,68.3499984741211,64.0999984741211,65.9000015258789,60.763519287109375,79258,JYOTISTRUC
2008-11-12,65.5999984741211,67.44999694824219,60.59999847412109,62.59999847412109,57.72073745727539,47642,JYOTISTRUC
2008-11-14,63.54999923706055,65.19999694824219,60.54999923706055,62.900001525878906,57.99735641479492,93042,JYOTISTRUC
2008-11-17,62.650001525878906,66.44999694824219,56.650001525878906,64.0999984741211,59.10382461547852,76572,JYOTISTRUC
2008-11-18,63.0,63.5,61.09999847412109,62.95000076293945,58.04345703125,100658,JYOTISTRUC
2008-11-19,61.650001525878906,63.900001525878906,58.0,59.79999923706055,55.13898086547852,31957,JYOTISTRUC
2008-11-20,57.400001525878906,60.5,55.25,59.29999923706055,54.67795181274414,40725,JYOTISTRUC
2008-11-21,59.29999923706055,61.70000076293945,56.54999923706055,60.04999923706055,55.3694953918457,29086,JYOTISTRUC
2008-11-24,60.0,63.09999847412109,54.25,55.0,50.71310806274414,713578,JYOTISTRUC
2008-11-25,58.400001525878906,59.0,55.150001525878906,57.70000076293945,53.2026596069336,138760,JYOTISTRUC
2008-11-26,58.0,58.900001525878906,55.0,55.34999847412109,51.03582763671875,422128,JYOTISTRUC
2008-11-27,55.34999847412109,55.34999847412109,55.34999847412109,55.34999847412109,51.03582763671875,0,JYOTISTRUC
2008-11-28,57.95000076293945,60.400001525878906,54.0,58.95000076293945,54.355228424072266,27560,JYOTISTRUC
2008-12-01,62.400001525878906,62.400001525878906,58.400001525878906,60.150001525878906,55.461700439453125,33617,JYOTISTRUC
2008-12-02,56.59999847412109,58.45000076293945,56.54999923706055,57.45000076293945,52.97214889526367,12598,JYOTISTRUC
2008-12-03,58.0,60.0,56.5,58.95000076293945,54.355228424072266,46082,JYOTISTRUC
2008-12-04,59.20000076293945,61.29999923706055,57.150001525878906,61.0,56.24544525146485,47458,JYOTISTRUC
2008-12-05,61.900001525878906,65.0,57.0,58.650001525878906,54.07861328125,132691,JYOTISTRUC
2008-12-08,59.0,60.0,55.29999923706055,57.09999847412109,52.6494255065918,27418,JYOTISTRUC
2008-12-10,57.20000076293945,57.54999923706055,53.0,55.34999847412109,51.03582763671875,268360,JYOTISTRUC
2008-12-11,56.5,60.0,55.09999847412109,59.34999847412109,54.72405624389648,115429,JYOTISTRUC
2008-12-12,58.0,61.5,56.54999923706055,60.04999923706055,55.3694953918457,76069,JYOTISTRUC
2008-12-15,61.84999847412109,66.0999984741211,61.5,66.0999984741211,60.94792938232422,60760,JYOTISTRUC
2008-12-16,67.0,72.75,66.0,72.75,67.0796127319336,108435,JYOTISTRUC
2008-12-17,76.25,76.25,69.1500015258789,69.1500015258789,63.76020431518555,53380,JYOTISTRUC
2008-12-18,68.0,72.6500015258789,65.69999694824219,72.6500015258789,66.98741912841797,62236,JYOTISTRUC
2008-12-19,75.0,76.30000305175781,69.30000305175781,75.8499984741211,69.93798065185547,99924,JYOTISTRUC
2008-12-22,77.9000015258789,79.6500015258789,73.05000305175781,77.9000015258789,71.82820129394531,71818,JYOTISTRUC
2008-12-23,77.4000015258789,77.4000015258789,74.0,74.0,68.23218536376953,12113,JYOTISTRUC
2008-12-24,70.30000305175781,70.94999694824219,70.30000305175781,70.30000305175781,64.82057189941406,7099,JYOTISTRUC
2008-12-26,68.0,72.5,66.80000305175781,66.80000305175781,61.593379974365234,36859,JYOTISTRUC
2008-12-29,66.80000305175781,70.1500015258789,63.650001525878906,70.0,64.54395294189453,31671,JYOTISTRUC
2008-12-30,72.80000305175781,73.5,72.0999984741211,73.5,67.77114868164062,229913,JYOTISTRUC
2008-12-31,76.80000305175781,77.19999694824219,70.5,76.05000305175781,70.12239837646484,104780,JYOTISTRUC
2009-01-02,79.44999694824219,81.4000015258789,74.5,75.8499984741211,69.93798065185547,107082,JYOTISTRUC
2009-01-05,77.4000015258789,79.3499984741211,75.0,76.19999694824219,70.26070404052734,69595,JYOTISTRUC
2009-01-06,76.80000305175781,78.94999694824219,76.05000305175781,77.80000305175781,71.73600006103516,76818,JYOTISTRUC
2009-01-07,78.05000305175781,79.80000305175781,73.94999694824219,73.94999694824219,68.18608093261719,39022,JYOTISTRUC
2009-01-09,72.19999694824219,72.19999694824219,70.25,70.25,64.77446746826172,10669,JYOTISTRUC
2009-01-12,69.1500015258789,71.0,66.75,67.0999984741211,61.86998748779297,17100,JYOTISTRUC
2009-01-13,65.0,66.94999694824219,63.79999923706055,65.1500015258789,60.07198333740234,27216,JYOTISTRUC
2009-01-14,64.75,67.3499984741211,64.3499984741211,65.3499984741211,60.25639724731445,15153,JYOTISTRUC
2009-01-15,64.0,64.30000305175781,62.09999847412109,63.04999923706055,58.13566970825195,18571,JYOTISTRUC
2009-01-16,64.80000305175781,64.80000305175781,59.900001525878906,61.650001525878906,56.84478759765625,39749,JYOTISTRUC
2009-01-19,60.09999847412109,64.75,60.09999847412109,62.79999923706055,57.9051513671875,35238,JYOTISTRUC
2009-01-20,61.150001525878906,63.0,60.150001525878906,62.400001525878906,57.53632736206055,19001,JYOTISTRUC
2009-01-21,62.95000076293945,62.95000076293945,60.04999923706055,60.54999923706055,55.83052444458008,16842,JYOTISTRUC
2009-01-22,62.5,62.5,58.04999923706055,60.34999847412109,55.64611053466797,40632,JYOTISTRUC
2009-01-23,60.0,61.5,59.150001525878906,60.09999847412109,55.41559600830078,25044,JYOTISTRUC
2009-01-27,60.5,61.5,60.0,60.95000076293945,56.199344635009766,23611,JYOTISTRUC
2009-01-28,61.5,63.5,60.5,61.25,56.47595977783203,11153,JYOTISTRUC
2009-01-29,62.70000076293945,62.70000076293945,59.5,60.54999923706055,55.83052444458008,82056,JYOTISTRUC
2009-01-30,60.34999847412109,62.900001525878906,60.20000076293945,61.650001525878906,56.84478759765625,159699,JYOTISTRUC
2009-02-02,61.04999923706055,61.75,58.59999847412109,59.09999847412109,54.49353790283203,14335,JYOTISTRUC
2009-02-03,60.650001525878906,60.650001525878906,57.5,58.34999847412109,53.80199813842773,34935,JYOTISTRUC
2009-02-04,58.59999847412109,61.0,58.0,59.70000076293945,55.04677200317383,59483,JYOTISTRUC
2009-02-05,58.5,59.95000076293945,57.70000076293945,58.150001525878906,53.61758804321289,5629,JYOTISTRUC
2009-02-06,59.900001525878906,60.0,57.5,58.59999847412109,54.032508850097656,8360,JYOTISTRUC
2009-02-09,59.04999923706055,60.0,58.400001525878906,58.95000076293945,54.355228424072266,13151,JYOTISTRUC
2009-02-10,60.5,60.5,57.5,58.09999847412109,53.57148361206055,45201,JYOTISTRUC
2009-02-11,57.5,59.0,56.0,58.09999847412109,53.57148361206055,9470,JYOTISTRUC
2009-02-12,59.29999923706055,59.29999923706055,57.150001525878906,57.400001525878906,52.926048278808594,17613,JYOTISTRUC
2009-02-13,57.79999923706055,58.84999847412109,56.59999847412109,57.20000076293945,52.74163436889648,27964,JYOTISTRUC
2009-02-16,58.5,58.5,56.34999847412109,56.84999847412109,52.41891098022461,22983,JYOTISTRUC
2009-02-17,57.0,57.0,55.09999847412109,55.25,50.943626403808594,12566,JYOTISTRUC
2009-02-18,55.0,55.84999847412109,53.75,54.09999847412109,49.88325881958008,8798,JYOTISTRUC
2009-02-19,54.20000076293945,56.0,52.900001525878906,53.59999847412109,49.4222297668457,17911,JYOTISTRUC
2009-02-20,52.70000076293945,53.5,51.54999923706055,52.59999847412109,48.50017547607422,37602,JYOTISTRUC
2009-02-24,52.0,52.900001525878906,50.59999847412109,52.34999847412109,48.269657135009766,9724,JYOTISTRUC
2009-02-25,51.79999923706055,53.900001525878906,51.5,51.84999847412109,47.80862808227539,120225,JYOTISTRUC
2009-02-26,51.29999923706055,53.900001525878906,50.20000076293945,51.25,47.25539779663086,22018,JYOTISTRUC
2009-02-27,52.0,52.0,50.0,51.09999847412109,47.11708831787109,10722,JYOTISTRUC
2009-03-02,50.04999923706055,51.29999923706055,49.04999923706055,49.59999847412109,45.734004974365234,12032,JYOTISTRUC
2009-03-03,49.5,49.5,47.150001525878906,47.20000076293945,43.52106857299805,24894,JYOTISTRUC
2009-03-04,47.0,47.0,46.0,46.20000076293945,42.5990104675293,15024,JYOTISTRUC
2009-03-05,46.20000076293945,47.84999847412109,45.650001525878906,47.150001525878906,43.47496795654297,33764,JYOTISTRUC
2009-03-06,44.0,52.0,44.0,47.650001525878906,43.93599319458008,38501,JYOTISTRUC
2009-03-09,50.0,50.0,45.25,45.45000076293945,41.907470703125,16195,JYOTISTRUC
2009-03-12,46.0,47.29999923706055,44.59999847412109,44.70000076293945,41.21592330932617,15347,JYOTISTRUC
2009-03-13,46.34999847412109,47.70000076293945,44.59999847412109,46.5,42.87562561035156,12780,JYOTISTRUC
2009-03-16,49.0,49.0,46.29999923706055,47.900001525878906,44.16650772094727,13262,JYOTISTRUC
2009-03-17,48.650001525878906,50.0,46.54999923706055,49.650001525878906,45.78010559082031,23259,JYOTISTRUC
2009-03-18,50.5,51.900001525878906,49.70000076293945,50.70000076293945,46.74826431274414,18228,JYOTISTRUC
2009-03-19,51.95000076293945,53.0,49.29999923706055,50.150001525878906,46.24113464355469,17778,JYOTISTRUC
2009-03-20,45.20000076293945,51.45000076293945,45.20000076293945,50.54999923706055,46.60995864868164,7232,JYOTISTRUC
2009-03-23,50.79999923706055,53.70000076293945,49.70000076293945,51.04999923706055,47.07098388671875,42975,JYOTISTRUC
2009-03-24,52.0,52.70000076293945,49.25,50.54999923706055,46.60995864868164,51381,JYOTISTRUC
2009-03-25,50.150001525878906,51.5,50.04999923706055,50.900001525878906,46.93267822265625,33868,JYOTISTRUC
2009-03-26,52.25,54.09999847412109,49.04999923706055,52.70000076293945,48.59238052368164,89234,JYOTISTRUC
2009-03-27,53.0,54.900001525878906,52.25,52.79999923706055,48.68458557128906,43321,JYOTISTRUC
2009-03-30,51.20000076293945,53.34999847412109,51.0,52.0,47.94694137573242,22713,JYOTISTRUC
2009-03-31,53.95000076293945,55.5,52.04999923706055,54.70000076293945,50.43649291992188,89900,JYOTISTRUC
2009-04-01,55.0,56.29999923706055,54.04999923706055,54.900001525878906,50.620906829833984,17222,JYOTISTRUC
2009-04-02,56.5,65.0,55.75,58.5,53.94030380249024,230198,JYOTISTRUC
2009-04-06,59.59999847412109,65.44999694824219,58.79999923706055,60.0,55.32339096069336,239536,JYOTISTRUC
2009-04-08,58.0,72.0,58.0,70.05000305175781,64.5900650024414,454257,JYOTISTRUC
2009-04-09,73.0,73.4000015258789,65.0999984741211,66.30000305175781,61.1323471069336,144302,JYOTISTRUC
2009-04-13,68.0,70.19999694824219,65.94999694824219,68.94999694824219,63.575801849365234,155064,JYOTISTRUC
2009-04-15,67.80000305175781,79.9000015258789,67.19999694824219,74.94999694824219,69.10813903808594,276164,JYOTISTRUC
2009-04-16,77.05000305175781,86.5,76.25,83.4000015258789,76.8995132446289,975691,JYOTISTRUC
2009-04-17,83.69999694824219,89.5,82.6500015258789,85.55000305175781,78.8819351196289,382229,JYOTISTRUC
2009-04-20,87.0,89.5999984741211,84.05000305175781,87.05000305175781,80.26502227783203,186842,JYOTISTRUC
2009-04-21,82.05000305175781,88.9000015258789,82.0,86.25,79.52738189697266,64956,JYOTISTRUC
2009-04-22,86.0,88.0999984741211,79.30000305175781,80.6500015258789,74.36386108398438,96732,JYOTISTRUC
2009-04-23,80.0,83.5,76.25,79.4000015258789,73.21128845214844,82474,JYOTISTRUC
2009-04-24,79.0,81.5,78.5,78.8499984741211,72.70415496826172,37127,JYOTISTRUC
2009-04-27,78.9000015258789,81.0,75.69999694824219,76.94999694824219,70.95223999023438,31425,JYOTISTRUC
2009-04-28,76.1500015258789,78.44999694824219,74.1500015258789,75.05000305175781,69.2003402709961,20448,JYOTISTRUC
2009-04-29,75.80000305175781,82.0,73.75,77.5,71.45938873291016,59145,JYOTISTRUC
2009-04-30,77.5,77.5,77.5,77.5,71.45938873291016,0,JYOTISTRUC
2009-05-04,81.0,82.5,79.05000305175781,81.5,75.1476058959961,90790,JYOTISTRUC
2009-05-05,80.75,82.75,79.0,80.80000305175781,74.50216674804688,29668,JYOTISTRUC
2009-05-06,79.0,82.0,79.0,80.19999694824219,73.94893646240234,70449,JYOTISTRUC
2009-05-07,79.5,86.69999694824219,79.5,85.5,78.83583068847656,119488,JYOTISTRUC
2009-05-08,86.05000305175781,91.0,83.05000305175781,85.19999694824219,78.55921173095703,158960,JYOTISTRUC
2009-05-11,88.3499984741211,88.3499984741211,83.0,83.75,77.22222900390625,51014,JYOTISTRUC
2009-05-12,82.0,89.25,81.1500015258789,86.5999984741211,79.85009002685547,67261,JYOTISTRUC
2009-05-13,85.5,91.9000015258789,85.30000305175781,88.5,81.60199737548828,141982,JYOTISTRUC
2009-05-14,85.0,88.0,84.0,84.94999694824219,78.32869720458984,32530,JYOTISTRUC
2009-05-15,87.5,92.0,85.05000305175781,86.3499984741211,79.61957550048828,76089,JYOTISTRUC
2009-05-18,100.0,103.6500015258789,100.0,103.3000030517578,95.2484359741211,3285,JYOTISTRUC
2009-05-19,115.0,118.5,91.5500030517578,115.8499984741211,106.82023620605467,415025,JYOTISTRUC
2009-05-20,117.0,139.0500030517578,117.0,139.0500030517578,128.2119598388672,458191,JYOTISTRUC
2009-05-21,140.0,149.6999969482422,126.0500030517578,126.4499969482422,116.5940399169922,234476,JYOTISTRUC
2009-05-22,126.5,135.0,121.0500030517578,125.1999969482422,115.44147491455078,167145,JYOTISTRUC
2009-05-25,130.0,134.25,127.5500030517578,132.1999969482422,121.89585876464844,86104,JYOTISTRUC
2009-05-26,132.1999969482422,137.0,120.0500030517578,121.75,112.26038360595705,121924,JYOTISTRUC
2009-05-27,126.9000015258789,133.0,123.0999984741211,127.5,117.5622100830078,162239,JYOTISTRUC
2009-05-28,129.60000610351562,137.0,125.5,131.5,121.25045013427734,115015,JYOTISTRUC
2009-05-29,135.0,144.64999389648438,132.14999389648438,144.64999389648438,133.37547302246094,608370,JYOTISTRUC
2009-06-01,149.89999389648438,159.14999389648438,144.64999389648438,159.14999389648438,146.7452850341797,772740,JYOTISTRUC
2009-06-02,164.6999969482422,168.89999389648438,151.0500030517578,158.89999389648438,146.5147705078125,351718,JYOTISTRUC
2009-06-03,160.39999389648438,166.85000610351562,154.5,164.39999389648438,151.58609008789062,330989,JYOTISTRUC
2009-06-04,163.89999389648438,164.5,157.0,158.10000610351562,145.77711486816406,158676,JYOTISTRUC
2009-06-05,160.64999389648438,161.0,150.1999969482422,150.1999969482422,138.4928741455078,212959,JYOTISTRUC
2009-06-08,147.0,150.0,142.6999969482422,142.6999969482422,131.5774688720703,122024,JYOTISTRUC
2009-06-09,137.10000610351562,144.0,135.60000610351562,140.35000610351562,129.41062927246094,314027,JYOTISTRUC
2009-06-10,143.0,147.3000030517578,134.1999969482422,141.4499969482422,130.42489624023438,424224,JYOTISTRUC
2009-06-11,137.0,142.0500030517578,134.39999389648438,136.10000610351562,125.49191284179688,183414,JYOTISTRUC
2009-06-12,141.8000030517578,141.8000030517578,130.0500030517578,131.14999389648438,120.9277114868164,243763,JYOTISTRUC
2009-06-15,137.0500030517578,137.0500030517578,126.0999984741211,132.10000610351562,121.8036651611328,109432,JYOTISTRUC
2009-06-16,132.10000610351562,135.0,125.6500015258789,133.0,122.63350677490234,137764,JYOTISTRUC
2009-06-17,135.0,135.0,126.3499984741211,126.3499984741211,116.50184631347656,158331,JYOTISTRUC
2009-06-18,124.75,124.75,120.0500030517578,120.25,110.87728881835938,216973,JYOTISTRUC
2009-06-19,122.0,126.0,114.3000030517578,121.6500015258789,112.16818237304688,155193,JYOTISTRUC
2009-06-22,125.0,126.0,120.4000015258789,123.0500030517578,113.45906066894533,88286,JYOTISTRUC
2009-06-23,122.0,124.3000030517578,117.0,122.8499984741211,113.27464294433594,83431,JYOTISTRUC
2009-06-24,123.8499984741211,127.0,117.6500015258789,122.4000015258789,112.8597183227539,199238,JYOTISTRUC
2009-06-25,122.0999984741211,126.0,119.5,121.3000030517578,111.84546661376952,187946,JYOTISTRUC
2009-06-26,124.4000015258789,127.4000015258789,120.3000030517578,127.4000015258789,117.47000122070312,228505,JYOTISTRUC
2009-06-29,129.89999389648438,133.8000030517578,128.5,133.8000030517578,123.37116241455078,246723,JYOTISTRUC
2009-06-30,138.39999389648438,140.5,133.5,136.1999969482422,125.5841064453125,261654,JYOTISTRUC
2009-07-01,135.5,140.0,133.75,138.10000610351562,127.33599853515624,143216,JYOTISTRUC
2009-07-02,137.1999969482422,142.5,137.1999969482422,139.85000610351562,128.94961547851562,62352,JYOTISTRUC
2009-07-03,139.0,146.85000610351562,139.0,146.85000610351562,135.4040069580078,73284,JYOTISTRUC
2009-07-06,152.0,154.14999389648438,139.5500030517578,139.5500030517578,128.6729736328125,142656,JYOTISTRUC
2009-07-07,136.10000610351562,141.0,132.60000610351562,134.5,124.01660919189452,51839,JYOTISTRUC
2009-07-08,128.14999389648438,132.8000030517578,128.14999389648438,131.4499969482422,121.20431518554688,36549,JYOTISTRUC
2009-07-09,130.0,133.0,127.0,129.10000610351562,119.03750610351562,67950,JYOTISTRUC
2009-07-10,128.0,135.60000610351562,128.0,130.0,119.86734008789062,103902,JYOTISTRUC
2009-07-13,126.0,129.8000030517578,123.5,123.5,113.8739776611328,16941,JYOTISTRUC
2009-07-14,128.0,129.60000610351562,125.0,127.9499969482422,117.97712707519533,46293,JYOTISTRUC
2009-07-15,131.0,132.75,126.9000015258789,131.89999389648438,121.61924743652344,76966,JYOTISTRUC
2009-07-16,136.8000030517578,138.0,130.25,132.0500030517578,121.75757598876952,38679,JYOTISTRUC
2009-07-17,133.0,137.5,132.9499969482422,135.14999389648438,124.61593627929688,55088,JYOTISTRUC
2009-07-20,136.5,141.9499969482422,132.0,141.9499969482422,130.8859100341797,42766,JYOTISTRUC
2009-07-21,145.0,149.0500030517578,138.0500030517578,146.9499969482422,135.49620056152344,124613,JYOTISTRUC
2009-07-22,149.5,152.0,139.6999969482422,150.1999969482422,138.4928741455078,166363,JYOTISTRUC
2009-07-23,152.89999389648438,157.75,148.0500030517578,157.75,145.4544219970703,134733,JYOTISTRUC
2009-07-24,159.89999389648438,165.64999389648438,154.10000610351562,162.35000610351562,149.69589233398438,190018,JYOTISTRUC
2009-07-27,164.0,165.64999389648438,159.5500030517578,162.85000610351562,150.1569061279297,272066,JYOTISTRUC
2009-07-28,161.89999389648438,170.0500030517578,159.0,166.89999389648438,153.89122009277344,203550,JYOTISTRUC
2009-07-29,165.0,166.5,158.5500030517578,158.5500030517578,146.19204711914062,90935,JYOTISTRUC
2009-07-30,158.0,158.0,150.64999389648438,150.89999389648438,139.13833618164062,54552,JYOTISTRUC
2009-07-31,152.89999389648438,154.5,146.25,147.10000610351562,135.634521484375,149540,JYOTISTRUC
2009-08-03,148.0,154.0,145.5,148.89999389648438,137.29420471191406,94399,JYOTISTRUC
2009-08-04,150.0,152.0,146.0,147.10000610351562,135.634521484375,36555,JYOTISTRUC
2009-08-05,147.0,149.75,145.25,146.0,134.6202392578125,28692,JYOTISTRUC
2009-08-06,146.1999969482422,147.60000610351562,140.0,141.0500030517578,130.0560760498047,49005,JYOTISTRUC
2009-08-07,143.35000610351562,146.5,134.6999969482422,135.5,124.93865203857422,90878,JYOTISTRUC
2009-08-10,136.89999389648438,139.89999389648438,132.0500030517578,133.64999389648438,123.23284912109376,30254,JYOTISTRUC
2009-08-11,133.10000610351562,140.35000610351562,131.0500030517578,140.35000610351562,129.41062927246094,65537,JYOTISTRUC
2009-08-12,140.0,142.89999389648438,136.75,141.5500030517578,130.51710510253906,71534,JYOTISTRUC
2009-08-13,142.5,144.9499969482422,138.35000610351562,139.89999389648438,129.69784545898438,72428,JYOTISTRUC
2009-08-14,144.5,144.5,136.10000610351562,137.39999389648438,127.38014221191406,44923,JYOTISTRUC
2009-08-17,136.5,137.6999969482422,135.0,135.3000030517578,125.43331146240234,29135,JYOTISTRUC
2009-08-18,134.0,141.89999389648438,134.0,140.10000610351562,129.88327026367188,60756,JYOTISTRUC
2009-08-19,141.14999389648438,143.39999389648438,137.0,137.64999389648438,127.61192321777344,25944,JYOTISTRUC
2009-08-20,137.89999389648438,144.5500030517578,137.89999389648438,142.35000610351562,131.9691925048828,344269,JYOTISTRUC
2009-08-21,144.0,146.0,141.0,143.9499969482422,133.45249938964844,131262,JYOTISTRUC
2009-08-24,146.0,148.0,140.5,141.1999969482422,130.90304565429688,56760,JYOTISTRUC
2009-08-25,141.0,142.8000030517578,137.0500030517578,137.89999389648438,127.84369659423828,446001,JYOTISTRUC
2009-08-26,139.89999389648438,144.8000030517578,139.0,141.6999969482422,131.3665771484375,195821,JYOTISTRUC
2009-08-27,140.39999389648438,147.0,140.39999389648438,141.60000610351562,131.27389526367188,194397,JYOTISTRUC
2009-08-28,144.5,147.5,141.10000610351562,145.75,135.1212615966797,351394,JYOTISTRUC
2009-08-31,145.9499969482422,153.0500030517578,140.5,153.0500030517578,141.88888549804688,187749,JYOTISTRUC
2009-09-01,154.1999969482422,160.6999969482422,149.8000030517578,151.60000610351562,140.5446319580078,819420,JYOTISTRUC
2009-09-02,151.0,156.0,146.60000610351562,147.9499969482422,137.16079711914062,135629,JYOTISTRUC
2009-09-03,149.8000030517578,153.0,147.5,150.25,139.29307556152344,222147,JYOTISTRUC
2009-09-04,151.0,155.0,146.25,153.10000610351562,141.9352569580078,94060,JYOTISTRUC
2009-09-07,153.0,165.0,153.0,156.39999389648438,144.9945831298828,139331,JYOTISTRUC
2009-09-08,158.0500030517578,159.8000030517578,152.8000030517578,154.4499969482422,143.18679809570312,184407,JYOTISTRUC
2009-09-09,155.10000610351562,157.0,151.10000610351562,152.0500030517578,140.96180725097656,64760,JYOTISTRUC
2009-09-10,154.9499969482422,156.0,150.0,151.25,140.22015380859375,110905,JYOTISTRUC
2009-09-11,152.3000030517578,155.0,145.10000610351562,146.14999389648438,135.49205017089844,111724,JYOTISTRUC
2009-09-14,145.0,147.60000610351562,140.8000030517578,141.64999389648438,131.3202362060547,185131,JYOTISTRUC
2009-09-15,143.5,153.1999969482422,143.0500030517578,147.5500030517578,136.78997802734375,366395,JYOTISTRUC
2009-09-16,149.8000030517578,164.64999389648438,147.60000610351562,162.0,150.18621826171875,1050118,JYOTISTRUC
2009-09-17,164.39999389648438,165.0,155.5,162.0,150.18621826171875,429410,JYOTISTRUC
2009-09-18,161.5,169.0,159.5,161.8000030517578,150.0008087158203,520123,JYOTISTRUC
2009-09-22,162.0,168.89999389648438,162.0,166.1999969482422,154.07994079589844,353353,JYOTISTRUC
2009-09-23,168.0,168.0,158.0,158.64999389648438,147.08050537109375,106751,JYOTISTRUC
2009-09-24,152.1999969482422,157.0,152.1999969482422,153.0,141.84251403808594,252445,JYOTISTRUC
2009-09-25,153.9499969482422,157.4499969482422,150.89999389648438,152.0,140.9154510498047,229834,JYOTISTRUC
2009-09-29,155.5,157.0,148.0,150.8000030517578,139.802978515625,277436,JYOTISTRUC
2009-09-30,150.4499969482422,156.10000610351562,149.89999389648438,155.25,143.928466796875,209844,JYOTISTRUC
2009-10-01,155.0,158.0,152.5,155.9499969482422,144.57740783691406,96340,JYOTISTRUC
2009-10-05,156.1999969482422,156.1999969482422,150.10000610351562,151.10000610351562,140.0811004638672,51510,JYOTISTRUC
2009-10-06,151.9499969482422,154.75,150.10000610351562,153.5500030517578,142.35243225097656,91063,JYOTISTRUC
2009-10-07,155.25,157.85000610351562,151.3000030517578,152.5,141.37899780273438,62618,JYOTISTRUC
2009-10-08,153.5,156.6999969482422,152.10000610351562,152.5,141.37899780273438,182457,JYOTISTRUC
2009-10-09,155.0,156.4499969482422,150.5,151.60000610351562,140.5446319580078,54840,JYOTISTRUC
2009-10-12,152.60000610351562,155.6999969482422,152.60000610351562,153.60000610351562,142.39878845214844,135349,JYOTISTRUC
2009-10-13,153.60000610351562,153.60000610351562,153.60000610351562,153.60000610351562,142.39878845214844,0,JYOTISTRUC
2009-10-14,155.0,156.0,152.39999389648438,154.0,142.7696075439453,59192,JYOTISTRUC
2009-10-15,154.5,156.5,151.35000610351562,152.14999389648438,141.0545196533203,93571,JYOTISTRUC
2009-10-16,153.9499969482422,159.39999389648438,152.39999389648438,155.64999389648438,144.29928588867188,861068,JYOTISTRUC
2009-10-20,159.85000610351562,159.85000610351562,155.10000610351562,155.6999969482422,144.34564208984375,97870,JYOTISTRUC
2009-10-21,161.0,173.0,152.6999969482422,154.35000610351562,143.09408569335938,828602,JYOTISTRUC
2009-10-22,157.39999389648438,161.39999389648438,149.25,150.60000610351562,139.61756896972656,431377,JYOTISTRUC
2009-10-23,151.10000610351562,156.0,149.10000610351562,149.8000030517578,138.87588500976562,331010,JYOTISTRUC
2009-10-26,154.8000030517578,154.8000030517578,147.5500030517578,148.75,137.90245056152344,116808,JYOTISTRUC
2009-10-27,148.89999389648438,148.89999389648438,137.0,139.10000610351562,128.9561767578125,198691,JYOTISTRUC
2009-10-28,139.10000610351562,139.5,131.0,132.4499969482422,122.79113006591795,230861,JYOTISTRUC
2009-10-29,130.14999389648438,135.3000030517578,128.0,132.35000610351562,122.69842529296876,190404,JYOTISTRUC
2009-10-30,136.0,139.89999389648438,130.0,132.5500030517578,122.88384246826172,241595,JYOTISTRUC
2009-11-03,131.0,137.5,129.10000610351562,133.4499969482422,123.71820831298828,141720,JYOTISTRUC
2009-11-04,135.0500030517578,137.5,131.0,136.10000610351562,126.17496490478516,274630,JYOTISTRUC
2009-11-05,135.25,143.0,133.0500030517578,141.75,131.41294860839844,131946,JYOTISTRUC
2009-11-06,144.64999389648438,145.0,141.5,142.89999389648438,132.47906494140625,73078,JYOTISTRUC
2009-11-09,145.5,147.5,142.8000030517578,143.85000610351562,133.3597869873047,188175,JYOTISTRUC
2009-11-10,146.1999969482422,147.75,140.5,141.0500030517578,130.76397705078125,121254,JYOTISTRUC
2009-11-11,144.5,144.5,139.25,139.9499969482422,129.74420166015625,357974,JYOTISTRUC
2009-11-12,142.0,145.60000610351562,140.10000610351562,144.35000610351562,133.82334899902344,207197,JYOTISTRUC
2009-11-13,146.89999389648438,147.5,142.35000610351562,146.85000610351562,136.1410369873047,236386,JYOTISTRUC
2009-11-16,147.75,152.0,147.6999969482422,150.8000030517578,139.802978515625,160217,JYOTISTRUC
2009-11-17,151.89999389648438,151.89999389648438,146.64999389648438,147.6999969482422,136.9290313720703,61613,JYOTISTRUC
2009-11-18,148.25,156.0,148.1999969482422,151.14999389648438,140.12744140625,337593,JYOTISTRUC
2009-11-19,152.8000030517578,153.0,147.10000610351562,147.6999969482422,136.9290313720703,100505,JYOTISTRUC
2009-11-20,147.0,150.5,145.25,149.10000610351562,138.22695922851562,73293,JYOTISTRUC
2009-11-23,150.5,152.75,148.5500030517578,149.5500030517578,138.64413452148438,104407,JYOTISTRUC
2009-11-24,153.0,158.10000610351562,149.0,150.0,139.0613250732422,529889,JYOTISTRUC
2009-11-25,151.0,154.25,147.60000610351562,148.9499969482422,138.087890625,357059,JYOTISTRUC
2009-11-26,150.10000610351562,151.0,148.10000610351562,149.4499969482422,138.55142211914062,125976,JYOTISTRUC
2009-11-27,148.10000610351562,148.10000610351562,139.5,141.85000610351562,131.50564575195312,270971,JYOTISTRUC
2009-11-30,145.85000610351562,146.89999389648438,142.0,143.1999969482422,132.75718688964844,182176,JYOTISTRUC
2009-12-01,144.0,154.0,142.8000030517578,146.85000610351562,136.1410369873047,385436,JYOTISTRUC
2009-12-02,149.9499969482422,152.0,148.0,149.9499969482422,139.01495361328125,381296,JYOTISTRUC
2009-12-03,151.25,152.39999389648438,147.35000610351562,149.64999389648438,138.73681640625,588838,JYOTISTRUC
2009-12-04,147.0,152.39999389648438,147.0,147.75,136.9753875732422,318204,JYOTISTRUC
2009-12-07,149.25,150.10000610351562,144.14999389648438,145.5500030517578,134.93580627441406,152093,JYOTISTRUC
2009-12-08,147.5,149.0,145.35000610351562,145.89999389648438,135.2602996826172,162812,JYOTISTRUC
2009-12-09,142.5,147.5,142.5,143.75,133.26708984375,95389,JYOTISTRUC
2009-12-10,144.64999389648438,146.89999389648438,143.25,145.64999389648438,135.02850341796875,222813,JYOTISTRUC
2009-12-11,149.8000030517578,153.5,147.1999969482422,151.8000030517578,140.73004150390625,1290614,JYOTISTRUC
2009-12-14,152.89999389648438,155.25,149.0500030517578,150.10000610351562,139.15402221679688,541276,JYOTISTRUC
2009-12-15,152.5,152.5,143.10000610351562,144.5500030517578,134.0087432861328,123282,JYOTISTRUC
2009-12-16,145.0,154.25,143.3000030517578,150.5,139.5248565673828,316113,JYOTISTRUC
2009-12-17,151.9499969482422,153.3000030517578,148.0,151.14999389648438,140.12744140625,703636,JYOTISTRUC
2009-12-18,151.0,163.0,150.25,160.1999969482422,148.51747131347656,2968565,JYOTISTRUC
2009-12-21,161.0,167.4499969482422,160.6999969482422,162.5500030517578,150.69610595703125,1334974,JYOTISTRUC
2009-12-22,163.5,165.6999969482422,158.0,159.0,147.4049835205078,366980,JYOTISTRUC
2009-12-23,160.4499969482422,163.0,158.5,160.39999389648438,148.702880859375,221276,JYOTISTRUC
2009-12-24,161.64999389648438,163.0,158.5,161.14999389648438,149.398193359375,201780,JYOTISTRUC
2009-12-29,163.0,164.39999389648438,161.5500030517578,162.10000610351562,150.2789306640625,219269,JYOTISTRUC
2009-12-30,163.39999389648438,176.89999389648438,162.25,174.39999389648438,161.68194580078125,1573236,JYOTISTRUC
2009-12-31,178.0,178.5500030517578,157.6999969482422,172.5500030517578,159.96685791015625,1320072,JYOTISTRUC
2010-01-04,174.0,177.0,172.0,172.75,160.1522674560547,448377,JYOTISTRUC
2010-01-05,174.64999389648438,175.35000610351562,168.4499969482422,170.5500030517578,158.11270141601562,359904,JYOTISTRUC
2010-01-06,172.10000610351562,174.1999969482422,170.64999389648438,171.85000610351562,159.3179168701172,274522,JYOTISTRUC
2010-01-07,172.5,179.6999969482422,171.0,178.0,165.01942443847656,1005505,JYOTISTRUC
2010-01-08,180.3000030517578,186.4499969482422,176.0,185.0,171.5089569091797,1737232,JYOTISTRUC
2010-01-11,186.6999969482422,196.1000061035156,185.8000030517578,194.1499938964844,179.99168395996094,1114870,JYOTISTRUC
2010-01-12,193.8999938964844,196.6999969482422,185.0,186.3000030517578,172.7141571044922,442887,JYOTISTRUC
2010-01-13,186.0,192.5,184.3000030517578,190.9499969482422,177.02505493164062,520427,JYOTISTRUC
2010-01-14,191.5,192.9499969482422,185.1000061035156,186.1000061035156,172.52874755859375,154721,JYOTISTRUC
2010-01-15,187.0,197.0,186.0,195.4499969482422,181.1968688964844,478024,JYOTISTRUC
2010-01-18,195.0500030517578,196.3999938964844,184.6000061035156,186.25,172.6678009033203,584630,JYOTISTRUC
2010-01-19,188.0,190.0,181.9499969482422,183.5,170.11834716796875,137539,JYOTISTRUC
2010-01-20,185.0,186.0,173.5,176.0,163.16526794433594,329341,JYOTISTRUC
2010-01-21,174.0,182.0,172.3000030517578,174.85000610351562,162.09913635253906,498813,JYOTISTRUC
2010-01-22,170.0,179.4499969482422,162.39999389648438,171.6999969482422,159.17884826660156,551807,JYOTISTRUC
2010-01-25,170.0500030517578,174.10000610351562,167.60000610351562,173.14999389648438,160.52308654785156,131917,JYOTISTRUC
2010-01-27,170.5,176.4499969482422,161.0500030517578,161.85000610351562,150.0471649169922,304990,JYOTISTRUC
2010-01-28,166.35000610351562,167.5,160.1999969482422,162.10000610351562,150.2789306640625,381749,JYOTISTRUC
2010-01-29,161.85000610351562,168.5,157.0,166.0500030517578,153.94088745117188,162613,JYOTISTRUC
2010-02-01,167.5,175.0,166.0500030517578,173.14999389648438,160.52308654785156,148754,JYOTISTRUC
2010-02-02,176.0,181.8500061035156,170.39999389648438,173.64999389648438,160.98663330078125,286886,JYOTISTRUC
2010-02-03,175.0,176.5500030517578,171.8000030517578,173.4499969482422,160.8012237548828,69034,JYOTISTRUC
2010-02-04,173.8000030517578,175.0,163.1999969482422,165.39999389648438,153.3382568359375,125378,JYOTISTRUC
2010-02-05,160.10000610351562,165.60000610351562,152.1999969482422,160.85000610351562,149.12008666992188,343020,JYOTISTRUC
2010-02-08,165.4499969482422,167.9499969482422,162.5,165.85000610351562,153.75546264648438,57632,JYOTISTRUC
2010-02-09,168.0,173.0,166.0,167.0500030517578,154.86795043945312,202057,JYOTISTRUC
2010-02-10,169.5,170.0,167.1999969482422,169.3000030517578,156.95387268066406,77052,JYOTISTRUC
2010-02-11,170.0,171.8000030517578,166.14999389648438,167.0500030517578,154.86795043945312,55280,JYOTISTRUC
2010-02-15,169.89999389648438,176.4499969482422,169.1999969482422,171.1999969482422,158.71530151367188,222262,JYOTISTRUC
2010-02-16,173.6999969482422,176.1999969482422,170.1999969482422,172.1999969482422,159.64239501953125,116400,JYOTISTRUC
2010-02-17,172.75,173.9499969482422,170.35000610351562,170.89999389648438,158.43716430664062,62183,JYOTISTRUC
2010-02-18,172.0,172.0,168.10000610351562,168.5500030517578,156.25856018066406,45916,JYOTISTRUC
2010-02-19,171.89999389648438,172.0,162.75,163.35000610351562,151.43777465820312,98440,JYOTISTRUC
2010-02-22,167.5500030517578,171.89999389648438,162.0500030517578,162.4499969482422,150.6033935546875,204797,JYOTISTRUC
2010-02-23,162.5,163.0,150.35000610351562,153.60000610351562,142.39878845214844,289658,JYOTISTRUC
2010-02-24,153.0,155.5,151.5,154.60000610351562,143.32586669921875,303314,JYOTISTRUC
2010-02-25,155.0,158.89999389648438,153.60000610351562,154.64999389648438,143.37220764160156,128374,JYOTISTRUC
2010-02-26,155.9499969482422,158.4499969482422,152.5,154.0500030517578,142.8159637451172,136203,JYOTISTRUC
2010-03-02,156.4499969482422,161.0,155.6999969482422,159.39999389648438,147.7758026123047,277297,JYOTISTRUC
2010-03-03,160.0,162.3000030517578,158.60000610351562,159.25,147.63674926757812,122225,JYOTISTRUC
2010-03-04,158.0,161.89999389648438,158.0,161.14999389648438,149.398193359375,129071,JYOTISTRUC
2010-03-05,163.4499969482422,170.89999389648438,161.75,162.8000030517578,150.92788696289062,758381,JYOTISTRUC
2010-03-08,164.5,168.8000030517578,161.60000610351562,163.8000030517578,151.85496520996094,207854,JYOTISTRUC
2010-03-09,164.0,164.0,159.5,160.60000610351562,148.88832092285156,179461,JYOTISTRUC
2010-03-10,161.0,163.89999389648438,159.64999389648438,161.0,149.2591552734375,157482,JYOTISTRUC
2010-03-11,162.0,173.0,160.10000610351562,171.1999969482422,158.71530151367188,942891,JYOTISTRUC
2010-03-12,173.1999969482422,174.0,168.3000030517578,169.0500030517578,156.7220916748047,439703,JYOTISTRUC
2010-03-15,168.0,168.6999969482422,164.5,165.1999969482422,153.15284729003906,50524,JYOTISTRUC
2010-03-16,164.25,166.75,163.5,164.85000610351562,152.82839965820312,45994,JYOTISTRUC
2010-03-17,165.10000610351562,170.6999969482422,164.10000610351562,164.8000030517578,152.7820281982422,284321,JYOTISTRUC
2010-03-18,166.0,166.60000610351562,164.0,164.9499969482422,152.92108154296875,82280,JYOTISTRUC
2010-03-19,165.0,168.0,163.60000610351562,164.5500030517578,152.5502471923828,81981,JYOTISTRUC
2010-03-22,162.0,164.5500030517578,161.0,164.0500030517578,152.08673095703125,74545,JYOTISTRUC
2010-03-23,164.6999969482422,166.89999389648438,163.5,164.64999389648438,152.6429443359375,152690,JYOTISTRUC
2010-03-25,164.64999389648438,172.9499969482422,164.64999389648438,169.1999969482422,156.86114501953125,1362764,JYOTISTRUC
2010-03-26,173.0,175.5,167.0500030517578,168.75,156.4439697265625,564875,JYOTISTRUC
2010-03-29,170.0,172.6999969482422,161.10000610351562,162.39999389648438,150.55703735351562,327807,JYOTISTRUC
2010-03-30,164.89999389648438,170.39999389648438,164.0,166.14999389648438,154.0335693359375,335224,JYOTISTRUC
2010-03-31,167.25,170.75,161.39999389648438,162.4499969482422,150.6033935546875,356992,JYOTISTRUC
2010-04-01,164.25,170.5,164.1999969482422,169.6999969482422,157.32469177246094,319793,JYOTISTRUC
2010-04-05,170.0,171.0,165.5500030517578,167.4499969482422,155.23878479003906,223071,JYOTISTRUC
2010-04-06,168.0,172.1999969482422,166.60000610351562,167.35000610351562,155.14605712890625,288752,JYOTISTRUC
2010-04-07,168.0,170.35000610351562,167.8000030517578,168.75,156.4439697265625,116906,JYOTISTRUC
2010-04-08,174.9499969482422,174.9499969482422,168.5,169.60000610351562,157.23199462890625,250217,JYOTISTRUC
2010-04-09,170.0,172.0500030517578,167.5,170.89999389648438,158.43716430664062,113947,JYOTISTRUC
2010-04-12,170.89999389648438,174.0,170.10000610351562,170.8000030517578,158.344482421875,180886,JYOTISTRUC
2010-04-13,170.5,173.75,169.0,169.5500030517578,157.18563842773438,154603,JYOTISTRUC
2010-04-15,170.0,171.75,168.5500030517578,169.14999389648438,156.81480407714844,89290,JYOTISTRUC
2010-04-16,169.0,169.39999389648438,167.0,167.4499969482422,155.23878479003906,58807,JYOTISTRUC
2010-04-19,171.9499969482422,171.9499969482422,163.1999969482422,165.85000610351562,153.75546264648438,76339,JYOTISTRUC
2010-04-20,166.0,168.89999389648438,166.0,167.6999969482422,155.47052001953125,48874,JYOTISTRUC
2010-04-21,169.0,170.0,167.9499969482422,168.5,156.2122039794922,50599,JYOTISTRUC
2010-04-22,167.5,169.8000030517578,167.1999969482422,168.3000030517578,156.02679443359375,78775,JYOTISTRUC
2010-04-23,170.10000610351562,176.9499969482422,169.5500030517578,172.5500030517578,159.96685791015625,742847,JYOTISTRUC
2010-04-26,173.0,177.6999969482422,170.5500030517578,175.4499969482422,162.65538024902344,370772,JYOTISTRUC
2010-04-27,175.0,175.89999389648438,170.3000030517578,171.14999389648438,158.66896057128906,105360,JYOTISTRUC
2010-04-28,170.0,170.5,165.3000030517578,166.0500030517578,153.94088745117188,106408,JYOTISTRUC
2010-04-29,166.0,169.5,166.0,167.9499969482422,155.7023162841797,60528,JYOTISTRUC
2010-04-30,168.0,170.25,167.10000610351562,167.64999389648438,155.42417907714844,65163,JYOTISTRUC
2010-05-03,167.8000030517578,169.35000610351562,164.0,164.64999389648438,152.6429443359375,92800,JYOTISTRUC
2010-05-04,166.8000030517578,166.9499969482422,161.10000610351562,162.3000030517578,150.46432495117188,72283,JYOTISTRUC
2010-05-05,160.10000610351562,163.5,156.10000610351562,162.0500030517578,150.23255920410156,70492,JYOTISTRUC
2010-05-06,162.0,164.0,157.10000610351562,158.8000030517578,147.21957397460938,71509,JYOTISTRUC
2010-05-07,155.10000610351562,159.5,151.1999969482422,157.4499969482422,145.968017578125,296630,JYOTISTRUC
2010-05-10,158.5500030517578,161.0,157.0,157.85000610351562,146.3388671875,113698,JYOTISTRUC
2010-05-11,159.89999389648438,159.89999389648438,145.0,147.60000610351562,136.83633422851562,483128,JYOTISTRUC
2010-05-12,147.0,151.8000030517578,144.10000610351562,145.60000610351562,134.982177734375,381277,JYOTISTRUC
2010-05-13,148.3000030517578,154.4499969482422,147.0500030517578,152.6999969482422,141.5644073486328,164191,JYOTISTRUC
2010-05-14,153.89999389648438,153.89999389648438,150.10000610351562,152.35000610351562,141.2399444580078,81928,JYOTISTRUC
2010-05-17,151.89999389648438,151.89999389648438,143.5,144.60000610351562,134.0550994873047,342387,JYOTISTRUC
2010-05-18,145.0,150.60000610351562,144.60000610351562,148.64999389648438,137.80975341796875,99653,JYOTISTRUC
2010-05-19,147.0,147.0,135.8000030517578,143.89999389648438,133.40615844726562,347124,JYOTISTRUC
2010-05-20,145.0,145.89999389648438,138.35000610351562,140.0500030517578,129.83689880371094,102899,JYOTISTRUC
2010-05-21,136.0,139.39999389648438,132.0,133.35000610351562,123.6255111694336,368889,JYOTISTRUC
2010-05-24,136.9499969482422,141.8000030517578,135.39999389648438,139.14999389648438,129.00253295898438,164139,JYOTISTRUC
2010-05-25,135.5,137.8000030517578,133.10000610351562,134.0500030517578,124.2744598388672,73752,JYOTISTRUC
2010-05-26,136.0,139.64999389648438,135.25,137.14999389648438,127.14838409423828,57739,JYOTISTRUC
2010-05-27,136.5,141.8000030517578,136.0,140.5,130.25408935546875,57661,JYOTISTRUC
2010-05-28,141.14999389648438,144.89999389648438,139.5,140.10000610351562,129.88327026367188,141605,JYOTISTRUC
2010-05-31,139.4499969482422,142.9499969482422,137.5500030517578,138.0,127.9364013671875,113014,JYOTISTRUC
2010-06-01,138.0,141.39999389648438,138.0,140.3000030517578,130.0686798095703,134272,JYOTISTRUC
2010-06-02,141.0,143.64999389648438,140.0,142.9499969482422,132.52540588378906,77512,JYOTISTRUC
2010-06-03,145.89999389648438,145.89999389648438,141.1999969482422,143.0500030517578,132.61813354492188,96827,JYOTISTRUC
2010-06-04,142.0,145.1999969482422,141.60000610351562,144.1999969482422,133.68426513671875,56834,JYOTISTRUC
2010-06-07,142.0,144.0,138.0,142.25,131.87648010253906,53228,JYOTISTRUC
2010-06-08,142.0,145.0,140.5500030517578,141.0500030517578,130.76397705078125,71846,JYOTISTRUC
2010-06-09,141.0,143.8000030517578,141.0,142.4499969482422,132.06187438964844,22866,JYOTISTRUC
2010-06-10,142.0,148.6999969482422,142.0,146.35000610351562,135.677490234375,512022,JYOTISTRUC
2010-06-11,148.39999389648438,153.85000610351562,146.60000610351562,151.14999389648438,140.12744140625,333025,JYOTISTRUC
2010-06-14,152.5,155.39999389648438,149.0,150.14999389648438,139.20037841796875,95006,JYOTISTRUC
2010-06-15,150.5500030517578,152.85000610351562,148.0,151.6999969482422,140.6373291015625,66891,JYOTISTRUC
2010-06-16,152.0,154.1999969482422,151.0500030517578,153.0500030517578,141.88888549804688,79250,JYOTISTRUC
2010-06-17,152.0,155.5,151.5500030517578,154.39999389648438,143.1404266357422,77018,JYOTISTRUC
2010-06-18,152.3000030517578,154.4499969482422,152.3000030517578,153.0,141.84251403808594,46376,JYOTISTRUC
2010-06-21,155.0,155.0,153.0500030517578,154.0,142.7696075439453,56034,JYOTISTRUC
2010-06-22,154.0,154.0,151.1999969482422,152.10000610351562,141.00816345214844,75497,JYOTISTRUC
2010-06-23,154.0,161.8000030517578,153.8000030517578,156.89999389648438,145.4581298828125,641588,JYOTISTRUC
2010-06-24,158.0,160.8000030517578,155.14999389648438,156.60000610351562,145.18002319335938,341849,JYOTISTRUC
2010-06-25,155.10000610351562,157.35000610351562,151.0,151.75,140.68368530273438,230146,JYOTISTRUC
2010-06-28,152.89999389648438,153.5,146.85000610351562,148.60000610351562,137.76339721679688,513686,JYOTISTRUC
2010-06-29,148.9499969482422,153.35000610351562,147.75,152.10000610351562,141.00816345214844,210164,JYOTISTRUC
2010-06-30,150.10000610351562,154.3000030517578,149.60000610351562,153.5,142.3060760498047,127788,JYOTISTRUC
2010-07-01,150.3000030517578,154.0,148.6999969482422,151.64999389648438,140.59095764160156,402465,JYOTISTRUC
2010-07-02,153.89999389648438,155.85000610351562,150.10000610351562,150.8000030517578,139.802978515625,99409,JYOTISTRUC
2010-07-05,150.0,152.4499969482422,150.0,150.25,139.29307556152344,95545,JYOTISTRUC
2010-07-06,148.0,151.39999389648438,147.60000610351562,150.0,139.0613250732422,188890,JYOTISTRUC
2010-07-07,151.9499969482422,153.5500030517578,150.0,152.10000610351562,141.00816345214844,135621,JYOTISTRUC
2010-07-08,153.1999969482422,155.75,153.0,153.75,142.537841796875,146197,JYOTISTRUC
2010-07-09,154.1999969482422,156.0,153.1999969482422,155.10000610351562,143.78939819335938,171412,JYOTISTRUC
2010-07-12,156.5500030517578,157.5500030517578,151.5,154.0,142.7696075439453,172508,JYOTISTRUC
2010-07-13,156.0,161.89999389648438,153.25,159.75,148.1002960205078,545249,JYOTISTRUC
2010-07-14,161.60000610351562,163.35000610351562,155.10000610351562,156.75,145.31906127929688,299717,JYOTISTRUC
2010-07-15,157.89999389648438,159.5,155.5,158.0500030517578,146.52426147460938,168074,JYOTISTRUC
2010-07-16,158.0500030517578,162.5,157.0500030517578,161.5500030517578,149.76902770996094,370422,JYOTISTRUC
2010-07-19,161.5500030517578,164.0,159.89999389648438,162.60000610351562,150.74244689941406,210163,JYOTISTRUC
2010-07-20,162.60000610351562,169.25,162.60000610351562,167.3000030517578,155.09971618652344,796871,JYOTISTRUC
2010-07-21,165.0,168.4499969482422,160.25,162.6999969482422,150.83517456054688,200544,JYOTISTRUC
2010-07-22,162.5500030517578,166.39999389648438,161.5500030517578,165.60000610351562,153.52369689941406,178168,JYOTISTRUC
2010-07-23,165.1999969482422,168.3000030517578,163.75,165.14999389648438,153.10650634765625,92998,JYOTISTRUC
2010-07-26,166.10000610351562,167.0,161.0,163.6999969482422,151.76223754882812,84151,JYOTISTRUC
2010-07-27,165.0,168.0,156.0,162.3000030517578,150.46432495117188,439605,JYOTISTRUC
2010-07-28,164.0,165.0,157.25,160.4499969482422,148.74923706054688,170274,JYOTISTRUC
2010-07-29,158.8000030517578,161.25,156.5,157.35000610351562,145.8753204345703,356661,JYOTISTRUC
2010-07-30,158.5,160.5,155.0,155.4499969482422,144.11387634277344,80961,JYOTISTRUC
2010-08-02,157.3000030517578,157.9499969482422,152.75,154.10000610351562,142.86231994628906,112584,JYOTISTRUC
2010-08-03,155.0,155.89999389648438,153.3000030517578,153.9499969482422,142.72323608398438,171176,JYOTISTRUC
2010-08-04,154.60000610351562,155.10000610351562,152.5500030517578,153.4499969482422,142.25970458984375,186020,JYOTISTRUC
2010-08-05,155.0,155.0,152.10000610351562,152.89999389648438,141.74981689453125,242437,JYOTISTRUC
2010-08-06,152.8000030517578,156.5,152.0,152.35000610351562,141.2399444580078,197111,JYOTISTRUC
2010-08-09,152.89999389648438,154.8000030517578,152.0,154.0,142.7696075439453,401526,JYOTISTRUC
2010-08-10,154.25,156.6999969482422,151.3000030517578,151.89999389648438,140.82273864746094,157723,JYOTISTRUC
2010-08-11,152.0,153.5,150.0,150.1999969482422,139.24671936035156,140872,JYOTISTRUC
2010-08-12,149.0,150.0,147.25,147.9499969482422,137.16079711914062,93534,JYOTISTRUC
2010-08-13,150.0,153.5,148.5,148.6999969482422,137.85609436035156,98174,JYOTISTRUC
2010-08-16,149.10000610351562,150.89999389648438,147.25,148.1999969482422,137.392578125,284295,JYOTISTRUC
2010-08-17,149.0,149.8000030517578,146.0,146.60000610351562,135.90924072265625,59626,JYOTISTRUC
2010-08-18,149.1999969482422,149.1999969482422,145.39999389648438,145.8000030517578,135.1676025390625,113872,JYOTISTRUC
2010-08-19,146.3000030517578,149.39999389648438,142.35000610351562,143.4499969482422,132.9889678955078,243986,JYOTISTRUC
2010-08-20,142.5,144.0,141.3000030517578,142.0500030517578,131.69107055664062,174526,JYOTISTRUC
2010-08-23,143.5,143.5,139.5,140.39999389648438,130.16139221191406,262403,JYOTISTRUC
2010-08-24,140.39999389648438,141.0,136.25,137.4499969482422,127.42652130126952,181284,JYOTISTRUC
2010-08-25,137.10000610351562,142.60000610351562,136.0500030517578,138.39999389648438,128.3072509765625,212394,JYOTISTRUC
2010-08-26,139.9499969482422,147.8000030517578,137.60000610351562,145.89999389648438,135.2602996826172,608667,JYOTISTRUC
2010-08-27,147.0,150.0,140.5,141.4499969482422,131.1348114013672,451925,JYOTISTRUC
2010-08-30,144.0500030517578,144.89999389648438,135.25,136.4499969482422,127.2655029296875,229611,JYOTISTRUC
2010-08-31,137.8000030517578,137.8000030517578,132.8000030517578,134.39999389648438,125.3534927368164,197090,JYOTISTRUC
2010-09-01,135.0,138.89999389648438,135.0,137.6999969482422,128.43136596679688,133069,JYOTISTRUC
2010-09-02,138.5,141.6999969482422,138.0,138.75,129.4106903076172,235613,JYOTISTRUC
2010-09-03,139.10000610351562,141.0,138.5,139.8000030517578,130.3900146484375,160841,JYOTISTRUC
2010-09-06,140.89999389648438,142.75,138.5,138.8000030517578,129.45733642578125,171707,JYOTISTRUC
2010-09-07,139.0500030517578,140.5,138.35000610351562,139.60000610351562,130.2034912109375,387608,JYOTISTRUC
2010-09-08,138.5,143.39999389648438,135.10000610351562,137.75,128.47799682617188,689350,JYOTISTRUC
2010-09-09,139.5,142.1999969482422,138.5,139.25,129.8770294189453,391577,JYOTISTRUC
2010-09-13,141.0,141.0,134.0500030517578,135.0500030517578,125.9597396850586,625437,JYOTISTRUC
2010-09-14,136.5,137.39999389648438,129.0,131.64999389648438,122.78858947753906,430497,JYOTISTRUC
2010-09-15,133.39999389648438,141.64999389648438,131.0500030517578,140.60000610351562,131.13616943359375,1599460,JYOTISTRUC
2010-09-16,142.89999389648438,142.89999389648438,134.5,134.9499969482422,125.86647033691406,677825,JYOTISTRUC
2010-09-17,136.0,138.89999389648438,135.5,136.89999389648438,127.6852035522461,549455,JYOTISTRUC
2010-09-20,139.0,140.85000610351562,137.89999389648438,139.25,129.8770294189453,890384,JYOTISTRUC
2010-09-21,139.89999389648438,141.0,134.25,135.0500030517578,125.9597396850586,622233,JYOTISTRUC
2010-09-22,136.0,138.85000610351562,134.3000030517578,138.10000610351562,128.80445861816406,483802,JYOTISTRUC
2010-09-23,138.5,139.0,135.5500030517578,137.14999389648438,127.91838836669922,247361,JYOTISTRUC
2010-09-24,137.8000030517578,140.4499969482422,137.25,140.14999389648438,130.71644592285156,540404,JYOTISTRUC
2010-09-27,140.9499969482422,141.1999969482422,138.3000030517578,139.0,129.64385986328125,472182,JYOTISTRUC
2010-09-28,140.0,140.0,136.60000610351562,137.10000610351562,127.87176513671876,128628,JYOTISTRUC
2010-09-29,138.25,138.85000610351562,136.5,137.0,127.77849578857422,141749,JYOTISTRUC
2010-09-30,137.5,138.60000610351562,134.39999389648438,136.0500030517578,126.8924331665039,160586,JYOTISTRUC
2010-10-01,136.60000610351562,139.5,136.0500030517578,137.1999969482422,127.96501922607422,135197,JYOTISTRUC
2010-10-04,137.1999969482422,139.4499969482422,134.8000030517578,135.4499969482422,126.3328094482422,262381,JYOTISTRUC
2010-10-05,137.6999969482422,141.89999389648438,135.5500030517578,138.75,129.4106903076172,485425,JYOTISTRUC
2010-10-06,139.0,144.8000030517578,139.0,143.9499969482422,134.26068115234375,980090,JYOTISTRUC
2010-10-07,144.89999389648438,148.9499969482422,142.60000610351562,144.6999969482422,134.96018981933594,833870,JYOTISTRUC
2010-10-08,145.5,148.39999389648438,142.10000610351562,143.5500030517578,133.88760375976562,431292,JYOTISTRUC
2010-10-11,144.25,146.39999389648438,142.35000610351562,142.9499969482422,133.32797241210938,248282,JYOTISTRUC
2010-10-12,143.9499969482422,143.9499969482422,140.0,141.5,131.9755859375,213980,JYOTISTRUC
2010-10-13,142.0,142.9499969482422,137.75,138.4499969482422,129.13088989257812,360656,JYOTISTRUC
2010-10-14,139.0,142.9499969482422,137.0500030517578,137.6999969482422,128.43136596679688,270016,JYOTISTRUC
2010-10-15,138.10000610351562,139.14999389648438,135.5,136.3000030517578,127.1256103515625,210255,JYOTISTRUC
2010-10-18,137.6999969482422,137.75,132.5,133.6999969482422,124.70060729980467,185728,JYOTISTRUC
2010-10-19,135.5500030517578,136.6999969482422,133.75,135.5,126.37945556640624,162045,JYOTISTRUC
2010-10-20,134.0,135.0,132.75,133.3000030517578,124.32755279541016,156280,JYOTISTRUC
2010-10-21,134.39999389648438,135.89999389648438,132.0500030517578,132.35000610351562,123.44147491455078,300567,JYOTISTRUC
2010-10-22,133.4499969482422,134.5,131.75,132.10000610351562,123.20831298828124,1131438,JYOTISTRUC
2010-10-25,134.1999969482422,137.8000030517578,133.5,135.89999389648438,126.75252532958984,455900,JYOTISTRUC
2010-10-26,137.0,137.39999389648438,133.0,133.85000610351562,124.8405303955078,268387,JYOTISTRUC
2010-10-27,134.5,138.39999389648438,132.64999389648438,134.9499969482422,125.86647033691406,475509,JYOTISTRUC
2010-10-28,135.0,136.85000610351562,131.5,132.75,123.8145523071289,169148,JYOTISTRUC
2010-10-29,132.5,134.0,131.10000610351562,132.6999969482422,123.76791381835938,143226,JYOTISTRUC
2010-11-01,133.1999969482422,136.39999389648438,132.8000030517578,135.64999389648438,126.51936340332033,252077,JYOTISTRUC
2010-11-02,136.39999389648438,138.85000610351562,134.5500030517578,136.64999389648438,127.45204162597656,428928,JYOTISTRUC
2010-11-03,138.14999389648438,139.39999389648438,136.75,137.0500030517578,127.82512664794922,222450,JYOTISTRUC
2010-11-04,137.89999389648438,140.6999969482422,136.6999969482422,139.0,129.64385986328125,655173,JYOTISTRUC
2010-11-08,142.0,146.5,139.10000610351562,143.14999389648438,133.5145263671875,961431,JYOTISTRUC
2010-11-09,144.0,145.60000610351562,141.1999969482422,141.8000030517578,132.25540161132812,229040,JYOTISTRUC
2010-11-10,142.0,144.39999389648438,140.0,142.5,132.9082794189453,209324,JYOTISTRUC
2010-11-11,143.85000610351562,146.8000030517578,141.75,142.8000030517578,133.18807983398438,640717,JYOTISTRUC
2010-11-12,141.25,143.75,139.3000030517578,139.6999969482422,130.29673767089844,164860,JYOTISTRUC
2010-11-15,141.39999389648438,141.9499969482422,138.1999969482422,141.14999389648438,131.64913940429688,113717,JYOTISTRUC
2010-11-16,142.0,142.0,136.0,137.14999389648438,127.91838836669922,185750,JYOTISTRUC
2010-11-18,138.10000610351562,139.14999389648438,137.0,137.75,128.47799682617188,132331,JYOTISTRUC
2010-11-19,138.8000030517578,138.8000030517578,133.1999969482422,134.0500030517578,125.0270538330078,113817,JYOTISTRUC
2010-11-22,134.3000030517578,136.8000030517578,133.0500030517578,134.14999389648438,125.1203155517578,70802,JYOTISTRUC
2010-11-23,134.0,134.75,130.0,132.75,123.8145523071289,89923,JYOTISTRUC
2010-11-24,132.5,134.4499969482422,131.0,131.35000610351562,122.50879669189452,61908,JYOTISTRUC
2010-11-25,133.89999389648438,134.5,130.3000030517578,130.89999389648438,122.0890655517578,106868,JYOTISTRUC
2010-11-26,132.0,132.0,118.0,125.25,116.8193817138672,337862,JYOTISTRUC
2010-11-29,127.8499984741211,127.8499984741211,122.1500015258789,123.0999984741211,114.81410217285156,75521,JYOTISTRUC
2010-11-30,123.0,125.3499984741211,121.5,123.0500030517578,114.76746368408205,137431,JYOTISTRUC
2010-12-01,124.5,128.6999969482422,124.0,126.9000015258789,118.35832214355467,335998,JYOTISTRUC
2010-12-02,133.8000030517578,133.8000030517578,127.0,127.5999984741211,119.01119995117188,308965,JYOTISTRUC
2010-12-03,128.5,129.25,124.1999969482422,125.3499984741211,116.9126434326172,95408,JYOTISTRUC
2010-12-06,126.9000015258789,129.5,126.9000015258789,127.6500015258789,119.0578384399414,123417,JYOTISTRUC
2010-12-07,127.6500015258789,131.5,125.5,127.3000030517578,118.7313995361328,177546,JYOTISTRUC
2010-12-08,126.9000015258789,126.9000015258789,124.0999984741211,124.5999984741211,116.21312713623048,227882,JYOTISTRUC
2010-12-09,125.9000015258789,125.9000015258789,120.0,122.8000030517578,114.53429412841795,121019,JYOTISTRUC
2010-12-10,121.0,125.5,118.0,123.4000015258789,115.09391021728516,134164,JYOTISTRUC
2010-12-13,124.6999969482422,125.0,121.9499969482422,123.4499969482422,115.14054107666016,92458,JYOTISTRUC
2010-12-14,122.0999984741211,125.4499969482422,121.4000015258789,124.1999969482422,115.84004974365234,69577,JYOTISTRUC
2010-12-15,124.0,124.5,122.0,123.3499984741211,115.04727172851562,68823,JYOTISTRUC
2010-12-16,123.3000030517578,124.8499984741211,122.1999969482422,122.9499969482422,114.6741943359375,52959,JYOTISTRUC
2010-12-20,122.5,123.0,121.1500015258789,122.3000030517578,114.06795501708984,65273,JYOTISTRUC
2010-12-21,122.3000030517578,123.4000015258789,120.5999984741211,121.4499969482422,113.27516174316406,124492,JYOTISTRUC
2010-12-22,121.4499969482422,123.0500030517578,119.5500030517578,120.4000015258789,112.29583740234376,101257,JYOTISTRUC
2010-12-23,119.5500030517578,121.9000015258789,119.0999984741211,121.0500030517578,112.90209197998048,42775,JYOTISTRUC
2010-12-24,121.9499969482422,126.0,120.9000015258789,125.1500015258789,116.7261199951172,238069,JYOTISTRUC
2010-12-27,126.0,127.0,123.5,125.3499984741211,116.9126434326172,76221,JYOTISTRUC
2010-12-28,124.6999969482422,127.4000015258789,124.5,126.0999984741211,117.61216735839844,63083,JYOTISTRUC
2010-12-29,127.3499984741211,127.5,125.0,125.1999969482422,116.77274322509766,49763,JYOTISTRUC
2010-12-30,125.6999969482422,127.0999984741211,124.8000030517578,126.3000030517578,117.79871368408205,48113,JYOTISTRUC
2010-12-31,125.0,134.0,125.0,133.1999969482422,124.2342529296875,238358,JYOTISTRUC
2011-01-03,132.0,135.0,132.0,134.60000610351562,125.54003143310548,93681,JYOTISTRUC
2011-01-04,135.0,138.8000030517578,134.0,135.9499969482422,126.79914855957033,129343,JYOTISTRUC
2011-01-05,137.0,138.4499969482422,133.3000030517578,137.60000610351562,128.33810424804688,99840,JYOTISTRUC
2011-01-06,139.0,140.5,135.14999389648438,136.25,127.07897186279295,128572,JYOTISTRUC
2011-01-07,134.1999969482422,135.5,131.0,131.75,122.88186645507812,81574,JYOTISTRUC
2011-01-10,133.0,133.39999389648438,126.1999969482422,126.6999969482422,118.17178344726562,59713,JYOTISTRUC
2011-01-11,128.0,129.4499969482422,121.6999969482422,122.5999984741211,114.3477554321289,110965,JYOTISTRUC
2011-01-12,124.0,124.8000030517578,119.4499969482422,122.6999969482422,114.44102478027344,100439,JYOTISTRUC
2011-01-13,123.9000015258789,124.6999969482422,120.0999984741211,121.6500015258789,113.46170043945312,76137,JYOTISTRUC
2011-01-14,123.0,123.0,116.3499984741211,118.3499984741211,110.38381958007812,82949,JYOTISTRUC
2011-01-17,118.1999969482422,118.8000030517578,115.3499984741211,116.9000015258789,109.03142547607422,61399,JYOTISTRUC
2011-01-18,117.8000030517578,118.8499984741211,115.0,118.1500015258789,110.1972885131836,77208,JYOTISTRUC
2011-01-19,118.6999969482422,119.25,117.3000030517578,118.0,110.05738067626952,37108,JYOTISTRUC
2011-01-20,117.9499969482422,117.9499969482422,113.5,116.9000015258789,109.03142547607422,111251,JYOTISTRUC
2011-01-21,116.1999969482422,122.1999969482422,115.1999969482422,119.75,111.68959045410156,156297,JYOTISTRUC
2011-01-24,119.8000030517578,119.9000015258789,116.25,117.8000030517578,109.870849609375,54429,JYOTISTRUC
2011-01-25,118.0,119.0,116.0,116.4000015258789,108.5650863647461,98295,JYOTISTRUC
2011-01-27,117.75,117.75,113.9499969482422,114.5999984741211,106.88623809814452,98082,JYOTISTRUC
2011-01-28,115.0,117.5,110.1999969482422,114.75,107.02613830566406,145677,JYOTISTRUC
2011-01-31,111.9499969482422,117.5,109.0500030517578,110.4499969482422,103.01557159423828,297860,JYOTISTRUC
2011-02-01,111.0,112.5500030517578,101.3000030517578,103.25,96.30020141601562,216398,JYOTISTRUC
2011-02-02,104.1999969482422,105.9000015258789,100.25,100.9000015258789,94.10839080810548,111372,JYOTISTRUC
2011-02-03,100.9000015258789,103.8499984741211,100.3000030517578,102.9000015258789,95.97377014160156,91458,JYOTISTRUC
2011-02-04,103.5999984741211,104.5,98.1999969482422,100.0999984741211,93.36223602294922,114355,JYOTISTRUC
2011-02-07,101.9000015258789,101.9000015258789,96.0999984741211,98.4499969482422,91.82329559326172,89548,JYOTISTRUC
2011-02-08,100.0,100.0,91.0,91.5500030517578,85.38774871826172,107539,JYOTISTRUC
2011-02-09,92.6999969482422,92.6999969482422,84.3499984741211,85.55000305175781,79.7916030883789,104429,JYOTISTRUC
2011-02-10,86.6500015258789,91.9000015258789,83.19999694824219,90.4499969482422,84.36177825927734,189075,JYOTISTRUC
2011-02-11,90.0,92.8000030517578,90.0,91.5999984741211,85.43437194824219,60185,JYOTISTRUC
2011-02-14,93.4000015258789,99.4000015258789,92.75,98.5999984741211,91.96319580078124,127262,JYOTISTRUC
2011-02-15,98.6999969482422,98.6999969482422,94.9000015258789,95.3499984741211,88.93195343017578,98632,JYOTISTRUC
2011-02-16,97.0,97.8000030517578,93.9499969482422,96.8499984741211,90.33100128173828,53773,JYOTISTRUC
2011-02-17,97.8000030517578,97.8000030517578,94.5,96.0999984741211,89.63147735595703,80245,JYOTISTRUC
2011-02-18,97.0,98.8000030517578,91.0,91.6500015258789,85.48101043701172,167717,JYOTISTRUC
2011-02-21,91.6999969482422,93.5,87.0,90.5999984741211,84.50169372558594,221034,JYOTISTRUC
2011-02-22,90.0,90.0,86.19999694824219,87.94999694824219,82.0300521850586,112232,JYOTISTRUC
2011-02-23,86.5,87.5,84.5999984741211,85.30000305175781,79.55844116210938,108623,JYOTISTRUC
2011-02-24,86.0,86.0,80.05000305175781,81.9000015258789,76.38728332519531,247323,JYOTISTRUC
2011-02-25,85.0,85.0,80.1500015258789,81.75,76.24738311767578,102131,JYOTISTRUC
2011-02-28,82.80000305175781,83.80000305175781,80.0,81.44999694824219,75.96757507324219,99269,JYOTISTRUC
2011-03-01,81.44999694824219,86.4000015258789,81.44999694824219,84.5999984741211,78.9055404663086,107470,JYOTISTRUC
2011-03-03,84.5,85.9000015258789,83.25,83.9000015258789,78.2526626586914,124116,JYOTISTRUC
2011-03-04,86.0,88.80000305175781,83.0,84.80000305175781,79.09208679199219,202610,JYOTISTRUC
2011-03-07,85.9000015258789,85.9000015258789,82.0999984741211,82.8499984741211,77.27334594726562,95343,JYOTISTRUC
2011-03-08,84.0,84.25,81.5,82.69999694824219,77.13343048095703,101837,JYOTISTRUC
2011-03-09,84.5,84.5,82.0,83.05000305175781,77.45988464355469,116151,JYOTISTRUC
2011-03-10,82.0999984741211,83.6500015258789,81.3499984741211,82.9000015258789,77.31997680664062,102574,JYOTISTRUC
2011-03-11,80.5999984741211,83.69999694824219,79.1500015258789,81.75,76.24738311767578,80139,JYOTISTRUC
2011-03-14,82.4000015258789,83.5,80.19999694824219,80.5999984741211,75.1747817993164,120536,JYOTISTRUC
2011-03-15,80.0,80.5,77.4000015258789,78.05000305175781,72.79643249511719,86437,JYOTISTRUC
2011-03-16,80.0,82.0,78.19999694824219,79.3499984741211,74.0089340209961,123784,JYOTISTRUC
2011-03-17,79.0,81.0,78.80000305175781,79.9000015258789,74.52191162109375,140799,JYOTISTRUC
2011-03-18,80.0,81.0,77.5999984741211,78.5999984741211,73.30941009521484,301561,JYOTISTRUC
2011-03-21,79.25,79.25,77.5999984741211,78.19999694824219,72.93633270263672,69719,JYOTISTRUC
2011-03-22,78.8499984741211,79.0,76.30000305175781,78.19999694824219,72.93633270263672,93191,JYOTISTRUC
2011-03-23,78.5,78.94999694824219,77.0,78.25,72.98297119140625,134883,JYOTISTRUC
2011-03-24,78.9000015258789,79.25,77.80000305175781,78.6500015258789,73.35604858398438,129077,JYOTISTRUC
2011-03-25,79.5,85.75,78.5,82.9000015258789,77.31997680664062,359128,JYOTISTRUC
2011-03-28,83.6500015258789,88.0,81.0,82.1500015258789,76.6204605102539,857590,JYOTISTRUC
2011-03-29,82.1500015258789,86.0,80.5,81.5,76.01420593261719,386362,JYOTISTRUC
2011-03-30,82.9000015258789,83.5,81.6500015258789,82.25,76.7137222290039,176959,JYOTISTRUC
2011-03-31,83.0,86.0,80.30000305175781,83.5999984741211,77.97285461425781,313793,JYOTISTRUC
2011-04-01,83.5999984741211,86.0,83.0,85.4000015258789,79.65169525146484,131382,JYOTISTRUC
2011-04-04,86.75,90.0,85.55000305175781,89.3499984741211,83.33582305908203,269363,JYOTISTRUC
2011-04-05,90.75,91.8499984741211,88.6500015258789,90.3000030517578,84.22187805175781,288475,JYOTISTRUC
2011-04-06,83.0,91.9000015258789,83.0,91.3499984741211,85.20120239257812,130096,JYOTISTRUC
2011-04-07,91.8499984741211,93.0,90.5,90.75,84.64158630371094,178375,JYOTISTRUC
2011-04-08,91.6999969482422,94.6500015258789,89.5,89.8499984741211,83.80216979980469,222794,JYOTISTRUC
2011-04-11,83.69999694824219,93.0,83.69999694824219,92.3000030517578,86.08726501464844,142827,JYOTISTRUC
2011-04-13,92.0,92.0,89.0,90.0,83.94207000732422,408036,JYOTISTRUC
2011-04-15,90.5,91.3000030517578,89.55000305175781,90.0999984741211,84.03533935546875,65247,JYOTISTRUC
2011-04-18,91.25,96.5,89.0,94.5,88.13917541503906,625227,JYOTISTRUC
2011-04-19,95.0,97.9000015258789,92.0,95.25,88.83869171142578,573351,JYOTISTRUC
2011-04-20,95.6999969482422,96.25,93.3499984741211,94.0999984741211,87.76610565185547,161203,JYOTISTRUC
2011-04-21,95.4499969482422,95.4499969482422,91.0999984741211,91.5500030517578,85.38774871826172,108431,JYOTISTRUC
2011-04-25,92.5999984741211,94.8000030517578,90.6500015258789,90.9499969482422,84.828125,62660,JYOTISTRUC
2011-04-26,90.6999969482422,91.6500015258789,89.1500015258789,91.0500030517578,84.92139434814453,98838,JYOTISTRUC
2011-04-27,92.5999984741211,94.0,89.25,89.5,83.4757308959961,153595,JYOTISTRUC
2011-04-28,90.0,90.4499969482422,86.5,87.05000305175781,81.19063568115234,86677,JYOTISTRUC
2011-04-29,87.05000305175781,87.9000015258789,84.30000305175781,85.25,79.51179504394531,77726,JYOTISTRUC
2011-05-02,86.0,87.0,82.69999694824219,84.05000305175781,78.39257049560547,90581,JYOTISTRUC
2011-05-03,84.0999984741211,85.19999694824219,82.6500015258789,83.25,77.64642333984375,82269,JYOTISTRUC
2011-05-04,83.4000015258789,85.0,80.05000305175781,81.94999694824219,76.43392181396484,190891,JYOTISTRUC
2011-05-05,81.3499984741211,81.69999694824219,79.0999984741211,79.75,74.38200378417969,84978,JYOTISTRUC
2011-05-06,80.4000015258789,80.4000015258789,78.4000015258789,78.69999694824219,73.40267944335938,120463,JYOTISTRUC
2011-05-09,79.75,79.8499984741211,77.5999984741211,78.30000305175781,73.02960205078125,80328,JYOTISTRUC
2011-05-10,79.30000305175781,79.30000305175781,76.0999984741211,77.05000305175781,71.8637466430664,87496,JYOTISTRUC
2011-05-11,77.0,78.5,75.5,77.9000015258789,72.65652465820312,101254,JYOTISTRUC
2011-05-12,77.8499984741211,79.3499984741211,76.55000305175781,76.8499984741211,71.67720031738281,54714,JYOTISTRUC
2011-05-13,76.4000015258789,78.80000305175781,76.0,77.1500015258789,71.95701599121094,100357,JYOTISTRUC
2011-05-16,77.94999694824219,77.94999694824219,76.05000305175781,76.3499984741211,71.21085357666016,68735,JYOTISTRUC
2011-05-17,77.5,79.3499984741211,75.8499984741211,76.94999694824219,71.77046966552734,292229,JYOTISTRUC
2011-05-18,77.25,78.80000305175781,75.0999984741211,75.3499984741211,70.27816772460938,60409,JYOTISTRUC
2011-05-19,75.5999984741211,76.9000015258789,74.30000305175781,74.5999984741211,69.57865142822266,55313,JYOTISTRUC
2011-05-20,75.3499984741211,77.5,74.5999984741211,75.75,70.6512451171875,142048,JYOTISTRUC
2011-05-23,75.75,79.4000015258789,74.0999984741211,75.9000015258789,70.79115295410156,72655,JYOTISTRUC
2011-05-24,74.80000305175781,77.80000305175781,73.0999984741211,76.44999694824219,71.30412292480469,130511,JYOTISTRUC
2011-05-25,75.25,77.0,74.0999984741211,76.0,70.88441467285156,97123,JYOTISTRUC
2011-05-26,76.94999694824219,81.05000305175781,74.5,78.1500015258789,72.88969421386719,303299,JYOTISTRUC
2011-05-27,78.19999694824219,83.94999694824219,78.19999694824219,81.5,76.01420593261719,464844,JYOTISTRUC
2011-05-30,81.75,85.69999694824219,81.05000305175781,83.9000015258789,78.2526626586914,145745,JYOTISTRUC
2011-05-31,84.0999984741211,87.0,84.0999984741211,86.44999694824219,80.63101959228516,172443,JYOTISTRUC
2011-06-01,85.0,89.69999694824219,85.0,88.25,82.30986022949219,227640,JYOTISTRUC
2011-06-02,87.44999694824219,89.9000015258789,85.19999694824219,88.75,82.77621459960938,117520,JYOTISTRUC
2011-06-03,90.0,92.3499984741211,89.5999984741211,91.3499984741211,85.20120239257812,291136,JYOTISTRUC
2011-06-06,92.25,92.25,88.25,90.3000030517578,84.22187805175781,94338,JYOTISTRUC
2011-06-07,88.44999694824219,91.9499969482422,88.44999694824219,90.0999984741211,84.03533935546875,93177,JYOTISTRUC
2011-06-08,90.0,92.1500015258789,90.0,91.0,84.87476348876953,79070,JYOTISTRUC
2011-06-09,91.4000015258789,91.8000030517578,89.6500015258789,90.05000305175781,83.98870849609375,67558,JYOTISTRUC
2011-06-10,92.5999984741211,92.5999984741211,88.19999694824219,89.75,83.70890045166016,70380,JYOTISTRUC
2011-06-13,91.6999969482422,93.5,89.25,89.75,83.70890045166016,385914,JYOTISTRUC
2011-06-14,90.1999969482422,92.0,89.0999984741211,89.5,83.4757308959961,109459,JYOTISTRUC
2011-06-15,90.0,90.0,87.19999694824219,87.9000015258789,81.98342895507812,35219,JYOTISTRUC
2011-06-16,87.4000015258789,87.5,85.30000305175781,86.44999694824219,80.63101959228516,49942,JYOTISTRUC
2011-06-17,86.5,92.0,86.0999984741211,88.25,82.30986022949219,409010,JYOTISTRUC
2011-06-20,89.4000015258789,90.9000015258789,75.0,84.5999984741211,78.9055404663086,210398,JYOTISTRUC
2011-06-21,86.0,86.0,82.05000305175781,84.6500015258789,78.95218658447266,57858,JYOTISTRUC
2011-06-22,84.0999984741211,86.0,83.30000305175781,84.30000305175781,78.62574005126953,44506,JYOTISTRUC
2011-06-23,84.0,86.9000015258789,82.0999984741211,85.69999694824219,79.93150329589844,63434,JYOTISTRUC
2011-06-24,85.94999694824219,87.0,83.4000015258789,86.0,80.21131896972656,344462,JYOTISTRUC
2011-06-27,86.5,86.9000015258789,84.5,85.30000305175781,79.55844116210938,49723,JYOTISTRUC
2011-06-28,86.5,86.5,84.1500015258789,84.6500015258789,78.95218658447266,34372,JYOTISTRUC
2011-06-29,85.0999984741211,86.80000305175781,84.19999694824219,84.94999694824219,79.23198699951172,84330,JYOTISTRUC
2011-06-30,85.3499984741211,86.0,84.44999694824219,85.0,79.27861785888672,96070,JYOTISTRUC
2011-07-01,86.69999694824219,86.69999694824219,84.0999984741211,84.55000305175781,78.85891723632812,52002,JYOTISTRUC
2011-07-04,85.4000015258789,85.9000015258789,84.5,84.8499984741211,79.13871765136719,164190,JYOTISTRUC
2011-07-05,85.9000015258789,85.9000015258789,84.5999984741211,84.8499984741211,79.13871765136719,36120,JYOTISTRUC
2011-07-06,85.5,87.0,84.9000015258789,85.4000015258789,79.65169525146484,77567,JYOTISTRUC
2011-07-07,85.9000015258789,90.0,85.3499984741211,89.25,83.2425537109375,248240,JYOTISTRUC
2011-07-08,89.0,94.5999984741211,88.44999694824219,91.8499984741211,86.9112548828125,395365,JYOTISTRUC
2011-07-11,99.8000030517578,99.8000030517578,88.75,89.25,84.45105743408203,58936,JYOTISTRUC
2011-07-12,88.0,91.25,85.19999694824219,89.44999694824219,84.64030456542969,142648,JYOTISTRUC
2011-07-13,90.1999969482422,90.1999969482422,87.0999984741211,88.05000305175781,83.31558227539062,122810,JYOTISTRUC
2011-07-14,88.5,90.0,86.19999694824219,88.1500015258789,83.41020965576172,80362,JYOTISTRUC
2011-07-15,89.5,89.80000305175781,86.25,86.5,81.84892272949219,69135,JYOTISTRUC
2011-07-18,86.94999694824219,87.9000015258789,86.0,86.1500015258789,81.51774597167969,39410,JYOTISTRUC
2011-07-19,86.25,92.6500015258789,86.05000305175781,90.5500030517578,85.68116760253906,387352,JYOTISTRUC
2011-07-20,90.0999984741211,91.4000015258789,89.0,90.0,85.16072845458984,158114,JYOTISTRUC
2011-07-21,90.0,94.1999969482422,89.05000305175781,90.25,85.39729309082031,348824,JYOTISTRUC
2011-07-22,91.6500015258789,91.6500015258789,88.5999984741211,89.0999984741211,84.30912017822266,86275,JYOTISTRUC
2011-07-25,89.19999694824219,90.8000030517578,87.69999694824219,88.05000305175781,83.31558227539062,109005,JYOTISTRUC
2011-07-26,88.0,88.75,82.6500015258789,86.9000015258789,82.22742462158203,470522,JYOTISTRUC
2011-07-27,86.0999984741211,90.5,84.19999694824219,89.19999694824219,84.40374755859375,146768,JYOTISTRUC
2011-07-28,87.0,90.3000030517578,85.0,86.5999984741211,81.94355010986328,145025,JYOTISTRUC
2011-07-29,89.0,89.0,83.55000305175781,84.55000305175781,80.00377655029297,119841,JYOTISTRUC
2011-08-01,85.0,85.5999984741211,82.6500015258789,83.19999694824219,78.72635650634766,56077,JYOTISTRUC
2011-08-02,84.0999984741211,84.94999694824219,78.25,80.6500015258789,76.31348419189453,559285,JYOTISTRUC
2011-08-03,79.0,79.5999984741211,77.19999694824219,77.9000015258789,73.71134948730469,123427,JYOTISTRUC
2011-08-04,78.5,78.6500015258789,77.0,77.0999984741211,72.95436096191406,93492,JYOTISTRUC
2011-08-05,76.0999984741211,76.0999984741211,71.0,74.25,70.25760650634766,175496,JYOTISTRUC
2011-08-08,70.4000015258789,73.75,70.0,71.25,67.41891479492188,160971,JYOTISTRUC
2011-08-09,68.0,71.5999984741211,67.19999694824219,70.5999984741211,66.80386352539062,214725,JYOTISTRUC
2011-08-10,71.0,76.25,71.0,73.69999694824219,69.73717498779297,134551,JYOTISTRUC
2011-08-11,73.69999694824219,74.0999984741211,72.0,72.19999694824219,68.31782531738281,38128,JYOTISTRUC
2011-08-12,72.80000305175781,75.0,70.0999984741211,70.5999984741211,66.80386352539062,57173,JYOTISTRUC
2011-08-16,72.05000305175781,72.05000305175781,68.4000015258789,69.25,65.52645874023438,50679,JYOTISTRUC
2011-08-17,69.0,69.25,67.0,67.5999984741211,63.96517181396485,38618,JYOTISTRUC
2011-08-18,68.80000305175781,68.80000305175781,65.19999694824219,65.94999694824219,62.40389251708984,59859,JYOTISTRUC
2011-08-19,65.75,66.94999694824219,62.150001525878906,64.30000305175781,60.84261322021485,176412,JYOTISTRUC
2011-08-22,65.30000305175781,70.9000015258789,64.0999984741211,64.5,61.0318603515625,320727,JYOTISTRUC
2011-08-23,65.3499984741211,67.4000015258789,64.5999984741211,66.4000015258789,62.82969665527344,74353,JYOTISTRUC
2011-08-24,66.44999694824219,67.8499984741211,64.5999984741211,65.1500015258789,61.64690780639648,62985,JYOTISTRUC
2011-08-25,66.5,66.5,63.0,63.150001525878906,59.75444793701172,86728,JYOTISTRUC
2011-08-26,63.95000076293945,64.9000015258789,62.0,62.29999923706055,58.95015335083008,154463,JYOTISTRUC
2011-08-29,62.400001525878906,65.4000015258789,62.400001525878906,63.84999847412109,60.416805267333984,104922,JYOTISTRUC
2011-08-30,64.5,67.8499984741211,63.900001525878906,66.0999984741211,62.54582977294922,172332,JYOTISTRUC
2011-09-02,68.44999694824219,68.44999694824219,65.5,66.19999694824219,62.64044570922852,48773,JYOTISTRUC
2011-09-05,65.5,66.0,64.6500015258789,64.94999694824219,61.45766067504883,74332,JYOTISTRUC
2011-09-06,65.1500015258789,67.3499984741211,64.55000305175781,66.55000305175781,62.97163391113281,70726,JYOTISTRUC
2011-09-07,69.0,69.4000015258789,67.25,68.8499984741211,65.14795684814453,84493,JYOTISTRUC
2011-09-08,69.25,79.0999984741211,68.5,74.05000305175781,70.068359375,743834,JYOTISTRUC
2011-09-09,76.05000305175781,77.0,71.25,72.0,68.12858581542969,346774,JYOTISTRUC
2011-09-12,70.0,72.0,69.0,69.19999694824219,65.47913360595703,86520,JYOTISTRUC
2011-09-13,69.69999694824219,71.4000015258789,69.69999694824219,70.1500015258789,66.37806701660156,88388,JYOTISTRUC
2011-09-14,70.1500015258789,70.5,69.0,69.25,65.52645874023438,52693,JYOTISTRUC
2011-09-15,69.69999694824219,73.4000015258789,68.55000305175781,70.0,66.23612976074219,316142,JYOTISTRUC
2011-09-16,70.0,71.80000305175781,67.19999694824219,68.80000305175781,65.10065460205078,197235,JYOTISTRUC
2011-09-19,67.30000305175781,72.44999694824219,67.30000305175781,69.4000015258789,65.66838836669922,426603,JYOTISTRUC
2011-09-20,69.69999694824219,70.94999694824219,68.5,68.8499984741211,65.14795684814453,177163,JYOTISTRUC
2011-09-21,68.80000305175781,69.80000305175781,68.25,68.5,64.81678009033203,177601,JYOTISTRUC
2011-09-22,67.5,68.4000015258789,66.30000305175781,66.75,63.16087341308594,73579,JYOTISTRUC
2011-09-23,66.75,66.75,64.0,65.0999984741211,61.5995979309082,101314,JYOTISTRUC
2011-09-26,66.0,66.8499984741211,65.05000305175781,65.30000305175781,61.78884506225586,160676,JYOTISTRUC
2011-09-27,67.0,67.4000015258789,66.0,66.3499984741211,62.78238296508789,84775,JYOTISTRUC
2011-09-28,67.0,67.4000015258789,65.0,65.25,61.74153137207031,73258,JYOTISTRUC
2011-09-29,65.0,66.0,64.19999694824219,65.80000305175781,62.261962890625,87641,JYOTISTRUC
2011-09-30,65.9000015258789,67.5999984741211,64.4000015258789,66.3499984741211,62.78238296508789,112353,JYOTISTRUC
2011-10-03,66.5,66.5,62.79999923706055,63.150001525878906,59.75444793701172,93215,JYOTISTRUC
2011-10-04,64.0,64.25,62.150001525878906,62.45000076293945,59.09208679199219,76194,JYOTISTRUC
2011-10-05,63.650001525878906,63.70000076293945,61.5,61.900001525878906,58.571659088134766,66498,JYOTISTRUC
2011-10-07,63.70000076293945,65.3499984741211,61.59999847412109,61.75,58.429725646972656,81132,JYOTISTRUC
2011-10-10,61.79999923706055,63.29999923706055,61.75,62.34999847412109,58.99745941162109,64360,JYOTISTRUC
2011-10-11,63.5,64.0,61.84999847412109,62.25,58.90283966064453,79476,JYOTISTRUC
2011-10-12,63.0,63.20000076293945,62.20000076293945,62.900001525878906,59.51789093017578,57854,JYOTISTRUC
2011-10-13,63.04999923706055,64.69999694824219,62.25,62.45000076293945,59.09208679199219,97890,JYOTISTRUC
2011-10-14,63.29999923706055,63.29999923706055,61.79999923706055,62.25,58.90283966064453,58003,JYOTISTRUC
2011-10-17,63.150001525878906,63.900001525878906,62.150001525878906,62.25,58.90283966064453,47248,JYOTISTRUC
2011-10-18,62.70000076293945,63.0,61.54999923706055,61.79999923706055,58.47703552246094,37744,JYOTISTRUC
2011-10-19,62.04999923706055,62.70000076293945,61.29999923706055,61.59999847412109,58.28779220581055,53352,JYOTISTRUC
2011-10-20,61.5,61.75,60.34999847412109,61.29999923706055,58.00392150878906,49095,JYOTISTRUC
2011-10-21,62.29999923706055,63.25,61.75,61.900001525878906,58.571659088134766,89402,JYOTISTRUC
2011-10-24,62.900001525878906,63.0,60.150001525878906,60.5,57.2469367980957,63494,JYOTISTRUC
2011-10-25,60.59999847412109,60.59999847412109,58.29999923706055,59.09999847412109,55.92221450805664,180036,JYOTISTRUC
2011-10-28,60.0,61.900001525878906,60.0,61.150001525878906,57.86198806762695,83688,JYOTISTRUC
2011-10-31,61.79999923706055,64.19999694824219,61.54999923706055,62.650001525878906,59.28133392333984,249632,JYOTISTRUC
2011-11-01,62.59999847412109,64.4000015258789,62.59999847412109,62.75,59.37595748901367,104274,JYOTISTRUC
2011-11-02,62.75,63.0,61.0,61.5,58.19316482543945,65521,JYOTISTRUC
2011-11-03,62.79999923706055,64.69999694824219,62.04999923706055,62.29999923706055,58.95015335083008,132669,JYOTISTRUC
2011-11-04,63.0,63.79999923706055,62.0,62.20000076293945,58.85552597045898,86029,JYOTISTRUC
2011-11-08,62.900001525878906,62.900001525878906,61.04999923706055,61.54999923706055,58.240478515625,53045,JYOTISTRUC
2011-11-09,60.0,62.59999847412109,60.0,60.400001525878906,57.15231704711914,70706,JYOTISTRUC
2011-11-11,60.59999847412109,60.59999847412109,58.54999923706055,58.79999923706055,55.63834381103516,69678,JYOTISTRUC
2011-11-14,59.09999847412109,60.0,57.20000076293945,58.04999923706055,54.928672790527344,73667,JYOTISTRUC
2011-11-15,57.650001525878906,58.0,55.04999923706055,55.34999847412109,52.37384796142578,67775,JYOTISTRUC
2011-11-16,54.0,56.0,53.0,53.70000076293945,50.81257247924805,88090,JYOTISTRUC
2011-11-17,53.70000076293945,54.54999923706055,52.04999923706055,52.34999847412109,49.53516006469727,89561,JYOTISTRUC
2011-11-18,52.34999847412109,52.75,51.09999847412109,51.400001525878906,48.6362419128418,69682,JYOTISTRUC
2011-11-21,51.400001525878906,52.29999923706055,50.0,50.20000076293945,47.50076675415039,56968,JYOTISTRUC
2011-11-22,50.20000076293945,51.5,49.20000076293945,49.34999847412109,46.69646453857422,70034,JYOTISTRUC
2011-11-23,49.34999847412109,49.400001525878906,47.25,47.400001525878906,44.851322174072266,67199,JYOTISTRUC
2011-11-24,47.09999847412109,48.5,46.09999847412109,47.84999847412109,45.277122497558594,105040,JYOTISTRUC
2011-11-25,48.5,48.5,47.20000076293945,47.95000076293945,45.37174606323242,113130,JYOTISTRUC
2011-11-28,47.95000076293945,53.0,46.79999923706055,51.84999847412109,49.062042236328125,127409,JYOTISTRUC
2011-11-29,51.84999847412109,53.79999923706055,49.79999923706055,50.45000076293945,47.73732376098633,121266,JYOTISTRUC
2011-11-30,49.400001525878906,50.45000076293945,46.20000076293945,46.79999923706055,44.2835807800293,340475,JYOTISTRUC
2011-12-01,47.95000076293945,49.45000076293945,47.0,47.84999847412109,45.277122497558594,98057,JYOTISTRUC
2011-12-02,47.84999847412109,49.75,45.95000076293945,49.400001525878906,46.74378204345703,103664,JYOTISTRUC
2011-12-05,49.400001525878906,50.45000076293945,48.25,48.84999847412109,46.22335052490234,51051,JYOTISTRUC
2011-12-07,49.0,50.34999847412109,48.5,48.79999923706055,46.17604064941406,45106,JYOTISTRUC
2011-12-08,48.79999923706055,49.34999847412109,47.29999923706055,47.5,44.94594192504883,48765,JYOTISTRUC
2011-12-09,47.5,47.79999923706055,43.25,47.04999923706055,44.520137786865234,36559,JYOTISTRUC
2011-12-12,47.0,47.75,45.0,45.45000076293945,43.00617218017578,82368,JYOTISTRUC
2011-12-13,44.75,45.45000076293945,42.5,42.79999923706055,40.4986572265625,101648,JYOTISTRUC
2011-12-14,42.79999923706055,44.09999847412109,41.54999923706055,41.95000076293945,39.69436264038086,114744,JYOTISTRUC
2011-12-15,41.25,41.75,40.25,41.0,38.79544448852539,178472,JYOTISTRUC
2011-12-16,41.0,41.75,38.54999923706055,39.0,36.90298461914063,79779,JYOTISTRUC
2011-12-19,39.0,39.95000076293945,36.29999923706055,38.34999847412109,36.287933349609375,89627,JYOTISTRUC
2011-12-20,38.34999847412109,38.75,36.75,37.25,35.2470817565918,58210,JYOTISTRUC
2011-12-21,37.25,38.5,35.5,36.09999847412109,34.158912658691406,643854,JYOTISTRUC
2011-12-22,36.09999847412109,37.5,35.0,35.849998474121094,33.922359466552734,161623,JYOTISTRUC
2011-12-23,35.849998474121094,38.20000076293945,35.849998474121094,37.0,35.01052474975586,281537,JYOTISTRUC
2011-12-26,37.0,39.900001525878906,37.0,39.0,36.90298461914063,123921,JYOTISTRUC
2011-12-27,39.29999923706055,40.0,38.400001525878906,38.900001525878906,36.80836486816406,45680,JYOTISTRUC
2011-12-28,38.75,38.75,37.5,37.900001525878906,35.86213302612305,25255,JYOTISTRUC
2011-12-29,37.900001525878906,40.70000076293945,36.79999923706055,39.34999847412109,37.23416519165039,58834,JYOTISTRUC
2011-12-30,39.0,40.70000076293945,38.0,39.0,36.90298461914063,128511,JYOTISTRUC
2012-01-02,39.900001525878906,39.900001525878906,38.09999847412109,39.0,36.90298461914063,21207,JYOTISTRUC
2012-01-03,38.75,40.34999847412109,38.75,39.95000076293945,37.80190658569336,61476,JYOTISTRUC
2012-01-04,40.25,41.59999847412109,40.0,41.29999923706055,39.07931137084961,46364,JYOTISTRUC
2012-01-05,40.95000076293945,44.45000076293945,40.95000076293945,42.54999923706055,40.26210021972656,101392,JYOTISTRUC
2012-01-06,43.0,43.25,41.29999923706055,42.0,39.741676330566406,31351,JYOTISTRUC
2012-01-09,42.79999923706055,45.650001525878906,42.150001525878906,43.09999847412109,40.782527923583984,123354,JYOTISTRUC
2012-01-10,43.09999847412109,45.54999923706055,43.09999847412109,44.34999847412109,41.96531677246094,180468,JYOTISTRUC
2012-01-11,44.900001525878906,46.5,44.0,45.150001525878906,42.7223014831543,174732,JYOTISTRUC
2012-01-12,45.0,47.900001525878906,45.0,46.54999923706055,44.04702377319336,203811,JYOTISTRUC
2012-01-13,47.5,48.29999923706055,46.79999923706055,47.70000076293945,45.13518905639648,116122,JYOTISTRUC
2012-01-16,47.5,48.400001525878906,46.59999847412109,47.04999923706055,44.520137786865234,79945,JYOTISTRUC
2012-01-17,47.5,49.5,47.5,48.150001525878906,45.56099319458008,141492,JYOTISTRUC
2012-01-18,48.400001525878906,48.900001525878906,47.09999847412109,47.84999847412109,45.277122497558594,67498,JYOTISTRUC
2012-01-19,48.5,50.400001525878906,47.70000076293945,49.75,47.0749626159668,107856,JYOTISTRUC
2012-01-20,50.900001525878906,52.5,48.5,49.34999847412109,46.69646453857422,203845,JYOTISTRUC
2012-01-23,49.0,50.84999847412109,48.0,48.5,45.89216995239258,107176,JYOTISTRUC
2012-01-24,48.75,49.900001525878906,48.25,49.0,46.36528778076172,111486,JYOTISTRUC
2012-01-25,49.70000076293945,51.400001525878906,48.75,49.650001525878906,46.98033905029297,260909,JYOTISTRUC
2012-01-27,50.150001525878906,51.29999923706055,49.20000076293945,50.04999923706055,47.358829498291016,206656,JYOTISTRUC
2012-01-30,49.20000076293945,49.400001525878906,46.04999923706055,46.25,43.76315689086914,154785,JYOTISTRUC
2012-01-31,47.25,47.25,46.09999847412109,46.75,44.23626708984375,95993,JYOTISTRUC
2012-02-01,47.04999923706055,49.70000076293945,46.5,47.70000076293945,45.13518905639648,398333,JYOTISTRUC
2012-02-02,48.5,49.34999847412109,47.900001525878906,48.25,45.65561676025391,165166,JYOTISTRUC
2012-02-03,48.0,49.0,47.79999923706055,48.5,45.89216995239258,181346,JYOTISTRUC
2012-02-06,48.75,50.95000076293945,48.75,49.650001525878906,46.98033905029297,393128,JYOTISTRUC
2012-02-07,50.0,53.0,49.45000076293945,52.54999923706055,49.724403381347656,766575,JYOTISTRUC
2012-02-08,54.400001525878906,55.84999847412109,52.54999923706055,53.20000076293945,50.339454650878906,1087307,JYOTISTRUC
2012-02-09,53.09999847412109,56.34999847412109,53.09999847412109,54.75,51.80611038208008,1106929,JYOTISTRUC
2012-02-10,55.5,57.400001525878906,54.09999847412109,54.79999923706055,51.853424072265625,720204,JYOTISTRUC
2012-02-13,55.20000076293945,55.650001525878906,53.59999847412109,54.09999847412109,51.191062927246094,362123,JYOTISTRUC
2012-02-14,53.650001525878906,54.79999923706055,52.5,53.04999923706055,50.1975212097168,318411,JYOTISTRUC
2012-02-15,54.0,56.25,53.29999923706055,54.95000076293945,51.99535751342773,1130253,JYOTISTRUC
2012-02-16,55.79999923706055,58.45000076293945,54.95000076293945,55.900001525878906,52.89427947998047,1507269,JYOTISTRUC
2012-02-17,56.70000076293945,58.29999923706055,55.54999923706055,55.79999923706055,52.799652099609375,1600826,JYOTISTRUC
2012-02-21,56.70000076293945,57.75,54.70000076293945,55.09999847412109,52.13729095458984,752564,JYOTISTRUC
2012-02-22,55.75,56.20000076293945,51.29999923706055,52.150001525878906,49.34591293334961,590166,JYOTISTRUC
2012-02-23,52.79999923706055,52.79999923706055,49.0,50.29999923706055,47.59538650512695,510057,JYOTISTRUC
2012-02-24,50.900001525878906,51.34999847412109,49.0,49.34999847412109,46.69646453857422,263603,JYOTISTRUC
2012-02-27,49.400001525878906,49.400001525878906,45.5,45.75,43.2900390625,287406,JYOTISTRUC
2012-02-28,46.0,48.45000076293945,46.0,47.70000076293945,45.13518905639648,256654,JYOTISTRUC
2012-02-29,48.75,49.70000076293945,47.20000076293945,47.45000076293945,44.89862823486328,319220,JYOTISTRUC
2012-03-01,47.34999847412109,48.70000076293945,45.5,46.09999847412109,43.621219635009766,388766,JYOTISTRUC
2012-03-02,47.5,48.5,47.0,48.150001525878906,45.56099319458008,438608,JYOTISTRUC
2012-03-05,48.0,48.0,46.150001525878906,46.45000076293945,43.95240020751953,142408,JYOTISTRUC
2012-03-06,45.5,47.45000076293945,44.29999923706055,44.59999847412109,42.20187377929688,232494,JYOTISTRUC
2012-03-07,44.5,45.900001525878906,43.79999923706055,44.0,41.63413619995117,288367,JYOTISTRUC
2012-03-09,45.150001525878906,45.45000076293945,44.29999923706055,45.09999847412109,42.67498779296875,337256,JYOTISTRUC
2012-03-12,46.0,46.400001525878906,45.59999847412109,45.84999847412109,43.38465881347656,145816,JYOTISTRUC
2012-03-13,46.75,49.75,46.09999847412109,48.0,45.41905975341797,889045,JYOTISTRUC
2012-03-14,49.0,49.29999923706055,47.20000076293945,47.650001525878906,45.0878791809082,241088,JYOTISTRUC
2012-03-15,47.75,47.75,46.09999847412109,46.34999847412109,43.8577766418457,294626,JYOTISTRUC
2012-03-16,46.900001525878906,47.34999847412109,44.70000076293945,45.150001525878906,42.7223014831543,210068,JYOTISTRUC
2012-03-19,45.25,45.5,43.20000076293945,43.45000076293945,41.113712310791016,164301,JYOTISTRUC
2012-03-20,43.45000076293945,44.25,41.34999847412109,41.59999847412109,39.36317825317383,341166,JYOTISTRUC
2012-03-21,42.400001525878906,42.400001525878906,40.34999847412109,40.95000076293945,38.74813461303711,656455,JYOTISTRUC
2012-03-22,40.75,42.79999923706055,40.29999923706055,40.75,38.55888748168945,316798,JYOTISTRUC
2012-03-23,41.04999923706055,41.45000076293945,39.84999847412109,40.79999923706055,38.60619735717773,204428,JYOTISTRUC
2012-03-26,41.0,41.29999923706055,39.70000076293945,40.09999847412109,37.9438362121582,302963,JYOTISTRUC
2012-03-27,40.75,40.75,38.900001525878906,39.29999923706055,37.18685150146485,361326,JYOTISTRUC
2012-03-28,39.400001525878906,39.400001525878906,37.79999923706055,38.34999847412109,36.287933349609375,371478,JYOTISTRUC
2012-03-29,38.5,38.5,36.900001525878906,37.45000076293945,35.43632888793945,402306,JYOTISTRUC
2012-03-30,38.29999923706055,39.650001525878906,37.95000076293945,38.79999923706055,36.71373748779297,358801,JYOTISTRUC
2012-04-02,38.5,45.25,38.09999847412109,42.79999923706055,40.4986572265625,941601,JYOTISTRUC
2012-04-03,43.70000076293945,44.5,42.5,43.150001525878906,40.82984161376953,323179,JYOTISTRUC
2012-04-04,43.75,44.5,43.09999847412109,43.59999847412109,41.25564193725586,484852,JYOTISTRUC
2012-04-09,43.5,43.5,42.59999847412109,42.900001525878906,40.59328079223633,120390,JYOTISTRUC
2012-04-10,43.25,46.25,41.95000076293945,45.75,43.2900390625,2731052,JYOTISTRUC
2012-04-11,45.75,47.34999847412109,44.54999923706055,45.09999847412109,42.67498779296875,948685,JYOTISTRUC
2012-04-12,45.70000076293945,46.900001525878906,45.04999923706055,46.09999847412109,43.621219635009766,250032,JYOTISTRUC
2012-04-13,47.20000076293945,47.45000076293945,44.84999847412109,45.09999847412109,42.67498779296875,304064,JYOTISTRUC
2012-04-16,45.0,45.900001525878906,44.54999923706055,45.59999847412109,43.14810180664063,186065,JYOTISTRUC
2012-04-17,46.0,46.29999923706055,45.09999847412109,45.900001525878906,43.431976318359375,112036,JYOTISTRUC
2012-04-18,46.29999923706055,46.650001525878906,45.20000076293945,45.70000076293945,43.24272537231445,147127,JYOTISTRUC
2012-04-19,46.900001525878906,46.900001525878906,45.04999923706055,45.09999847412109,42.67498779296875,140317,JYOTISTRUC
2012-04-20,45.0,45.5,44.650001525878906,45.25,42.81692123413086,162971,JYOTISTRUC
2012-04-23,45.5,45.75,44.25,44.54999923706055,42.15456008911133,243336,JYOTISTRUC
2012-04-24,45.0,45.5,44.20000076293945,45.34999847412109,42.91154479980469,138464,JYOTISTRUC
2012-04-25,45.150001525878906,45.59999847412109,44.04999923706055,44.95000076293945,42.53305435180664,145114,JYOTISTRUC
2012-04-26,45.0,45.20000076293945,44.25,45.04999923706055,42.62767791748047,335718,JYOTISTRUC
2012-04-27,46.0,46.75,44.0,44.650001525878906,42.24918746948242,379800,JYOTISTRUC
2012-04-30,45.25,46.0,43.900001525878906,44.34999847412109,41.96531677246094,113201,JYOTISTRUC
2012-05-02,45.0,45.34999847412109,44.54999923706055,44.95000076293945,42.53305435180664,106353,JYOTISTRUC
2012-05-03,44.150001525878906,44.900001525878906,42.79999923706055,43.29999923706055,40.97177505493164,118452,JYOTISTRUC
2012-05-04,43.29999923706055,43.29999923706055,40.09999847412109,41.5,39.26855850219727,189007,JYOTISTRUC
2012-05-07,40.04999923706055,41.5,39.59999847412109,41.25,39.03200149536133,127693,JYOTISTRUC
2012-05-08,41.150001525878906,42.0,40.04999923706055,40.45000076293945,38.27501678466797,134186,JYOTISTRUC
2012-05-09,39.04999923706055,40.5,38.09999847412109,39.34999847412109,37.23416519165039,152262,JYOTISTRUC
2012-05-10,39.70000076293945,40.650001525878906,38.20000076293945,38.900001525878906,36.80836486816406,166967,JYOTISTRUC
2012-05-11,38.54999923706055,39.650001525878906,37.70000076293945,39.0,36.90298461914063,127669,JYOTISTRUC
2012-05-14,39.29999923706055,40.0,37.650001525878906,38.900001525878906,36.80836486816406,103700,JYOTISTRUC
2012-05-15,39.0,39.09999847412109,38.20000076293945,38.84999847412109,36.76104736328125,88125,JYOTISTRUC
2012-05-16,38.79999923706055,38.79999923706055,37.54999923706055,37.95000076293945,35.90944290161133,114403,JYOTISTRUC
2012-05-17,38.400001525878906,38.5,37.20000076293945,38.0,35.95675277709961,121410,JYOTISTRUC
2012-05-18,37.20000076293945,38.25,37.0,37.95000076293945,35.90944290161133,107254,JYOTISTRUC
2012-05-21,38.54999923706055,38.59999847412109,37.75,38.150001525878906,36.09869003295898,65649,JYOTISTRUC
2012-05-22,38.59999847412109,39.59999847412109,38.0,38.09999847412109,36.05137252807617,176060,JYOTISTRUC
2012-05-23,38.0,38.54999923706055,37.34999847412109,37.5,35.48363494873047,117042,JYOTISTRUC
2012-05-24,37.54999923706055,38.59999847412109,37.34999847412109,38.0,35.95675277709961,83089,JYOTISTRUC
2012-05-25,38.20000076293945,38.400001525878906,37.59999847412109,37.84999847412109,35.8148193359375,74195,JYOTISTRUC
2012-05-28,38.09999847412109,40.59999847412109,38.04999923706055,39.95000076293945,37.80190658569336,215688,JYOTISTRUC
2012-05-29,40.650001525878906,40.650001525878906,38.900001525878906,39.150001525878906,37.044918060302734,96117,JYOTISTRUC
2012-05-30,39.04999923706055,39.04999923706055,38.25,38.400001525878906,36.33524703979492,52016,JYOTISTRUC
2012-05-31,38.5,39.0,37.79999923706055,38.70000076293945,36.61911392211914,74909,JYOTISTRUC
2012-06-01,39.400001525878906,39.400001525878906,38.09999847412109,38.400001525878906,36.33524703979492,99512,JYOTISTRUC
2012-06-04,38.400001525878906,40.34999847412109,37.29999923706055,38.95000076293945,36.85567474365234,80340,JYOTISTRUC
2012-06-05,39.150001525878906,39.54999923706055,38.650001525878906,39.150001525878906,37.044918060302734,101840,JYOTISTRUC
2012-06-06,39.75,42.0,39.29999923706055,41.400001525878906,39.1739387512207,169922,JYOTISTRUC
2012-06-07,42.900001525878906,43.79999923706055,41.400001525878906,41.650001525878906,39.41049575805664,294431,JYOTISTRUC
2012-06-08,41.650001525878906,41.79999923706055,40.70000076293945,41.0,38.79544448852539,66787,JYOTISTRUC
2012-06-11,41.5,42.5,40.5,40.95000076293945,38.74813461303711,112064,JYOTISTRUC
2012-06-12,40.900001525878906,41.25,40.29999923706055,40.650001525878906,38.46426773071289,64346,JYOTISTRUC
2012-06-13,40.900001525878906,41.29999923706055,39.29999923706055,39.5,37.3760986328125,201079,JYOTISTRUC
2012-06-14,39.0,39.900001525878906,38.5,38.75,36.66642761230469,123302,JYOTISTRUC
2012-06-15,39.09999847412109,40.0,38.20000076293945,39.20000076293945,37.09223175048828,137338,JYOTISTRUC
2012-06-18,40.150001525878906,40.150001525878906,38.45000076293945,39.150001525878906,37.044918060302734,147922,JYOTISTRUC
2012-06-19,39.0,39.20000076293945,38.54999923706055,38.650001525878906,36.571807861328125,135853,JYOTISTRUC
2012-06-20,39.400001525878906,39.400001525878906,38.5,38.54999923706055,36.47718048095703,134258,JYOTISTRUC
2012-06-21,38.59999847412109,39.0,38.45000076293945,38.84999847412109,36.76104736328125,222466,JYOTISTRUC
2012-06-22,38.25,40.34999847412109,38.25,38.75,36.66642761230469,194051,JYOTISTRUC
2012-06-25,38.0,39.70000076293945,38.0,38.84999847412109,36.76104736328125,114733,JYOTISTRUC
2012-06-26,38.29999923706055,40.70000076293945,38.29999923706055,39.150001525878906,37.044918060302734,255076,JYOTISTRUC
2012-06-27,39.150001525878906,40.29999923706055,39.09999847412109,39.25,37.13954162597656,289614,JYOTISTRUC
2012-06-28,40.09999847412109,40.09999847412109,38.59999847412109,38.75,36.66642761230469,337842,JYOTISTRUC
2012-06-29,39.0,40.34999847412109,38.34999847412109,40.0,37.849212646484375,479282,JYOTISTRUC
2012-07-02,40.650001525878906,41.29999923706055,40.09999847412109,40.650001525878906,38.46426773071289,281704,JYOTISTRUC
2012-07-03,40.79999923706055,41.5,40.59999847412109,41.0,38.79544448852539,204674,JYOTISTRUC
2012-07-04,41.79999923706055,43.59999847412109,40.79999923706055,43.25,40.924461364746094,850069,JYOTISTRUC
2012-07-05,43.84999847412109,45.45000076293945,43.5,45.04999923706055,42.62767791748047,1182296,JYOTISTRUC
2012-07-06,45.75,45.79999923706055,43.79999923706055,44.25,41.87069320678711,393505,JYOTISTRUC
2012-07-09,43.09999847412109,44.5,41.5,43.79999923706055,42.34107971191406,290653,JYOTISTRUC
2012-07-10,43.79999923706055,44.70000076293945,43.70000076293945,43.95000076293945,42.486087799072266,190817,JYOTISTRUC
2012-07-11,43.75,44.25,42.70000076293945,42.900001525878906,41.47106170654297,182852,JYOTISTRUC
2012-07-12,42.59999847412109,43.20000076293945,41.5,42.84999847412109,41.42272567749024,242089,JYOTISTRUC
2012-07-13,42.70000076293945,43.400001525878906,42.20000076293945,42.75,41.32605743408203,125320,JYOTISTRUC
2012-07-16,42.900001525878906,42.900001525878906,41.400001525878906,41.59999847412109,40.21435928344727,81331,JYOTISTRUC
2012-07-17,42.59999847412109,42.59999847412109,40.34999847412109,40.54999923706055,39.19933319091797,93128,JYOTISTRUC
2012-07-18,40.5,40.79999923706055,39.5,40.150001525878906,38.81266021728516,169875,JYOTISTRUC
2012-07-19,40.5,42.150001525878906,40.5,41.75,40.3593635559082,335278,JYOTISTRUC
2012-07-20,41.84999847412109,42.45000076293945,40.900001525878906,41.150001525878906,39.77935028076172,118124,JYOTISTRUC
2012-07-23,40.900001525878906,41.09999847412109,39.650001525878906,40.04999923706055,38.71598815917969,98300,JYOTISTRUC
2012-07-24,40.84999847412109,40.84999847412109,39.54999923706055,39.70000076293945,38.37764739990234,303292,JYOTISTRUC
2012-07-25,39.400001525878906,39.900001525878906,38.650001525878906,38.95000076293945,37.65262985229492,98772,JYOTISTRUC
2012-07-26,38.5,39.29999923706055,37.59999847412109,37.75,36.49259948730469,101439,JYOTISTRUC
2012-07-27,38.5,38.95000076293945,36.04999923706055,36.5,35.284236907958984,219290,JYOTISTRUC
2012-07-30,37.09999847412109,38.20000076293945,36.5,37.79999923706055,36.54093170166016,117156,JYOTISTRUC
2012-07-31,38.29999923706055,38.5,36.75,37.04999923706055,35.815914154052734,134321,JYOTISTRUC
2012-08-01,37.900001525878906,38.70000076293945,37.0,38.150001525878906,36.879276275634766,123380,JYOTISTRUC
2012-08-02,38.5,38.5,37.59999847412109,37.79999923706055,36.54093170166016,90788,JYOTISTRUC
2012-08-03,37.25,37.84999847412109,36.400001525878906,37.45000076293945,36.20259094238281,73232,JYOTISTRUC
2012-08-06,38.20000076293945,39.84999847412109,38.0,38.900001525878906,37.60429763793945,240214,JYOTISTRUC
2012-08-07,39.5,40.79999923706055,39.0,39.900001525878906,38.570987701416016,234075,JYOTISTRUC
2012-08-08,40.400001525878906,40.5,38.75,39.0,37.70096206665039,125221,JYOTISTRUC
2012-08-09,39.900001525878906,39.900001525878906,38.25,38.54999923706055,37.26595306396485,84812,JYOTISTRUC
2012-08-10,39.0,39.0,37.900001525878906,38.04999923706055,36.7826042175293,56259,JYOTISTRUC
2012-08-13,38.150001525878906,38.79999923706055,37.70000076293945,38.54999923706055,37.26595306396485,48718,JYOTISTRUC
2012-08-14,39.0,39.650001525878906,38.54999923706055,38.900001525878906,37.60429763793945,79031,JYOTISTRUC
2012-08-16,39.29999923706055,39.650001525878906,38.5,38.650001525878906,37.36262130737305,97509,JYOTISTRUC
2012-08-17,39.0,39.400001525878906,38.5,38.75,37.45928955078125,75636,JYOTISTRUC
2012-08-21,39.0,39.0,38.25,38.34999847412109,37.07261276245117,78025,JYOTISTRUC
2012-08-22,38.34999847412109,39.25,38.20000076293945,38.900001525878906,37.60429763793945,68495,JYOTISTRUC
2012-08-23,38.70000076293945,38.900001525878906,37.650001525878906,38.0,36.73427200317383,116520,JYOTISTRUC
2012-08-24,37.900001525878906,42.29999923706055,37.20000076293945,40.04999923706055,38.71598815917969,1187206,JYOTISTRUC
2012-08-27,40.45000076293945,40.45000076293945,38.59999847412109,38.84999847412109,37.55595779418945,308798,JYOTISTRUC
2012-08-28,38.84999847412109,39.79999923706055,38.20000076293945,38.54999923706055,37.26595306396485,258658,JYOTISTRUC
2012-08-29,38.75,39.400001525878906,37.75,37.95000076293945,36.68593978881836,113874,JYOTISTRUC
2012-08-30,38.20000076293945,38.20000076293945,37.29999923706055,37.70000076293945,36.44426727294922,87666,JYOTISTRUC
2012-08-31,38.25,38.25,36.0,37.09999847412109,35.86425018310547,115348,JYOTISTRUC
2012-09-03,36.70000076293945,37.900001525878906,36.70000076293945,37.150001525878906,35.9125862121582,67977,JYOTISTRUC
2012-09-04,37.95000076293945,38.0,37.0,37.400001525878906,36.154258728027344,84771,JYOTISTRUC
2012-09-05,37.5,38.650001525878906,37.0,37.900001525878906,36.637603759765625,178864,JYOTISTRUC
2012-09-06,37.29999923706055,38.29999923706055,37.0,37.09999847412109,35.86425018310547,147715,JYOTISTRUC
2012-09-07,37.70000076293945,37.84999847412109,37.0,37.09999847412109,35.86425018310547,193560,JYOTISTRUC
2012-09-10,37.34999847412109,37.79999923706055,36.84999847412109,37.0,35.767581939697266,213563,JYOTISTRUC
2012-09-11,37.20000076293945,37.34999847412109,36.84999847412109,37.0,35.767581939697266,107532,JYOTISTRUC
2012-09-12,37.400001525878906,38.400001525878906,36.900001525878906,38.09999847412109,36.83094024658203,311966,JYOTISTRUC
2012-09-13,37.5,38.45000076293945,36.650001525878906,36.95000076293945,35.71924591064453,334937,JYOTISTRUC
2012-09-14,37.900001525878906,37.95000076293945,36.29999923706055,36.70000076293945,35.47757339477539,362922,JYOTISTRUC
2012-09-17,37.20000076293945,38.95000076293945,36.900001525878906,37.09999847412109,35.86425018310547,1100063,JYOTISTRUC
2012-09-18,37.25,40.95000076293945,37.0,40.29999923706055,38.95766067504883,1276705,JYOTISTRUC
2012-09-20,40.0,43.84999847412109,39.25,43.29999923706055,41.85773468017578,3602561,JYOTISTRUC
2012-09-21,43.900001525878906,49.0,42.650001525878906,47.54999923706055,45.9661750793457,2810251,JYOTISTRUC
2012-09-24,47.900001525878906,51.20000076293945,47.34999847412109,48.25,46.642860412597656,1867537,JYOTISTRUC
2012-09-25,49.84999847412109,50.400001525878906,47.0,48.59999847412109,46.981201171875,821615,JYOTISTRUC
2012-09-26,47.34999847412109,49.20000076293945,46.09999847412109,46.5,44.951148986816406,601355,JYOTISTRUC
2012-09-27,47.0,47.79999923706055,46.0,46.75,45.19282150268555,308773,JYOTISTRUC
2012-09-28,47.70000076293945,48.45000076293945,46.59999847412109,46.95000076293945,45.38616180419922,357857,JYOTISTRUC
2012-10-01,47.900001525878906,48.650001525878906,47.150001525878906,47.54999923706055,45.9661750793457,553461,JYOTISTRUC
2012-10-03,47.54999923706055,50.400001525878906,47.09999847412109,50.04999923706055,48.382904052734375,994858,JYOTISTRUC
2012-10-04,51.150001525878906,53.0,50.59999847412109,51.09999847412109,49.397926330566406,1782663,JYOTISTRUC
2012-10-05,51.70000076293945,53.150001525878906,49.20000076293945,50.29999923706055,48.62457656860352,1203720,JYOTISTRUC
2012-10-08,50.25,50.45000076293945,48.20000076293945,48.5,46.8845329284668,350389,JYOTISTRUC
2012-10-09,49.0,49.400001525878906,48.09999847412109,48.54999923706055,46.932865142822266,260574,JYOTISTRUC
2012-10-10,48.25,49.84999847412109,47.20000076293945,48.09999847412109,46.49785232543945,773330,JYOTISTRUC
2012-10-11,48.75,48.900001525878906,47.5,48.45000076293945,46.83619689941406,252186,JYOTISTRUC
2012-10-12,49.20000076293945,49.20000076293945,47.54999923706055,47.79999923706055,46.20784759521485,325814,JYOTISTRUC
2012-10-15,47.95000076293945,47.95000076293945,46.5,46.70000076293945,45.14448928833008,362431,JYOTISTRUC
2012-10-16,46.79999923706055,47.400001525878906,45.59999847412109,45.79999923706055,44.27446365356445,302077,JYOTISTRUC
2012-10-17,46.45000076293945,46.70000076293945,44.75,44.95000076293945,43.45277786254883,367863,JYOTISTRUC
2012-10-18,45.45000076293945,49.70000076293945,45.0,49.25,47.60955047607422,1115847,JYOTISTRUC
2012-10-19,49.29999923706055,49.5,47.04999923706055,47.75,46.15951156616211,299926,JYOTISTRUC
2012-10-22,47.54999923706055,48.650001525878906,46.5,47.400001525878906,45.821170806884766,159236,JYOTISTRUC
2012-10-23,47.79999923706055,47.79999923706055,46.34999847412109,46.59999847412109,45.04781723022461,114347,JYOTISTRUC
2012-10-25,46.900001525878906,47.45000076293945,46.45000076293945,46.54999923706055,44.99948120117188,84737,JYOTISTRUC
2012-10-29,47.34999847412109,47.84999847412109,46.75,46.95000076293945,45.38616180419922,194636,JYOTISTRUC
2012-10-30,48.20000076293945,48.45000076293945,45.59999847412109,45.900001525878906,44.37113571166992,251909,JYOTISTRUC
2012-10-31,45.54999923706055,45.54999923706055,43.54999923706055,43.84999847412109,42.3894157409668,280274,JYOTISTRUC
2012-11-01,44.0,45.150001525878906,43.5,44.5,43.017765045166016,228338,JYOTISTRUC
2012-11-02,45.20000076293945,45.45000076293945,44.5,44.84999847412109,43.35610580444336,177399,JYOTISTRUC
2012-11-05,44.54999923706055,45.0,43.150001525878906,43.29999923706055,41.85773468017578,153081,JYOTISTRUC
2012-11-06,43.25,43.79999923706055,42.650001525878906,43.29999923706055,41.85773468017578,204375,JYOTISTRUC
2012-11-07,43.79999923706055,45.25,43.09999847412109,44.20000076293945,42.727760314941406,315229,JYOTISTRUC
2012-11-08,43.84999847412109,44.95000076293945,43.650001525878906,44.5,43.017765045166016,119062,JYOTISTRUC
2012-11-09,44.09999847412109,44.900001525878906,43.25,43.650001525878906,42.19607925415039,122673,JYOTISTRUC
2012-11-12,43.75,44.29999923706055,43.0,43.09999847412109,41.664398193359375,151396,JYOTISTRUC
2012-11-15,43.34999847412109,43.59999847412109,42.34999847412109,43.34999847412109,41.90607070922852,160102,JYOTISTRUC
2012-11-16,43.5,46.70000076293945,43.5,44.75,43.25943756103516,699938,JYOTISTRUC
2012-11-19,45.25,46.59999847412109,44.45000076293945,45.04999923706055,43.54944610595703,497478,JYOTISTRUC
2012-11-20,45.54999923706055,46.04999923706055,44.29999923706055,44.650001525878906,43.16277313232422,360271,JYOTISTRUC
2012-11-21,44.650001525878906,46.20000076293945,44.0,44.75,43.25943756103516,429155,JYOTISTRUC
2012-11-22,45.20000076293945,45.45000076293945,44.29999923706055,44.5,43.017765045166016,105036,JYOTISTRUC
2012-11-23,44.95000076293945,45.29999923706055,43.75,43.900001525878906,42.43775177001953,91298,JYOTISTRUC
2012-11-26,43.900001525878906,44.400001525878906,42.150001525878906,43.09999847412109,41.664398193359375,154897,JYOTISTRUC
2012-11-27,43.75,44.400001525878906,43.400001525878906,43.84999847412109,42.3894157409668,168056,JYOTISTRUC
2012-11-29,44.59999847412109,46.70000076293945,44.0,46.34999847412109,44.80614471435547,562083,JYOTISTRUC
2012-11-30,46.95000076293945,48.150001525878906,46.20000076293945,47.54999923706055,45.9661750793457,537873,JYOTISTRUC
2012-12-03,47.95000076293945,48.45000076293945,47.0,48.04999923706055,46.449520111083984,264057,JYOTISTRUC
2012-12-04,48.09999847412109,49.650001525878906,47.25,47.79999923706055,46.20784759521485,480791,JYOTISTRUC
2012-12-05,48.45000076293945,49.25,47.75,48.04999923706055,46.449520111083984,256162,JYOTISTRUC
2012-12-06,48.5,48.5,47.20000076293945,47.59999847412109,46.01450729370117,153116,JYOTISTRUC
2012-12-07,47.900001525878906,50.34999847412109,47.29999923706055,48.650001525878906,47.02953720092773,527606,JYOTISTRUC
2012-12-10,49.25,49.75,48.04999923706055,48.400001525878906,46.787864685058594,308258,JYOTISTRUC
2012-12-11,48.54999923706055,49.09999847412109,47.0,47.20000076293945,45.62783432006836,203547,JYOTISTRUC
2012-12-12,47.29999923706055,47.5,46.29999923706055,46.54999923706055,44.99948120117188,102334,JYOTISTRUC
2012-12-13,45.59999847412109,47.20000076293945,44.650001525878906,44.900001525878906,43.40444564819336,146597,JYOTISTRUC
2012-12-14,45.04999923706055,45.75,44.5,44.84999847412109,43.35610580444336,143808,JYOTISTRUC
2012-12-17,45.29999923706055,45.70000076293945,44.5,44.70000076293945,43.21110534667969,105874,JYOTISTRUC
2012-12-18,45.0,45.29999923706055,44.59999847412109,45.0,43.5011100769043,107638,JYOTISTRUC
2012-12-19,45.0,46.04999923706055,45.0,45.400001525878906,43.88779067993164,183576,JYOTISTRUC
2012-12-20,45.70000076293945,46.900001525878906,45.45000076293945,46.20000076293945,44.66114044189453,272909,JYOTISTRUC
2012-12-21,45.95000076293945,46.04999923706055,44.5,44.650001525878906,43.16277313232422,96000,JYOTISTRUC
2012-12-24,44.54999923706055,45.45000076293945,43.70000076293945,44.150001525878906,42.67942428588867,110363,JYOTISTRUC
2012-12-26,44.25,45.400001525878906,44.0,44.20000076293945,42.727760314941406,127572,JYOTISTRUC
2012-12-27,44.45000076293945,44.84999847412109,44.0,44.150001525878906,42.67942428588867,75231,JYOTISTRUC
2012-12-28,44.45000076293945,45.150001525878906,44.20000076293945,44.34999847412109,42.87276077270508,120371,JYOTISTRUC
2012-12-31,44.79999923706055,45.70000076293945,44.04999923706055,45.04999923706055,43.54944610595703,148648,JYOTISTRUC
2013-01-01,45.75,46.5,45.54999923706055,46.150001525878906,44.61280822753906,137286,JYOTISTRUC
2013-01-02,47.0,47.0,46.650001525878906,46.650001525878906,45.096153259277344,141018,JYOTISTRUC
2013-01-03,46.95000076293945,47.400001525878906,46.29999923706055,47.04999923706055,45.48283004760742,140171,JYOTISTRUC
2013-01-04,46.900001525878906,46.95000076293945,46.04999923706055,46.25,44.70947647094727,79462,JYOTISTRUC
2013-01-07,46.84999847412109,47.150001525878906,46.09999847412109,46.34999847412109,44.80614471435547,87364,JYOTISTRUC
2013-01-08,46.34999847412109,46.59999847412109,45.75,46.0,44.467803955078125,71737,JYOTISTRUC
2013-01-09,46.650001525878906,47.59999847412109,45.70000076293945,45.900001525878906,44.37113571166992,217039,JYOTISTRUC
2013-01-10,46.900001525878906,47.34999847412109,45.79999923706055,46.04999923706055,44.5161361694336,173766,JYOTISTRUC
2013-01-11,46.5,46.54999923706055,44.75,44.84999847412109,43.35610580444336,187715,JYOTISTRUC
2013-01-14,45.09999847412109,45.900001525878906,44.79999923706055,45.0,43.5011100769043,165024,JYOTISTRUC
2013-01-15,45.900001525878906,45.900001525878906,44.650001525878906,44.75,43.25943756103516,74901,JYOTISTRUC
2013-01-16,44.95000076293945,44.95000076293945,43.5,43.84999847412109,42.3894157409668,86571,JYOTISTRUC
2013-01-17,44.45000076293945,44.45000076293945,43.34999847412109,43.59999847412109,42.147743225097656,74102,JYOTISTRUC
2013-01-18,44.0,44.04999923706055,42.900001525878906,43.04999923706055,41.61606216430664,96469,JYOTISTRUC
2013-01-21,43.75,43.75,42.70000076293945,43.09999847412109,41.664398193359375,62581,JYOTISTRUC
2013-01-22,43.5,43.70000076293945,42.150001525878906,42.29999923706055,40.89104461669922,117135,JYOTISTRUC
2013-01-23,42.5,42.79999923706055,41.5,41.75,40.3593635559082,99380,JYOTISTRUC
2013-01-24,41.84999847412109,43.70000076293945,39.25,41.25,39.87601852416992,280460,JYOTISTRUC
2013-01-25,40.650001525878906,42.5,40.20000076293945,41.45000076293945,40.0693588256836,112044,JYOTISTRUC
2013-01-28,41.84999847412109,41.900001525878906,40.59999847412109,41.04999923706055,39.68268203735352,71915,JYOTISTRUC
2013-01-29,41.400001525878906,42.29999923706055,40.70000076293945,40.95000076293945,39.58601379394531,62379,JYOTISTRUC
2013-01-30,41.20000076293945,41.75,40.400001525878906,40.54999923706055,39.19933319091797,66599,JYOTISTRUC
2013-01-31,40.25,41.5,40.25,40.75,39.39267349243164,59872,JYOTISTRUC
2013-02-01,40.79999923706055,42.25,40.79999923706055,41.45000076293945,40.0693588256836,82920,JYOTISTRUC
2013-02-04,41.59999847412109,43.79999923706055,40.70000076293945,41.20000076293945,39.82768630981445,238279,JYOTISTRUC
2013-02-05,42.0,42.0,40.0,40.59999847412109,39.2476692199707,74727,JYOTISTRUC
2013-02-06,41.20000076293945,41.400001525878906,40.5,40.70000076293945,39.34434127807617,48529,JYOTISTRUC
2013-02-07,40.900001525878906,41.0,38.79999923706055,39.20000076293945,37.89430236816406,151817,JYOTISTRUC
2013-02-08,39.59999847412109,39.95000076293945,38.5,38.84999847412109,37.55595779418945,395831,JYOTISTRUC
2013-02-11,39.900001525878906,39.900001525878906,38.5,38.75,37.45928955078125,62700,JYOTISTRUC
2013-02-12,38.84999847412109,39.04999923706055,37.20000076293945,37.59999847412109,36.34759521484375,132854,JYOTISTRUC
2013-02-13,38.900001525878906,38.900001525878906,37.150001525878906,37.25,36.009254455566406,134139,JYOTISTRUC
2013-02-14,37.400001525878906,37.5,36.25,36.400001525878906,35.18756866455078,74904,JYOTISTRUC
2013-02-15,37.5,37.5,36.09999847412109,36.59999847412109,35.38090133666992,107001,JYOTISTRUC
2013-02-18,37.5,38.09999847412109,36.09999847412109,36.79999923706055,35.574241638183594,70245,JYOTISTRUC
2013-02-19,37.25,37.25,36.29999923706055,36.84999847412109,35.62257385253906,136950,JYOTISTRUC
2013-02-20,37.900001525878906,37.900001525878906,36.59999847412109,37.04999923706055,35.815914154052734,196241,JYOTISTRUC
2013-02-21,37.29999923706055,37.54999923706055,35.900001525878906,36.150001525878906,34.94589614868164,254649,JYOTISTRUC
2013-02-22,36.79999923706055,36.79999923706055,35.5,36.0,34.80088806152344,111352,JYOTISTRUC
2013-02-25,36.150001525878906,36.34999847412109,35.150001525878906,35.400001525878906,34.22087478637695,68570,JYOTISTRUC
2013-02-26,36.5,36.5,34.599998474121094,34.79999923706055,33.6408576965332,274812,JYOTISTRUC
2013-02-27,35.150001525878906,35.5,34.349998474121094,34.849998474121094,33.68919372558594,74439,JYOTISTRUC
2013-02-28,36.59999847412109,36.59999847412109,31.100000381469727,32.79999923706055,31.707475662231445,121500,JYOTISTRUC
2013-03-01,34.400001525878906,34.400001525878906,32.75,33.45000076293945,32.3358268737793,75072,JYOTISTRUC
2013-03-04,32.099998474121094,33.849998474121094,32.099998474121094,32.349998474121094,31.272464752197266,80667,JYOTISTRUC
2013-03-05,33.150001525878906,33.150001525878906,32.20000076293945,32.599998474121094,31.514137268066406,66239,JYOTISTRUC
2013-03-06,33.150001525878906,34.79999923706055,32.650001525878906,34.25,33.10918045043945,165819,JYOTISTRUC
2013-03-07,34.349998474121094,34.70000076293945,33.5,33.849998474121094,32.72249984741211,84671,JYOTISTRUC
2013-03-08,34.70000076293945,37.5,33.5,33.650001525878906,32.52916717529297,227146,JYOTISTRUC
2013-03-11,34.0,34.099998474121094,32.79999923706055,33.20000076293945,32.09415435791016,162175,JYOTISTRUC
2013-03-12,33.45000076293945,34.5,32.79999923706055,33.04999923706055,31.94915008544922,102366,JYOTISTRUC
2013-03-13,33.04999923706055,33.04999923706055,32.20000076293945,32.5,31.417469024658203,46412,JYOTISTRUC
2013-03-14,32.04999923706055,33.79999923706055,32.04999923706055,33.599998474121094,32.48082733154297,83165,JYOTISTRUC
2013-03-15,33.349998474121094,33.75,32.150001525878906,32.400001525878906,31.32080268859864,78906,JYOTISTRUC
2013-03-18,32.5,32.5,31.299999237060547,31.450000762939453,30.40244483947754,91403,JYOTISTRUC
2013-03-19,31.5,32.599998474121094,30.850000381469727,31.0,29.967432022094727,139032,JYOTISTRUC
2013-03-20,30.799999237060547,31.5,29.450000762939453,29.64999961853028,28.662399291992188,155305,JYOTISTRUC
2013-03-21,30.0,30.200000762939453,28.5,28.600000381469727,27.64737319946289,122804,JYOTISTRUC
2013-03-22,29.0,29.0,27.5,27.950000762939453,27.019023895263672,118576,JYOTISTRUC
2013-03-25,29.0,29.0,27.14999961853028,27.75,26.82568550109864,81749,JYOTISTRUC
2013-03-26,27.799999237060547,28.100000381469727,27.049999237060547,27.25,26.34234046936035,87261,JYOTISTRUC
2013-03-28,27.350000381469727,27.5,26.100000381469727,27.200000762939453,26.29400634765625,72096,JYOTISTRUC
2013-04-01,28.200000762939453,31.799999237060547,27.39999961853028,31.200000762939453,30.1607723236084,206492,JYOTISTRUC
2013-04-02,32.70000076293945,32.900001525878906,31.350000381469727,32.650001525878906,31.562475204467773,125906,JYOTISTRUC
2013-04-03,32.849998474121094,34.25,32.25,32.650001525878906,31.562475204467773,185118,JYOTISTRUC
2013-04-04,32.0,32.400001525878906,31.100000381469727,31.64999961853028,30.595781326293945,122047,JYOTISTRUC
2013-04-05,31.700000762939453,32.0,31.299999237060547,31.700000762939453,30.64411735534668,26984,JYOTISTRUC
2013-04-08,32.400001525878906,32.5,31.0,31.14999961853028,30.112436294555664,53640,JYOTISTRUC
2013-04-09,31.850000381469727,31.89999961853028,30.75,31.0,29.967432022094727,28852,JYOTISTRUC
2013-04-10,31.0,31.5,30.39999961853028,31.14999961853028,30.112436294555664,29132,JYOTISTRUC
2013-04-11,31.450000762939453,31.5,30.89999961853028,31.0,29.967432022094727,16591,JYOTISTRUC
2013-04-12,29.25,31.14999961853028,29.25,30.850000381469727,29.822429656982425,18977,JYOTISTRUC
2013-04-15,30.5,31.049999237060547,29.600000381469727,29.799999237060547,28.80740165710449,62066,JYOTISTRUC
2013-04-16,30.25,30.350000381469727,29.75,30.0,29.000741958618164,70557,JYOTISTRUC
2013-04-17,31.0,31.0,29.5,29.64999961853028,28.662399291992188,144214,JYOTISTRUC
2013-04-18,29.89999961853028,29.950000762939453,29.600000381469727,29.700000762939453,28.71073532104492,52535,JYOTISTRUC
2013-04-22,30.0,30.600000381469727,29.450000762939453,29.700000762939453,28.71073532104492,106520,JYOTISTRUC
2013-04-23,30.0,30.14999961853028,29.5,29.600000381469727,28.61406517028809,142479,JYOTISTRUC
2013-04-25,29.600000381469727,30.75,29.600000381469727,29.89999961853028,28.904071807861328,198971,JYOTISTRUC
2013-04-26,29.850000381469727,30.14999961853028,29.700000762939453,29.850000381469727,28.855737686157227,114737,JYOTISTRUC
2013-04-29,29.600000381469727,30.100000381469727,29.549999237060547,29.700000762939453,28.71073532104492,73877,JYOTISTRUC
2013-04-30,29.25,30.89999961853028,29.25,29.89999961853028,28.904071807861328,136528,JYOTISTRUC
2013-05-02,29.850000381469727,31.39999961853028,28.89999961853028,29.450000762939453,28.46906089782715,576730,JYOTISTRUC
2013-05-03,30.350000381469727,33.79999923706055,30.100000381469727,31.89999961853028,30.83745384216309,4082492,JYOTISTRUC
2013-05-06,32.0,32.5,31.5,31.75,30.69245147705078,356454,JYOTISTRUC
2013-05-07,31.75,32.20000076293945,30.600000381469727,31.299999237060547,30.25743865966797,213604,JYOTISTRUC
2013-05-08,31.25,32.70000076293945,30.700000762939453,31.100000381469727,30.06410217285156,173831,JYOTISTRUC
2013-05-09,31.200000762939453,31.350000381469727,30.0,30.14999961853028,29.14574432373047,137668,JYOTISTRUC
2013-05-10,30.14999961853028,30.39999961853028,29.700000762939453,29.850000381469727,28.855737686157227,170807,JYOTISTRUC
2013-05-13,30.0,30.200000762939453,29.25,29.5,28.51739501953125,90829,JYOTISTRUC
2013-05-14,29.5,29.950000762939453,29.100000381469727,29.200000762939453,28.227388381958008,95126,JYOTISTRUC
2013-05-15,29.450000762939453,29.75,29.25,29.450000762939453,28.46906089782715,167887,JYOTISTRUC
2013-05-16,29.600000381469727,29.75,29.25,29.39999961853028,28.420726776123047,89600,JYOTISTRUC
2013-05-17,29.549999237060547,31.799999237060547,29.299999237060547,30.200000762939453,29.194080352783203,654000,JYOTISTRUC
2013-05-20,30.5,31.39999961853028,30.049999237060547,30.200000762939453,29.194080352783203,193790,JYOTISTRUC
2013-05-21,30.350000381469727,30.600000381469727,29.75,29.89999961853028,28.904071807861328,74073,JYOTISTRUC
2013-05-22,30.100000381469727,30.39999961853028,28.89999961853028,29.100000381469727,28.130720138549805,119786,JYOTISTRUC
2013-05-23,28.700000762939453,29.049999237060547,27.5,27.89999961853028,26.97068977355957,102963,JYOTISTRUC
2013-05-24,28.600000381469727,28.600000381469727,27.75,27.850000381469727,26.92235565185547,79199,JYOTISTRUC
2013-05-27,28.200000762939453,28.5,27.700000762939453,27.950000762939453,27.019023895263672,93896,JYOTISTRUC
2013-05-28,27.950000762939453,28.950000762939453,27.950000762939453,28.350000381469727,27.40570068359375,64205,JYOTISTRUC
2013-05-29,28.350000381469727,28.350000381469727,26.049999237060547,27.350000381469727,26.439008712768555,120564,JYOTISTRUC
2013-05-30,27.0,28.600000381469727,26.64999961853028,28.350000381469727,27.40570068359375,148183,JYOTISTRUC
2013-05-31,28.549999237060547,28.700000762939453,27.350000381469727,27.64999961853028,26.7290153503418,97981,JYOTISTRUC
2013-06-03,27.75,27.75,26.799999237060547,27.0,26.10066795349121,73738,JYOTISTRUC
2013-06-04,27.14999961853028,27.5,26.64999961853028,26.799999237060547,25.90732765197754,72598,JYOTISTRUC
2013-06-05,26.89999961853028,27.049999237060547,26.600000381469727,26.799999237060547,25.90732765197754,38567,JYOTISTRUC
2013-06-06,26.299999237060547,26.799999237060547,25.75,26.0,25.133975982666016,180950,JYOTISTRUC
2013-06-07,25.89999961853028,26.39999961853028,25.549999237060547,25.75,24.892303466796875,91829,JYOTISTRUC
2013-06-10,25.549999237060547,26.100000381469727,24.14999961853028,24.299999237060547,23.4906005859375,160517,JYOTISTRUC
2013-06-11,24.0,24.25,23.0,23.549999237060547,22.765581130981445,142098,JYOTISTRUC
2013-06-12,23.64999961853028,25.200000762939453,23.299999237060547,24.049999237060547,23.248926162719727,125038,JYOTISTRUC
2013-06-13,24.0,24.200000762939453,23.39999961853028,23.64999961853028,22.86225128173828,51847,JYOTISTRUC
2013-06-14,23.75,24.799999237060547,23.75,24.049999237060547,23.248926162719727,82203,JYOTISTRUC
2013-06-17,24.0,24.14999961853028,23.549999237060547,23.64999961853028,22.86225128173828,139626,JYOTISTRUC
2013-06-18,24.049999237060547,24.25,23.39999961853028,23.75,22.958919525146484,167713,JYOTISTRUC
2013-06-19,23.75,23.799999237060547,23.25,23.350000381469727,22.57224464416504,120399,JYOTISTRUC
2013-06-20,23.0,23.0,22.100000381469727,22.25,21.508882522583008,127946,JYOTISTRUC
2013-06-21,22.5,22.75,20.25,20.450000762939453,19.76883888244629,223154,JYOTISTRUC
2013-06-24,20.0,21.200000762939453,19.850000381469727,20.0,19.33382797241211,278547,JYOTISTRUC
2013-06-25,19.799999237060547,20.89999961853028,19.600000381469727,20.100000381469727,19.430496215820312,159145,JYOTISTRUC
2013-06-26,20.25,20.799999237060547,19.799999237060547,20.100000381469727,19.430496215820312,92355,JYOTISTRUC
2013-06-27,20.200000762939453,20.549999237060547,19.600000381469727,19.950000762939453,19.285493850708008,135048,JYOTISTRUC
2013-06-28,20.200000762939453,20.799999237060547,20.0,20.39999961853028,19.720502853393555,185377,JYOTISTRUC
2013-07-01,20.0,22.25,20.0,21.5,20.783864974975582,230306,JYOTISTRUC
2013-07-02,21.89999961853028,22.600000381469727,21.350000381469727,21.600000381469727,20.88053321838379,198095,JYOTISTRUC
2013-07-03,21.39999961853028,22.799999237060547,20.700000762939453,20.850000381469727,20.155515670776367,158991,JYOTISTRUC
2013-07-04,21.0,21.25,20.5,20.64999961853028,19.962177276611328,151751,JYOTISTRUC
2013-07-05,20.850000381469727,21.350000381469727,20.39999961853028,20.5,19.81717300415039,219124,JYOTISTRUC
2013-07-08,20.5,22.64999961853028,20.14999961853028,20.850000381469727,20.155515670776367,1045508,JYOTISTRUC
2013-07-09,21.100000381469727,21.700000762939453,20.700000762939453,20.75,20.05884552001953,262829,JYOTISTRUC
2013-07-10,20.5,21.100000381469727,20.350000381469727,20.450000762939453,19.76883888244629,219493,JYOTISTRUC
2013-07-11,20.5,20.700000762939453,20.049999237060547,20.14999961853028,20.14999961853028,358250,JYOTISTRUC
2013-07-12,20.14999961853028,20.299999237060547,19.799999237060547,19.950000762939453,19.950000762939453,161630,JYOTISTRUC
2013-07-15,20.39999961853028,20.39999961853028,19.600000381469727,20.0,20.0,132394,JYOTISTRUC
2013-07-16,20.0,20.0,18.600000381469727,18.75,18.75,263934,JYOTISTRUC
2013-07-17,19.0,19.549999237060547,18.350000381469727,18.549999237060547,18.549999237060547,156395,JYOTISTRUC
2013-07-18,18.25,18.950000762939453,18.25,18.5,18.5,129515,JYOTISTRUC
2013-07-19,18.5,20.0,18.5,19.200000762939453,19.200000762939453,294399,JYOTISTRUC
2013-07-22,19.0,20.549999237060547,18.850000381469727,19.89999961853028,19.89999961853028,164442,JYOTISTRUC
2013-07-23,20.5,20.5,19.350000381469727,20.100000381469727,20.100000381469727,93747,JYOTISTRUC
2013-07-24,20.0,20.39999961853028,19.39999961853028,19.75,19.75,156546,JYOTISTRUC
2013-07-25,19.64999961853028,19.89999961853028,19.0,19.049999237060547,19.049999237060547,47901,JYOTISTRUC
2013-07-26,18.89999961853028,19.299999237060547,18.14999961853028,18.299999237060547,18.299999237060547,132892,JYOTISTRUC
2013-07-29,18.39999961853028,18.600000381469727,17.200000762939453,17.299999237060547,17.299999237060547,148489,JYOTISTRUC
2013-07-30,17.600000381469727,17.899999618530273,16.649999618530273,16.75,16.75,104775,JYOTISTRUC
2013-07-31,16.799999237060547,17.200000762939453,15.699999809265137,16.850000381469727,16.850000381469727,181832,JYOTISTRUC
2013-08-01,16.950000762939453,17.799999237060547,15.649999618530272,15.850000381469728,15.850000381469728,209046,JYOTISTRUC
2013-08-02,15.5,16.0,15.0,15.350000381469728,15.350000381469728,155720,JYOTISTRUC
2013-08-05,15.149999618530272,16.0,15.100000381469728,15.75,15.75,54322,JYOTISTRUC
2013-08-06,15.5,16.100000381469727,15.100000381469728,15.949999809265137,15.949999809265137,103512,JYOTISTRUC
2013-08-07,16.0,16.899999618530273,15.300000190734863,16.5,16.5,121270,JYOTISTRUC
2013-08-08,16.049999237060547,17.25,16.0,16.799999237060547,16.799999237060547,101539,JYOTISTRUC
2013-08-12,16.200000762939453,17.899999618530273,16.200000762939453,17.350000381469727,17.350000381469727,109725,JYOTISTRUC
2013-08-13,17.0,17.700000762939453,16.850000381469727,17.0,17.0,123863,JYOTISTRUC
2013-08-14,17.0,17.5,16.799999237060547,17.200000762939453,17.200000762939453,79469,JYOTISTRUC
2013-08-16,16.950000762939453,17.850000381469727,16.549999237060547,16.649999618530273,16.649999618530273,54888,JYOTISTRUC
2013-08-19,16.200000762939453,17.200000762939453,16.200000762939453,16.549999237060547,16.549999237060547,105845,JYOTISTRUC
2013-08-20,16.200000762939453,17.0,15.800000190734863,16.850000381469727,16.850000381469727,85350,JYOTISTRUC
2013-08-21,17.149999618530273,17.299999237060547,16.5,16.700000762939453,16.700000762939453,46504,JYOTISTRUC
2013-08-22,16.399999618530273,17.25,16.299999237060547,17.0,17.0,73842,JYOTISTRUC
2013-08-23,16.950000762939453,17.5,16.75,17.350000381469727,17.350000381469727,72392,JYOTISTRUC
2013-08-26,17.450000762939453,18.200000762939453,17.450000762939453,17.649999618530273,17.649999618530273,73567,JYOTISTRUC
2013-08-27,17.649999618530273,17.649999618530273,16.899999618530273,17.049999237060547,17.049999237060547,37165,JYOTISTRUC
2013-08-28,17.049999237060547,17.049999237060547,16.299999237060547,16.649999618530273,16.649999618530273,47876,JYOTISTRUC
2013-08-29,16.700000762939453,18.049999237060547,16.649999618530273,17.649999618530273,17.649999618530273,372978,JYOTISTRUC
2013-08-30,18.0,18.100000381469727,17.200000762939453,17.950000762939453,17.950000762939453,194968,JYOTISTRUC
2013-09-02,17.75,18.950000762939453,17.75,18.799999237060547,18.799999237060547,83758,JYOTISTRUC
2013-09-03,18.700000762939453,18.799999237060547,17.700000762939453,17.75,17.75,110331,JYOTISTRUC
2013-09-04,17.75,18.5,17.350000381469727,18.049999237060547,18.049999237060547,58305,JYOTISTRUC
2013-09-05,18.5,18.600000381469727,17.5,17.700000762939453,17.700000762939453,169162,JYOTISTRUC
2013-09-06,17.75,18.100000381469727,17.600000381469727,17.850000381469727,17.850000381469727,61012,JYOTISTRUC
2013-09-10,18.100000381469727,19.600000381469727,18.100000381469727,19.200000762939453,19.200000762939453,252294,JYOTISTRUC
2013-09-11,18.64999961853028,20.450000762939453,18.600000381469727,19.549999237060547,19.549999237060547,219811,JYOTISTRUC
2013-09-12,19.549999237060547,22.299999237060547,19.549999237060547,20.600000381469727,20.600000381469727,630163,JYOTISTRUC
2013-09-13,21.799999237060547,23.799999237060547,21.799999237060547,23.350000381469727,23.350000381469727,1439906,JYOTISTRUC
2013-09-16,23.600000381469727,24.450000762939453,23.0,23.39999961853028,23.39999961853028,546810,JYOTISTRUC
2013-09-17,23.14999961853028,23.450000762939453,22.64999961853028,23.0,23.0,88428,JYOTISTRUC
2013-09-18,22.700000762939453,23.100000381469727,21.950000762939453,22.049999237060547,22.049999237060547,89015,JYOTISTRUC
2013-09-19,22.89999961853028,22.950000762939453,21.799999237060547,22.0,22.0,228882,JYOTISTRUC
2013-09-20,22.0,22.39999961853028,20.75,21.200000762939453,21.200000762939453,136775,JYOTISTRUC
2013-09-23,21.14999961853028,21.14999961853028,20.549999237060547,20.64999961853028,20.64999961853028,88862,JYOTISTRUC
2013-09-24,20.89999961853028,21.850000381469727,20.850000381469727,21.200000762939453,21.200000762939453,175358,JYOTISTRUC
2013-09-25,21.14999961853028,21.850000381469727,20.64999961853028,20.89999961853028,20.89999961853028,58661,JYOTISTRUC
2013-09-26,20.799999237060547,21.299999237060547,20.700000762939453,21.049999237060547,21.049999237060547,67615,JYOTISTRUC
2013-09-27,21.25,21.39999961853028,20.64999961853028,20.75,20.75,58036,JYOTISTRUC
2013-09-30,21.200000762939453,21.200000762939453,19.700000762939453,19.799999237060547,19.799999237060547,78373,JYOTISTRUC
2013-10-01,20.0,20.75,19.600000381469727,19.89999961853028,19.89999961853028,364416,JYOTISTRUC
2013-10-03,19.89999961853028,20.299999237060547,19.799999237060547,19.89999961853028,19.89999961853028,140138,JYOTISTRUC
2013-10-04,19.799999237060547,20.200000762939453,19.75,19.850000381469727,19.850000381469727,111281,JYOTISTRUC
2013-10-07,19.850000381469727,20.049999237060547,19.299999237060547,19.39999961853028,19.39999961853028,95582,JYOTISTRUC
2013-10-08,19.600000381469727,19.75,19.39999961853028,19.450000762939453,19.450000762939453,80976,JYOTISTRUC
2013-10-09,19.5,19.799999237060547,19.39999961853028,19.39999961853028,19.39999961853028,106951,JYOTISTRUC
2013-10-10,19.600000381469727,19.950000762939453,19.39999961853028,19.450000762939453,19.450000762939453,212901,JYOTISTRUC
2013-10-11,19.39999961853028,20.850000381469727,19.39999961853028,19.950000762939453,19.950000762939453,418777,JYOTISTRUC
2013-10-14,20.0,21.350000381469727,20.0,20.799999237060547,20.799999237060547,264687,JYOTISTRUC
2013-10-15,21.0,21.700000762939453,20.25,20.39999961853028,20.39999961853028,266418,JYOTISTRUC
2013-10-17,20.600000381469727,22.549999237060547,20.200000762939453,22.39999961853028,22.39999961853028,1492875,JYOTISTRUC
2013-10-18,22.89999961853028,24.600000381469727,22.600000381469727,24.299999237060547,24.299999237060547,1609111,JYOTISTRUC
2013-10-21,24.0,24.89999961853028,23.299999237060547,24.14999961853028,24.14999961853028,543369,JYOTISTRUC
2013-10-22,24.0,26.200000762939453,23.89999961853028,25.350000381469727,25.350000381469727,1122512,JYOTISTRUC
2013-10-23,25.0,25.89999961853028,23.850000381469727,24.25,24.25,542910,JYOTISTRUC
2013-10-24,24.14999961853028,25.64999961853028,24.14999961853028,24.799999237060547,24.799999237060547,492656,JYOTISTRUC
2013-10-25,24.799999237060547,25.299999237060547,24.549999237060547,24.75,24.75,174946,JYOTISTRUC
2013-10-28,25.0,25.100000381469727,23.0,23.100000381469727,23.100000381469727,177000,JYOTISTRUC
2013-10-29,23.700000762939453,24.0,22.89999961853028,23.549999237060547,23.549999237060547,168058,JYOTISTRUC
2013-10-30,23.700000762939453,24.299999237060547,23.5,23.64999961853028,23.64999961853028,198325,JYOTISTRUC
2013-10-31,23.75,24.600000381469727,23.600000381469727,23.89999961853028,23.89999961853028,326247,JYOTISTRUC
2013-11-01,24.0,24.799999237060547,23.549999237060547,23.799999237060547,23.799999237060547,746704,JYOTISTRUC
2013-11-05,24.049999237060547,27.0,24.049999237060547,25.200000762939453,25.200000762939453,1110117,JYOTISTRUC
2013-11-06,25.049999237060547,26.0,24.600000381469727,24.700000762939453,24.700000762939453,589305,JYOTISTRUC
2013-11-07,25.64999961853028,26.700000762939453,24.100000381469727,24.950000762939453,24.950000762939453,1747920,JYOTISTRUC
2013-11-08,25.39999961853028,25.75,24.39999961853028,24.600000381469727,24.600000381469727,869401,JYOTISTRUC
2013-11-11,25.0,25.0,24.100000381469727,24.299999237060547,24.299999237060547,228047,JYOTISTRUC
2013-11-12,24.5,24.700000762939453,23.100000381469727,23.25,23.25,293622,JYOTISTRUC
2013-11-13,23.049999237060547,24.350000381469727,22.700000762939453,23.14999961853028,23.14999961853028,229136,JYOTISTRUC
2013-11-14,24.0,24.0,22.600000381469727,22.75,22.75,391965,JYOTISTRUC
2013-11-18,23.0,23.450000762939453,22.700000762939453,22.950000762939453,22.950000762939453,275226,JYOTISTRUC
2013-11-19,23.0,23.25,22.700000762939453,22.799999237060547,22.799999237060547,289685,JYOTISTRUC
2013-11-20,22.89999961853028,23.950000762939453,20.89999961853028,21.299999237060547,21.299999237060547,1288287,JYOTISTRUC
2013-11-21,21.14999961853028,22.39999961853028,20.100000381469727,21.75,21.75,1739301,JYOTISTRUC
2013-11-22,21.89999961853028,22.700000762939453,21.64999961853028,22.5,22.5,480018,JYOTISTRUC
2013-11-25,22.75,24.14999961853028,22.450000762939453,23.89999961853028,23.89999961853028,1193023,JYOTISTRUC
2013-11-26,24.0,24.5,23.799999237060547,23.950000762939453,23.950000762939453,629493,JYOTISTRUC
2013-11-27,24.299999237060547,24.950000762939453,23.25,24.450000762939453,24.450000762939453,877195,JYOTISTRUC
2013-11-28,24.89999961853028,26.700000762939453,24.299999237060547,26.049999237060547,26.049999237060547,1749840,JYOTISTRUC
2013-11-29,26.0,27.100000381469727,26.0,26.14999961853028,26.14999961853028,1221552,JYOTISTRUC
2013-12-02,26.299999237060547,28.14999961853028,26.200000762939453,27.89999961853028,27.89999961853028,1450689,JYOTISTRUC
2013-12-03,27.850000381469727,27.850000381469727,26.75,26.89999961853028,26.89999961853028,790918,JYOTISTRUC
2013-12-04,26.799999237060547,27.0,25.299999237060547,25.64999961853028,25.64999961853028,935755,JYOTISTRUC
2013-12-05,26.450000762939453,27.799999237060547,26.200000762939453,26.350000381469727,26.350000381469727,1496883,JYOTISTRUC
2013-12-06,26.89999961853028,27.39999961853028,26.200000762939453,26.75,26.75,762202,JYOTISTRUC
2013-12-09,27.799999237060547,28.100000381469727,26.75,27.0,27.0,1175314,JYOTISTRUC
2013-12-10,27.049999237060547,27.14999961853028,25.89999961853028,26.799999237060547,26.799999237060547,451412,JYOTISTRUC
2013-12-11,26.799999237060547,26.799999237060547,25.64999961853028,25.89999961853028,25.89999961853028,520142,JYOTISTRUC
2013-12-12,26.0,26.799999237060547,25.25,26.5,26.5,412696,JYOTISTRUC
2013-12-13,26.100000381469727,27.39999961853028,25.799999237060547,26.100000381469727,26.100000381469727,353564,JYOTISTRUC
2013-12-16,26.0,26.64999961853028,25.549999237060547,25.950000762939453,25.950000762939453,211179,JYOTISTRUC
2013-12-17,26.600000381469727,26.600000381469727,25.450000762939453,25.600000381469727,25.600000381469727,211061,JYOTISTRUC
2013-12-18,25.700000762939453,26.350000381469727,25.600000381469727,26.0,26.0,403268,JYOTISTRUC
2013-12-19,26.049999237060547,26.39999961853028,25.299999237060547,25.5,25.5,360878,JYOTISTRUC
2013-12-20,25.350000381469727,26.75,25.350000381469727,26.350000381469727,26.350000381469727,400037,JYOTISTRUC
2013-12-23,26.049999237060547,27.75,26.049999237060547,27.5,27.5,673662,JYOTISTRUC
2013-12-24,27.25,28.700000762939453,27.25,28.350000381469727,28.350000381469727,676078,JYOTISTRUC
2013-12-26,28.75,30.89999961853028,28.64999961853028,30.5,30.5,1720640,JYOTISTRUC
2013-12-27,30.600000381469727,30.89999961853028,29.549999237060547,29.89999961853028,29.89999961853028,585197,JYOTISTRUC
2013-12-30,30.0,30.5,28.75,28.89999961853028,28.89999961853028,348117,JYOTISTRUC
2013-12-31,28.89999961853028,31.600000381469727,28.75,31.200000762939453,31.200000762939453,1564834,JYOTISTRUC
2014-01-01,31.200000762939453,33.900001525878906,31.049999237060547,33.54999923706055,33.54999923706055,2090706,JYOTISTRUC
2014-01-02,33.75,34.70000076293945,30.299999237060547,30.75,30.75,1626336,JYOTISTRUC
2014-01-03,30.39999961853028,32.349998474121094,30.25,32.099998474121094,32.099998474121094,847596,JYOTISTRUC
2014-01-06,32.150001525878906,33.599998474121094,31.450000762939453,32.45000076293945,32.45000076293945,742781,JYOTISTRUC
2014-01-07,32.599998474121094,33.79999923706055,32.29999923706055,32.75,32.75,712963,JYOTISTRUC
2014-01-08,32.650001525878906,33.400001525878906,31.450000762939453,31.799999237060547,31.799999237060547,529504,JYOTISTRUC
2014-01-09,31.799999237060547,32.150001525878906,30.299999237060547,30.64999961853028,30.64999961853028,352938,JYOTISTRUC
2014-01-10,31.39999961853028,31.89999961853028,30.549999237060547,30.64999961853028,30.64999961853028,360786,JYOTISTRUC
2014-01-13,30.200000762939453,31.25,30.100000381469727,30.799999237060547,30.799999237060547,384957,JYOTISTRUC
2014-01-14,30.799999237060547,31.700000762939453,30.75,30.850000381469727,30.850000381469727,379527,JYOTISTRUC
2014-01-15,30.89999961853028,31.39999961853028,30.39999961853028,30.549999237060547,30.549999237060547,182849,JYOTISTRUC
2014-01-16,30.200000762939453,31.600000381469727,30.200000762939453,30.5,30.5,281476,JYOTISTRUC
2014-01-17,30.549999237060547,30.75,29.14999961853028,29.350000381469727,29.350000381469727,244943,JYOTISTRUC
2014-01-20,29.14999961853028,29.600000381469727,28.600000381469727,28.850000381469727,28.850000381469727,256955,JYOTISTRUC
2014-01-21,29.100000381469727,30.39999961853028,28.850000381469727,29.799999237060547,29.799999237060547,268766,JYOTISTRUC
2014-01-22,29.89999961853028,30.25,29.200000762939453,30.14999961853028,30.14999961853028,191254,JYOTISTRUC
2014-01-23,30.299999237060547,30.64999961853028,29.75,30.350000381469727,30.350000381469727,120842,JYOTISTRUC
2014-01-24,30.0,30.350000381469727,29.0,29.100000381469727,29.100000381469727,145506,JYOTISTRUC
2014-01-27,28.89999961853028,28.89999961853028,27.75,27.950000762939453,27.950000762939453,176423,JYOTISTRUC
2014-01-28,28.0,28.89999961853028,27.799999237060547,28.5,28.5,145252,JYOTISTRUC
2014-01-29,28.14999961853028,28.950000762939453,28.0,28.100000381469727,28.100000381469727,91886,JYOTISTRUC
2014-01-30,27.89999961853028,27.89999961853028,27.0,27.549999237060547,27.549999237060547,223177,JYOTISTRUC
2014-01-31,27.25,28.799999237060547,27.14999961853028,28.299999237060547,28.299999237060547,179462,JYOTISTRUC
2014-02-03,28.049999237060547,28.39999961853028,27.0,27.299999237060547,27.299999237060547,223983,JYOTISTRUC
2014-02-04,27.100000381469727,27.25,26.5,27.049999237060547,27.049999237060547,136953,JYOTISTRUC
2014-02-05,27.89999961853028,27.89999961853028,27.0,27.200000762939453,27.200000762939453,87864,JYOTISTRUC
2014-02-06,27.549999237060547,28.200000762939453,27.25,27.39999961853028,27.39999961853028,159307,JYOTISTRUC
2014-02-07,27.700000762939453,28.39999961853028,27.5,27.600000381469727,27.600000381469727,128172,JYOTISTRUC
2014-02-10,27.299999237060547,28.0,27.299999237060547,27.5,27.5,63022,JYOTISTRUC
2014-02-11,27.299999237060547,27.700000762939453,27.049999237060547,27.100000381469727,27.100000381469727,95198,JYOTISTRUC
2014-02-12,26.89999961853028,27.39999961853028,26.700000762939453,26.799999237060547,26.799999237060547,319642,JYOTISTRUC
2014-02-13,27.0,27.0,26.0,26.100000381469727,26.100000381469727,107406,JYOTISTRUC
2014-02-14,25.950000762939453,26.799999237060547,25.89999961853028,26.100000381469727,26.100000381469727,165929,JYOTISTRUC
2014-02-17,26.39999961853028,26.39999961853028,25.600000381469727,26.0,26.0,127860,JYOTISTRUC
2014-02-18,26.350000381469727,27.450000762939453,25.799999237060547,27.14999961853028,27.14999961853028,279708,JYOTISTRUC
2014-02-19,26.950000762939453,28.75,26.950000762939453,28.64999961853028,28.64999961853028,499739,JYOTISTRUC
2014-02-20,28.799999237060547,28.799999237060547,27.350000381469727,27.549999237060547,27.549999237060547,200969,JYOTISTRUC
2014-02-21,27.5,28.25,27.5,28.0,28.0,136579,JYOTISTRUC
2014-02-24,28.25,28.799999237060547,27.850000381469727,28.25,28.25,192358,JYOTISTRUC
2014-02-25,28.200000762939453,28.5,27.64999961853028,27.75,27.75,112743,JYOTISTRUC
2014-02-26,27.75,27.89999961853028,27.049999237060547,27.299999237060547,27.299999237060547,137320,JYOTISTRUC
2014-02-28,27.049999237060547,28.25,27.0,28.100000381469727,28.100000381469727,226140,JYOTISTRUC
2014-03-03,27.799999237060547,29.0,27.600000381469727,27.89999961853028,27.89999961853028,409395,JYOTISTRUC
2014-03-04,27.75,28.450000762939453,27.600000381469727,28.100000381469727,28.100000381469727,187356,JYOTISTRUC
2014-03-05,28.600000381469727,29.700000762939453,28.0,29.299999237060547,29.299999237060547,454632,JYOTISTRUC
2014-03-06,29.5,30.549999237060547,29.39999961853028,29.950000762939453,29.950000762939453,420667,JYOTISTRUC
2014-03-07,30.0,31.100000381469727,29.700000762939453,30.299999237060547,30.299999237060547,505175,JYOTISTRUC
2014-03-10,29.700000762939453,31.89999961853028,29.700000762939453,31.549999237060547,31.549999237060547,435616,JYOTISTRUC
2014-03-11,31.450000762939453,32.599998474121094,30.75,31.350000381469727,31.350000381469727,333055,JYOTISTRUC
2014-03-12,31.25,31.700000762939453,30.39999961853028,30.799999237060547,30.799999237060547,140677,JYOTISTRUC
2014-03-13,30.549999237060547,31.450000762939453,30.049999237060547,30.200000762939453,30.200000762939453,141945,JYOTISTRUC
2014-03-14,30.0,30.5,29.5,29.89999961853028,29.89999961853028,116721,JYOTISTRUC
2014-03-18,29.799999237060547,30.75,29.14999961853028,29.299999237060547,29.299999237060547,223310,JYOTISTRUC
2014-03-19,29.5,30.450000762939453,29.0,29.850000381469727,29.850000381469727,280820,JYOTISTRUC
2014-03-20,29.89999961853028,29.89999961853028,29.049999237060547,29.049999237060547,29.049999237060547,117320,JYOTISTRUC
2014-03-21,29.200000762939453,29.700000762939453,29.100000381469727,29.450000762939453,29.450000762939453,144747,JYOTISTRUC
2014-03-24,30.25,31.350000381469727,30.0,30.25,30.25,175324,JYOTISTRUC
2014-03-25,30.450000762939453,30.700000762939453,29.700000762939453,29.950000762939453,29.950000762939453,228103,JYOTISTRUC
2014-03-26,29.950000762939453,30.39999961853028,29.600000381469727,30.0,30.0,390560,JYOTISTRUC
2014-03-27,30.14999961853028,31.89999961853028,30.0,31.299999237060547,31.299999237060547,364570,JYOTISTRUC
2014-03-28,32.25,32.5,31.64999961853028,31.850000381469727,31.850000381469727,289232,JYOTISTRUC
2014-03-31,32.5,32.79999923706055,31.700000762939453,31.950000762939453,31.950000762939453,193776,JYOTISTRUC
2014-04-01,31.5,33.5,31.5,33.29999923706055,33.29999923706055,380856,JYOTISTRUC
2014-04-02,34.0,34.45000076293945,33.349998474121094,33.54999923706055,33.54999923706055,1099057,JYOTISTRUC
2014-04-03,33.54999923706055,33.900001525878906,33.0,33.5,33.5,380617,JYOTISTRUC
2014-04-04,33.5,37.25,33.45000076293945,36.25,36.25,1928262,JYOTISTRUC
2014-04-07,36.29999923706055,37.95000076293945,36.25,37.25,37.25,826479,JYOTISTRUC
2014-04-09,37.70000076293945,39.79999923706055,37.70000076293945,39.20000076293945,39.20000076293945,1333760,JYOTISTRUC
2014-04-10,39.650001525878906,40.20000076293945,38.25,39.0,39.0,911298,JYOTISTRUC
2014-04-11,38.79999923706055,39.09999847412109,37.54999923706055,38.0,38.0,312216,JYOTISTRUC
2014-04-15,38.0,38.70000076293945,36.59999847412109,36.84999847412109,36.84999847412109,354200,JYOTISTRUC
2014-04-16,37.34999847412109,37.650001525878906,35.04999923706055,35.599998474121094,35.599998474121094,355036,JYOTISTRUC
2014-04-17,36.0,36.900001525878906,35.25,36.400001525878906,36.400001525878906,358742,JYOTISTRUC
2014-04-21,36.400001525878906,38.20000076293945,36.400001525878906,37.95000076293945,37.95000076293945,447323,JYOTISTRUC
2014-04-22,38.95000076293945,40.20000076293945,38.650001525878906,38.900001525878906,38.900001525878906,980706,JYOTISTRUC
2014-04-23,39.0,39.84999847412109,38.20000076293945,38.29999923706055,38.29999923706055,335415,JYOTISTRUC
2014-04-24,38.29999923706055,38.29999923706055,38.29999923706055,38.29999923706055,38.29999923706055,0,JYOTISTRUC
2014-04-25,38.150001525878906,38.900001525878906,37.59999847412109,37.79999923706055,37.79999923706055,322055,JYOTISTRUC
2014-04-28,37.0,39.04999923706055,36.75,38.59999847412109,38.59999847412109,279751,JYOTISTRUC
2014-04-29,39.25,39.25,37.29999923706055,37.54999923706055,37.54999923706055,266058,JYOTISTRUC
2014-04-30,37.650001525878906,38.25,35.650001525878906,36.20000076293945,36.20000076293945,334499,JYOTISTRUC
2014-05-02,36.20000076293945,37.95000076293945,36.20000076293945,36.95000076293945,36.95000076293945,246749,JYOTISTRUC
2014-05-05,37.04999923706055,37.04999923706055,36.20000076293945,36.29999923706055,36.29999923706055,115874,JYOTISTRUC
2014-05-06,36.04999923706055,36.95000076293945,35.25,35.349998474121094,35.349998474121094,273659,JYOTISTRUC
2014-05-07,35.349998474121094,35.599998474121094,34.54999923706055,34.79999923706055,34.79999923706055,131456,JYOTISTRUC
2014-05-08,35.20000076293945,35.849998474121094,34.650001525878906,35.650001525878906,35.650001525878906,181309,JYOTISTRUC
2014-05-09,35.650001525878906,37.150001525878906,35.29999923706055,36.75,36.75,354307,JYOTISTRUC
2014-05-12,36.59999847412109,38.70000076293945,36.59999847412109,37.45000076293945,37.45000076293945,403127,JYOTISTRUC
2014-05-13,38.04999923706055,39.59999847412109,37.650001525878906,39.20000076293945,39.20000076293945,696902,JYOTISTRUC
2014-05-14,39.5,42.5,39.09999847412109,42.25,42.25,1133927,JYOTISTRUC
2014-05-15,42.650001525878906,42.650001525878906,40.5,40.95000076293945,40.95000076293945,601112,JYOTISTRUC
2014-05-16,42.0,48.0,41.5,47.09999847412109,47.09999847412109,2205533,JYOTISTRUC
2014-05-19,48.5,54.75,47.5,53.75,53.75,2335082,JYOTISTRUC
2014-05-20,54.79999923706055,55.5,52.0,54.25,54.25,1311441,JYOTISTRUC
2014-05-21,55.0,59.650001525878906,54.09999847412109,59.650001525878906,59.650001525878906,1560667,JYOTISTRUC
2014-05-22,61.5,64.6500015258789,60.0,63.54999923706055,63.54999923706055,1241880,JYOTISTRUC
2014-05-23,63.59999847412109,66.0,61.79999923706055,63.70000076293945,63.70000076293945,1029059,JYOTISTRUC
2014-05-26,64.80000305175781,68.9000015258789,57.95000076293945,59.25,59.25,1720251,JYOTISTRUC
2014-05-27,59.59999847412109,63.400001525878906,54.79999923706055,62.04999923706055,62.04999923706055,1196596,JYOTISTRUC
2014-05-28,62.75,64.25,62.34999847412109,63.150001525878906,63.150001525878906,402685,JYOTISTRUC
2014-05-29,63.0,64.0,61.25,62.95000076293945,62.95000076293945,289007,JYOTISTRUC
2014-05-30,64.1500015258789,64.1500015258789,60.29999923706055,61.09999847412109,61.09999847412109,219288,JYOTISTRUC
2014-06-02,55.0,55.0,55.0,55.0,55.0,184991,JYOTISTRUC
2014-06-03,53.09999847412109,56.70000076293945,51.20000076293945,53.95000076293945,53.95000076293945,1573094,JYOTISTRUC
2014-06-04,54.29999923706055,58.59999847412109,54.150001525878906,57.0,57.0,963174,JYOTISTRUC
2014-06-05,57.29999923706055,59.59999847412109,55.400001525878906,56.79999923706055,56.79999923706055,1129628,JYOTISTRUC
2014-06-06,57.0,58.20000076293945,55.5,55.79999923706055,55.79999923706055,365561,JYOTISTRUC
2014-06-09,55.150001525878906,59.150001525878906,55.150001525878906,58.150001525878906,58.150001525878906,1104135,JYOTISTRUC
2014-06-10,58.400001525878906,58.650001525878906,55.79999923706055,56.900001525878906,56.900001525878906,337712,JYOTISTRUC
2014-06-11,57.0,59.400001525878906,53.04999923706055,53.54999923706055,53.54999923706055,899398,JYOTISTRUC
2014-06-12,53.84999847412109,54.79999923706055,52.400001525878906,52.95000076293945,52.95000076293945,321353,JYOTISTRUC
2014-06-13,53.0,55.0,48.59999847412109,49.79999923706055,49.79999923706055,708778,JYOTISTRUC
2014-06-16,50.0,50.0,45.25,49.79999923706055,49.79999923706055,530841,JYOTISTRUC
2014-06-17,49.75,52.900001525878906,49.5,52.04999923706055,52.04999923706055,1012976,JYOTISTRUC
2014-06-18,53.0,53.900001525878906,50.04999923706055,51.34999847412109,51.34999847412109,562845,JYOTISTRUC
2014-06-19,52.150001525878906,53.0,50.59999847412109,50.84999847412109,50.84999847412109,413711,JYOTISTRUC
2014-06-20,51.0,52.34999847412109,50.0,50.34999847412109,50.34999847412109,270652,JYOTISTRUC
2014-06-23,50.09999847412109,51.75,50.04999923706055,50.45000076293945,50.45000076293945,278625,JYOTISTRUC
2014-06-24,50.20000076293945,55.45000076293945,50.20000076293945,55.04999923706055,55.04999923706055,2715966,JYOTISTRUC
2014-06-25,55.84999847412109,57.34999847412109,55.25,56.59999847412109,56.59999847412109,1714159,JYOTISTRUC
2014-06-26,56.900001525878906,57.5,55.20000076293945,55.5,55.5,1028160,JYOTISTRUC
2014-06-27,55.95000076293945,59.79999923706055,55.900001525878906,59.45000076293945,59.45000076293945,2760646,JYOTISTRUC
2014-06-30,60.400001525878906,61.45000076293945,59.650001525878906,60.900001525878906,60.900001525878906,1937922,JYOTISTRUC
2014-07-01,61.70000076293945,63.20000076293945,61.5,61.84999847412109,61.84999847412109,1933046,JYOTISTRUC
2014-07-02,62.75,66.0,62.20000076293945,64.3499984741211,64.3499984741211,3970284,JYOTISTRUC
2014-07-03,64.9000015258789,66.30000305175781,64.5,64.75,64.75,2144862,JYOTISTRUC
2014-07-04,65.25,65.30000305175781,63.0,63.900001525878906,63.900001525878906,918856,JYOTISTRUC
2014-07-07,64.5,69.69999694824219,64.44999694824219,67.9000015258789,67.9000015258789,4179634,JYOTISTRUC
2014-07-08,68.4000015258789,68.6500015258789,60.09999847412109,60.79999923706055,60.79999923706055,1858029,JYOTISTRUC
2014-07-09,61.34999847412109,62.5,57.09999847412109,58.79999923706055,58.79999923706055,1433525,JYOTISTRUC
2014-07-10,58.900001525878906,62.70000076293945,55.650001525878906,60.400001525878906,60.400001525878906,1522818,JYOTISTRUC
2014-07-11,60.70000076293945,62.900001525878906,56.79999923706055,57.04999923706055,57.04999923706055,1307729,JYOTISTRUC
2014-07-14,56.75,59.0,56.25,56.84999847412109,56.84999847412109,1224006,JYOTISTRUC
2014-07-15,57.400001525878906,58.54999923706055,55.54999923706055,57.59999847412109,57.59999847412109,767658,JYOTISTRUC
2014-07-16,57.650001525878906,59.900001525878906,57.29999923706055,59.45000076293945,59.45000076293945,1504041,JYOTISTRUC
2014-07-17,59.75,61.0,59.150001525878906,60.04999923706055,60.04999923706055,1059228,JYOTISTRUC
2014-07-18,59.5,60.400001525878906,58.29999923706055,59.150001525878906,59.150001525878906,692818,JYOTISTRUC
2014-07-21,59.20000076293945,61.09999847412109,58.75,59.150001525878906,59.150001525878906,614327,JYOTISTRUC
2014-07-22,59.20000076293945,60.400001525878906,58.20000076293945,58.650001525878906,58.650001525878906,527134,JYOTISTRUC
2014-07-23,58.79999923706055,59.34999847412109,56.45000076293945,57.04999923706055,57.04999923706055,571458,JYOTISTRUC
2014-07-24,56.5,57.79999923706055,56.0,56.650001525878906,56.650001525878906,314021,JYOTISTRUC
2014-07-25,56.95000076293945,57.25,54.20000076293945,54.75,54.75,592453,JYOTISTRUC
2014-07-28,54.5,54.900001525878906,52.09999847412109,52.650001525878906,52.650001525878906,508713,JYOTISTRUC
2014-07-30,52.900001525878906,53.70000076293945,51.75,52.84999847412109,52.84999847412109,605028,JYOTISTRUC
2014-07-31,51.04999923706055,51.04999923706055,48.59999847412109,48.900001525878906,48.900001525878906,1146092,JYOTISTRUC
2014-08-01,48.400001525878906,48.400001525878906,44.900001525878906,45.29999923706055,45.29999923706055,944683,JYOTISTRUC
2014-08-04,45.95000076293945,47.29999923706055,45.45000076293945,45.79999923706055,45.79999923706055,669785,JYOTISTRUC
2014-08-05,46.5,46.75,45.29999923706055,45.95000076293945,45.95000076293945,780510,JYOTISTRUC
2014-08-06,45.84999847412109,47.09999847412109,44.09999847412109,44.70000076293945,44.70000076293945,1296157,JYOTISTRUC
2014-08-07,44.5,45.20000076293945,41.20000076293945,41.650001525878906,41.650001525878906,1395752,JYOTISTRUC
2014-08-08,41.34999847412109,41.400001525878906,39.0,40.04999923706055,40.04999923706055,636598,JYOTISTRUC
2014-08-11,41.0,43.5,40.79999923706055,42.34999847412109,42.34999847412109,1322796,JYOTISTRUC
2014-08-12,42.59999847412109,43.20000076293945,42.0,42.45000076293945,42.45000076293945,379446,JYOTISTRUC
2014-08-13,42.29999923706055,42.70000076293945,39.20000076293945,39.900001525878906,39.900001525878906,448820,JYOTISTRUC
2014-08-14,39.5,40.75,39.34999847412109,40.25,40.25,344820,JYOTISTRUC
2014-08-18,40.0,45.34999847412109,39.34999847412109,43.84999847412109,43.84999847412109,1481856,JYOTISTRUC
2014-08-19,44.29999923706055,46.400001525878906,43.54999923706055,45.84999847412109,45.84999847412109,1058888,JYOTISTRUC
2014-08-20,46.400001525878906,47.5,45.59999847412109,46.400001525878906,46.400001525878906,1125966,JYOTISTRUC
2014-08-21,46.400001525878906,47.70000076293945,45.20000076293945,45.45000076293945,45.45000076293945,809708,JYOTISTRUC
2014-08-22,45.5,45.900001525878906,42.79999923706055,43.0,43.0,623183,JYOTISTRUC
2014-08-25,43.45000076293945,45.70000076293945,43.04999923706055,43.79999923706055,43.79999923706055,1319379,JYOTISTRUC
2014-08-26,44.04999923706055,44.400001525878906,42.0,42.900001525878906,42.900001525878906,438310,JYOTISTRUC
2014-08-27,42.79999923706055,44.400001525878906,42.79999923706055,43.70000076293945,43.70000076293945,542904,JYOTISTRUC
2014-08-28,43.29999923706055,44.400001525878906,42.04999923706055,42.34999847412109,42.34999847412109,393156,JYOTISTRUC
2014-09-01,43.0,45.150001525878906,42.59999847412109,44.900001525878906,44.900001525878906,848663,JYOTISTRUC
2014-09-02,44.5,45.650001525878906,44.09999847412109,44.79999923706055,44.79999923706055,536544,JYOTISTRUC
2014-09-03,44.5,45.900001525878906,43.5,43.75,43.75,758282,JYOTISTRUC
2014-09-04,43.29999923706055,43.84999847412109,41.5,41.84999847412109,41.84999847412109,555325,JYOTISTRUC
2014-09-05,41.84999847412109,43.34999847412109,39.900001525878906,40.29999923706055,40.29999923706055,859366,JYOTISTRUC
2014-09-08,40.04999923706055,43.29999923706055,40.04999923706055,42.70000076293945,42.70000076293945,1827788,JYOTISTRUC
2014-09-09,43.150001525878906,43.400001525878906,42.0,42.70000076293945,42.70000076293945,759659,JYOTISTRUC
2014-09-10,42.54999923706055,44.400001525878906,42.0,42.95000076293945,42.95000076293945,1471091,JYOTISTRUC
2014-09-11,43.0,47.09999847412109,43.0,46.25,46.25,2873478,JYOTISTRUC
2014-09-12,46.400001525878906,49.650001525878906,45.650001525878906,48.84999847412109,48.84999847412109,3792523,JYOTISTRUC
2014-09-15,49.400001525878906,51.45000076293945,49.34999847412109,49.84999847412109,49.84999847412109,3077970,JYOTISTRUC
2014-09-16,50.150001525878906,50.29999923706055,43.84999847412109,44.54999923706055,44.54999923706055,1982711,JYOTISTRUC
2014-09-17,45.25,45.79999923706055,43.20000076293945,44.75,44.75,937817,JYOTISTRUC
2014-09-18,44.900001525878906,47.29999923706055,44.400001525878906,45.650001525878906,45.650001525878906,1261224,JYOTISTRUC
2014-09-19,45.95000076293945,46.34999847412109,44.20000076293945,44.5,44.5,882159,JYOTISTRUC
2014-09-22,44.45000076293945,45.75,43.650001525878906,44.20000076293945,44.20000076293945,687032,JYOTISTRUC
2014-09-23,44.25,44.5,41.20000076293945,41.5,41.5,1083465,JYOTISTRUC
2014-09-24,41.25,43.400001525878906,41.04999923706055,41.70000076293945,41.70000076293945,1415263,JYOTISTRUC
2014-09-25,42.09999847412109,42.84999847412109,37.59999847412109,39.84999847412109,39.84999847412109,1569922,JYOTISTRUC
2014-09-26,40.0,40.79999923706055,38.20000076293945,40.25,40.25,715780,JYOTISTRUC
2014-09-29,40.95000076293945,42.150001525878906,40.20000076293945,41.0,41.0,623868,JYOTISTRUC
2014-09-30,41.0,41.79999923706055,39.79999923706055,40.0,40.0,442302,JYOTISTRUC
2014-10-01,40.900001525878906,41.45000076293945,40.29999923706055,41.150001525878906,41.150001525878906,594218,JYOTISTRUC
2014-10-07,41.400001525878906,42.5,40.54999923706055,40.900001525878906,40.900001525878906,862917,JYOTISTRUC
2014-10-08,40.900001525878906,41.70000076293945,40.20000076293945,40.54999923706055,40.54999923706055,448887,JYOTISTRUC
2014-10-09,41.0,41.84999847412109,40.79999923706055,41.59999847412109,41.59999847412109,542093,JYOTISTRUC
2014-10-10,41.20000076293945,41.25,40.29999923706055,40.59999847412109,40.59999847412109,272850,JYOTISTRUC
2014-10-13,39.75,40.59999847412109,39.75,40.20000076293945,40.20000076293945,280947,JYOTISTRUC
2014-10-14,40.25,40.79999923706055,39.79999923706055,40.0,40.0,292901,JYOTISTRUC
2014-10-15,40.0,40.0,40.0,40.0,40.0,0,JYOTISTRUC
2014-10-16,39.75,40.29999923706055,38.34999847412109,38.54999923706055,38.54999923706055,370398,JYOTISTRUC
2014-10-17,38.25,39.29999923706055,38.09999847412109,39.09999847412109,39.09999847412109,336872,JYOTISTRUC
2014-10-20,39.900001525878906,40.0,38.400001525878906,38.54999923706055,38.54999923706055,365016,JYOTISTRUC
2014-10-21,38.95000076293945,39.45000076293945,38.5,38.900001525878906,38.900001525878906,301023,JYOTISTRUC
2014-10-22,39.400001525878906,39.75,38.79999923706055,39.54999923706055,39.54999923706055,336684,JYOTISTRUC
2014-10-27,41.0,41.54999923706055,39.75,39.900001525878906,39.900001525878906,249841,JYOTISTRUC
2014-10-28,39.900001525878906,40.45000076293945,39.54999923706055,39.900001525878906,39.900001525878906,260093,JYOTISTRUC
2014-10-29,40.150001525878906,41.400001525878906,40.150001525878906,40.650001525878906,40.650001525878906,498937,JYOTISTRUC
2014-10-30,40.70000076293945,44.79999923706055,40.5,44.29999923706055,44.29999923706055,1991893,JYOTISTRUC
2014-10-31,45.0,48.5,44.70000076293945,48.150001525878906,48.150001525878906,4551654,JYOTISTRUC
2014-11-03,48.95000076293945,49.59999847412109,47.5,47.95000076293945,47.95000076293945,2090241,JYOTISTRUC
2014-11-05,48.150001525878906,48.150001525878906,46.20000076293945,46.75,46.75,791568,JYOTISTRUC
2014-11-07,46.95000076293945,47.150001525878906,44.79999923706055,45.54999923706055,45.54999923706055,715534,JYOTISTRUC
2014-11-10,45.84999847412109,47.400001525878906,44.900001525878906,46.400001525878906,46.400001525878906,730604,JYOTISTRUC
2014-11-11,43.25,43.5,40.59999847412109,41.400001525878906,41.400001525878906,2539197,JYOTISTRUC
2014-11-12,42.0,42.09999847412109,40.70000076293945,40.95000076293945,40.95000076293945,578748,JYOTISTRUC
2014-11-13,45.0,45.0,41.79999923706055,42.34999847412109,42.34999847412109,2306628,JYOTISTRUC
2014-11-14,42.54999923706055,42.79999923706055,41.34999847412109,41.54999923706055,41.54999923706055,479780,JYOTISTRUC
2014-11-17,41.59999847412109,43.29999923706055,41.0,42.29999923706055,42.29999923706055,725945,JYOTISTRUC
2014-11-18,42.150001525878906,42.95000076293945,41.95000076293945,42.29999923706055,42.29999923706055,346893,JYOTISTRUC
2014-11-19,42.150001525878906,42.650001525878906,41.0,41.150001525878906,41.150001525878906,478731,JYOTISTRUC
2014-11-20,41.0,41.75,40.5,40.79999923706055,40.79999923706055,317888,JYOTISTRUC
2014-11-21,40.59999847412109,41.59999847412109,40.400001525878906,40.54999923706055,40.54999923706055,300450,JYOTISTRUC
2014-11-24,41.20000076293945,41.5,40.29999923706055,40.54999923706055,40.54999923706055,285307,JYOTISTRUC
2014-11-25,40.25,40.70000076293945,37.79999923706055,39.04999923706055,39.04999923706055,462075,JYOTISTRUC
2014-11-26,38.70000076293945,40.29999923706055,38.54999923706055,39.70000076293945,39.70000076293945,304936,JYOTISTRUC
2014-11-27,39.5,42.34999847412109,39.5,41.150001525878906,41.150001525878906,1004849,JYOTISTRUC
2014-11-28,41.45000076293945,41.70000076293945,40.09999847412109,40.29999923706055,40.29999923706055,305558,JYOTISTRUC
2014-12-01,40.09999847412109,40.95000076293945,38.54999923706055,38.79999923706055,38.79999923706055,391215,JYOTISTRUC
2014-12-02,38.34999847412109,40.75,38.25,40.25,40.25,352588,JYOTISTRUC
2014-12-03,40.5,41.70000076293945,39.59999847412109,40.54999923706055,40.54999923706055,463434,JYOTISTRUC
2014-12-04,41.54999923706055,42.70000076293945,40.29999923706055,42.0,42.0,812215,JYOTISTRUC
2014-12-05,42.0,44.0,41.400001525878906,42.34999847412109,42.34999847412109,1067820,JYOTISTRUC
2014-12-08,42.45000076293945,42.95000076293945,40.25,41.0,41.0,415568,JYOTISTRUC
2014-12-09,40.79999923706055,43.59999847412109,40.29999923706055,41.34999847412109,41.34999847412109,943708,JYOTISTRUC
2014-12-10,41.400001525878906,42.79999923706055,40.95000076293945,42.34999847412109,42.34999847412109,500930,JYOTISTRUC
2014-12-11,42.400001525878906,42.70000076293945,40.900001525878906,41.20000076293945,41.20000076293945,460291,JYOTISTRUC
2014-12-12,41.650001525878906,42.29999923706055,39.59999847412109,39.84999847412109,39.84999847412109,445919,JYOTISTRUC
2014-12-15,39.84999847412109,40.84999847412109,39.0,39.25,39.25,462975,JYOTISTRUC
2014-12-16,39.09999847412109,39.34999847412109,37.0,37.59999847412109,37.59999847412109,579087,JYOTISTRUC
2014-12-17,37.5,38.34999847412109,35.900001525878906,37.400001525878906,37.400001525878906,422697,JYOTISTRUC
2014-12-18,38.5,40.0,38.29999923706055,39.45000076293945,39.45000076293945,424832,JYOTISTRUC
2014-12-19,43.0,43.400001525878906,40.5,40.75,40.75,1115834,JYOTISTRUC
2014-12-22,41.0,41.0,39.79999923706055,40.400001525878906,40.400001525878906,345500,JYOTISTRUC
2014-12-23,42.0,42.54999923706055,40.59999847412109,40.75,40.75,866806,JYOTISTRUC
2014-12-24,41.0,41.0,39.75,40.04999923706055,40.04999923706055,319632,JYOTISTRUC
2014-12-26,40.59999847412109,40.59999847412109,39.650001525878906,39.900001525878906,39.900001525878906,270767,JYOTISTRUC
2014-12-29,40.29999923706055,40.59999847412109,39.75,39.900001525878906,39.900001525878906,277574,JYOTISTRUC
2014-12-30,39.95000076293945,40.5,39.59999847412109,39.70000076293945,39.70000076293945,329046,JYOTISTRUC
2014-12-31,39.5,40.0,39.5,39.70000076293945,39.70000076293945,207634,JYOTISTRUC
2015-01-01,39.70000076293945,41.29999923706055,39.59999847412109,41.04999923706055,41.04999923706055,682186,JYOTISTRUC
2015-01-02,41.45000076293945,42.20000076293945,41.29999923706055,41.900001525878906,41.900001525878906,763213,JYOTISTRUC
2015-01-05,41.54999923706055,42.25,40.95000076293945,41.09999847412109,41.09999847412109,328332,JYOTISTRUC
2015-01-06,40.59999847412109,40.70000076293945,39.150001525878906,39.25,39.25,372860,JYOTISTRUC
2015-01-07,39.09999847412109,39.79999923706055,38.45000076293945,38.95000076293945,38.95000076293945,310196,JYOTISTRUC
2015-01-08,39.25,40.75,39.25,39.95000076293945,39.95000076293945,384417,JYOTISTRUC
2015-01-09,40.29999923706055,40.5,38.95000076293945,39.34999847412109,39.34999847412109,295504,JYOTISTRUC
2015-01-12,38.75,39.900001525878906,38.75,39.25,39.25,212877,JYOTISTRUC
2015-01-13,39.400001525878906,39.59999847412109,38.70000076293945,38.84999847412109,38.84999847412109,218062,JYOTISTRUC
2015-01-14,39.20000076293945,39.5,38.59999847412109,38.79999923706055,38.79999923706055,232333,JYOTISTRUC
2015-01-15,39.400001525878906,42.34999847412109,39.20000076293945,39.400001525878906,39.400001525878906,512078,JYOTISTRUC
2015-01-16,39.20000076293945,39.5,38.900001525878906,39.150001525878906,39.150001525878906,245281,JYOTISTRUC
2015-01-19,39.34999847412109,39.70000076293945,38.79999923706055,38.900001525878906,38.900001525878906,334932,JYOTISTRUC
2015-01-20,39.04999923706055,39.29999923706055,38.75,38.95000076293945,38.95000076293945,285190,JYOTISTRUC
2015-01-21,39.09999847412109,39.20000076293945,38.25,38.34999847412109,38.34999847412109,346544,JYOTISTRUC
2015-01-22,38.54999923706055,38.54999923706055,36.04999923706055,36.79999923706055,36.79999923706055,565096,JYOTISTRUC
2015-01-23,37.34999847412109,37.79999923706055,36.59999847412109,36.79999923706055,36.79999923706055,277693,JYOTISTRUC
2015-01-27,37.0,37.59999847412109,36.5,36.79999923706055,36.79999923706055,277527,JYOTISTRUC
2015-01-28,36.79999923706055,37.0,36.04999923706055,36.400001525878906,36.400001525878906,285685,JYOTISTRUC
2015-01-29,36.59999847412109,36.59999847412109,35.599998474121094,36.150001525878906,36.150001525878906,298100,JYOTISTRUC
2015-01-30,36.09999847412109,37.150001525878906,36.0,36.34999847412109,36.34999847412109,349005,JYOTISTRUC
2015-02-02,36.34999847412109,37.04999923706055,36.04999923706055,36.5,36.5,298687,JYOTISTRUC
2015-02-03,36.70000076293945,36.75,35.79999923706055,35.900001525878906,35.900001525878906,140026,JYOTISTRUC
2015-02-04,36.20000076293945,36.75,35.5,35.95000076293945,35.95000076293945,200350,JYOTISTRUC
2015-02-05,36.0,36.150001525878906,34.5,34.849998474121094,34.849998474121094,272946,JYOTISTRUC
2015-02-06,34.95000076293945,35.0,33.150001525878906,33.29999923706055,33.29999923706055,311552,JYOTISTRUC
2015-02-09,33.04999923706055,33.349998474121094,31.700000762939453,31.950000762939453,31.950000762939453,329758,JYOTISTRUC
2015-02-10,30.5,31.25,29.700000762939453,30.25,30.25,864367,JYOTISTRUC
2015-02-11,30.700000762939453,31.75,30.5,31.5,31.5,284167,JYOTISTRUC
2015-02-12,31.75,32.95000076293945,31.299999237060547,32.04999923706055,32.04999923706055,348385,JYOTISTRUC
2015-02-13,32.349998474121094,33.900001525878906,32.0,33.45000076293945,33.45000076293945,394863,JYOTISTRUC
2015-02-16,33.70000076293945,33.849998474121094,32.25,32.54999923706055,32.54999923706055,238831,JYOTISTRUC
2015-02-18,35.900001525878906,36.84999847412109,35.099998474121094,35.400001525878906,35.400001525878906,1715798,JYOTISTRUC
2015-02-19,35.650001525878906,35.900001525878906,34.150001525878906,34.75,34.75,732091,JYOTISTRUC
2015-02-20,35.04999923706055,35.849998474121094,34.0,35.25,35.25,493985,JYOTISTRUC
2015-02-23,35.5,35.599998474121094,33.70000076293945,34.04999923706055,34.04999923706055,330566,JYOTISTRUC
2015-02-24,34.5,35.0,33.0,33.400001525878906,33.400001525878906,248955,JYOTISTRUC
2015-02-25,33.5,34.20000076293945,33.20000076293945,33.5,33.5,557325,JYOTISTRUC
2015-02-26,33.70000076293945,33.79999923706055,33.099998474121094,33.45000076293945,33.45000076293945,128867,JYOTISTRUC
2015-02-27,33.70000076293945,34.900001525878906,33.29999923706055,34.599998474121094,34.599998474121094,292722,JYOTISTRUC
2015-03-02,33.29999923706055,33.45000076293945,32.150001525878906,32.45000076293945,32.45000076293945,325412,JYOTISTRUC
2015-03-03,32.45000076293945,34.599998474121094,32.20000076293945,33.650001525878906,33.650001525878906,481199,JYOTISTRUC
2015-03-04,34.0,34.29999923706055,31.89999961853028,32.04999923706055,32.04999923706055,557842,JYOTISTRUC
2015-03-05,32.349998474121094,33.29999923706055,31.799999237060547,32.20000076293945,32.20000076293945,389686,JYOTISTRUC
2015-03-09,32.04999923706055,32.29999923706055,31.600000381469727,31.950000762939453,31.950000762939453,191767,JYOTISTRUC
2015-03-10,32.0,32.150001525878906,30.89999961853028,31.0,31.0,270498,JYOTISTRUC
2015-03-11,31.200000762939453,31.64999961853028,30.5,30.600000381469727,30.600000381469727,237645,JYOTISTRUC
2015-03-12,30.700000762939453,31.100000381469727,30.5,30.799999237060547,30.799999237060547,217705,JYOTISTRUC
2015-03-13,31.100000381469727,31.39999961853028,29.75,29.89999961853028,29.89999961853028,271115,JYOTISTRUC
2015-03-16,29.850000381469727,30.049999237060547,29.14999961853028,29.200000762939453,29.200000762939453,269018,JYOTISTRUC
2015-03-17,29.299999237060547,29.850000381469727,28.39999961853028,28.700000762939453,28.700000762939453,481185,JYOTISTRUC
2015-03-18,29.200000762939453,29.200000762939453,27.549999237060547,27.89999961853028,27.89999961853028,371327,JYOTISTRUC
2015-03-19,28.14999961853028,28.600000381469727,27.200000762939453,27.39999961853028,27.39999961853028,309287,JYOTISTRUC
2015-03-20,27.39999961853028,27.39999961853028,26.350000381469727,26.5,26.5,503416,JYOTISTRUC
2015-03-23,27.450000762939453,27.450000762939453,25.600000381469727,25.700000762939453,25.700000762939453,374830,JYOTISTRUC
2015-03-24,25.700000762939453,25.700000762939453,24.850000381469727,24.89999961853028,24.89999961853028,393947,JYOTISTRUC
2015-03-25,24.89999961853028,24.89999961853028,24.14999961853028,24.25,24.25,323642,JYOTISTRUC
2015-03-26,24.200000762939453,27.549999237060547,23.39999961853028,25.64999961853028,25.64999961853028,868799,JYOTISTRUC
2015-03-27,26.0,27.25,24.39999961853028,24.850000381469727,24.850000381469727,475345,JYOTISTRUC
2015-03-30,25.049999237060547,26.850000381469727,25.049999237060547,26.0,26.0,534224,JYOTISTRUC
2015-03-31,26.100000381469727,27.0,25.5,25.64999961853028,25.64999961853028,817667,JYOTISTRUC
2015-04-01,25.89999961853028,27.700000762939453,25.200000762939453,27.39999961853028,27.39999961853028,318529,JYOTISTRUC
2015-04-06,27.64999961853028,29.25,27.450000762939453,29.049999237060547,29.049999237060547,502427,JYOTISTRUC
2015-04-07,28.700000762939453,30.049999237060547,27.799999237060547,28.950000762939453,28.950000762939453,638855,JYOTISTRUC
2015-04-08,29.200000762939453,29.950000762939453,28.89999961853028,29.100000381469727,29.100000381469727,304133,JYOTISTRUC
2015-04-09,29.049999237060547,29.350000381469727,28.5,28.950000762939453,28.950000762939453,197012,JYOTISTRUC
2015-04-10,29.0,32.5,28.450000762939453,32.29999923706055,32.29999923706055,1389324,JYOTISTRUC
2015-04-13,32.400001525878906,33.5,32.0,32.650001525878906,32.650001525878906,657167,JYOTISTRUC
2015-04-15,32.650001525878906,33.599998474121094,31.5,31.75,31.75,350911,JYOTISTRUC
2015-04-16,31.89999961853028,32.45000076293945,30.299999237060547,31.200000762939453,31.200000762939453,357847,JYOTISTRUC
2015-04-17,31.14999961853028,31.799999237060547,30.75,31.0,31.0,267064,JYOTISTRUC
2015-04-20,31.350000381469727,31.350000381469727,29.0,29.299999237060547,29.299999237060547,297325,JYOTISTRUC
2015-04-21,28.64999961853028,29.850000381469727,28.64999961853028,29.049999237060547,29.049999237060547,153323,JYOTISTRUC
2015-04-22,28.600000381469727,30.350000381469727,28.5,29.14999961853028,29.14999961853028,291554,JYOTISTRUC
2015-04-23,29.25,30.89999961853028,28.600000381469727,28.799999237060547,28.799999237060547,746869,JYOTISTRUC
2015-04-24,28.799999237060547,29.89999961853028,27.850000381469727,28.049999237060547,28.049999237060547,245468,JYOTISTRUC
2015-04-27,28.350000381469727,28.450000762939453,26.799999237060547,27.049999237060547,27.049999237060547,364542,JYOTISTRUC
2015-04-28,27.39999961853028,28.5,26.799999237060547,27.200000762939453,27.200000762939453,420631,JYOTISTRUC
2015-04-29,27.299999237060547,28.0,26.799999237060547,27.549999237060547,27.549999237060547,214596,JYOTISTRUC
2015-04-30,27.14999961853028,27.700000762939453,27.100000381469727,27.200000762939453,27.200000762939453,147000,JYOTISTRUC
2015-05-04,27.200000762939453,29.0,27.200000762939453,28.700000762939453,28.700000762939453,250388,JYOTISTRUC
2015-05-05,28.75,28.799999237060547,28.049999237060547,28.14999961853028,28.14999961853028,123286,JYOTISTRUC
2015-05-06,28.14999961853028,28.14999961853028,26.799999237060547,27.100000381469727,27.100000381469727,289951,JYOTISTRUC
2015-05-07,27.299999237060547,27.299999237060547,26.100000381469727,26.200000762939453,26.200000762939453,143779,JYOTISTRUC
2015-05-08,27.950000762939453,27.950000762939453,26.600000381469727,27.100000381469727,27.100000381469727,154823,JYOTISTRUC
2015-05-11,27.700000762939453,27.75,27.049999237060547,27.25,27.25,122315,JYOTISTRUC
2015-05-12,27.450000762939453,27.450000762939453,26.0,26.14999961853028,26.14999961853028,166341,JYOTISTRUC
2015-05-13,26.64999961853028,26.700000762939453,26.0,26.450000762939453,26.450000762939453,113165,JYOTISTRUC
2015-05-14,26.450000762939453,26.75,25.64999961853028,26.25,26.25,213368,JYOTISTRUC
2015-05-15,26.5,26.89999961853028,26.25,26.450000762939453,26.450000762939453,88313,JYOTISTRUC
2015-05-18,26.700000762939453,27.39999961853028,26.14999961853028,27.100000381469727,27.100000381469727,169757,JYOTISTRUC
2015-05-19,27.299999237060547,27.75,26.950000762939453,27.350000381469727,27.350000381469727,166426,JYOTISTRUC
2015-05-20,27.299999237060547,27.75,27.049999237060547,27.100000381469727,27.100000381469727,130867,JYOTISTRUC
2015-05-21,27.350000381469727,27.350000381469727,26.0,26.14999961853028,26.14999961853028,203939,JYOTISTRUC
2015-05-22,26.39999961853028,26.450000762939453,26.0,26.200000762939453,26.200000762939453,151873,JYOTISTRUC
2015-05-25,26.39999961853028,26.39999961853028,25.549999237060547,25.700000762939453,25.700000762939453,117045,JYOTISTRUC
2015-05-26,26.0,26.200000762939453,25.39999961853028,25.5,25.5,92108,JYOTISTRUC
2015-05-27,25.299999237060547,25.5,25.049999237060547,25.25,25.25,97945,JYOTISTRUC
2015-05-28,25.25,25.600000381469727,24.850000381469727,24.950000762939453,24.950000762939453,108159,JYOTISTRUC
2015-05-29,24.950000762939453,25.950000762939453,24.799999237060547,25.549999237060547,25.549999237060547,180463,JYOTISTRUC
2015-06-01,24.700000762939453,25.25,24.350000381469727,24.600000381469727,24.600000381469727,163670,JYOTISTRUC
2015-06-02,24.64999961853028,25.100000381469727,23.799999237060547,23.950000762939453,23.950000762939453,150806,JYOTISTRUC
2015-06-03,24.0,24.299999237060547,21.25,23.25,23.25,203923,JYOTISTRUC
2015-06-04,23.950000762939453,23.950000762939453,21.850000381469727,22.64999961853028,22.64999961853028,223778,JYOTISTRUC
2015-06-05,23.0,23.0,22.25,22.5,22.5,97689,JYOTISTRUC
2015-06-08,23.049999237060547,23.049999237060547,21.299999237060547,21.549999237060547,21.549999237060547,133136,JYOTISTRUC
2015-06-09,21.549999237060547,25.600000381469727,21.100000381469727,23.450000762939453,23.450000762939453,564809,JYOTISTRUC
2015-06-10,23.799999237060547,24.350000381469727,22.799999237060547,23.100000381469727,23.100000381469727,303613,JYOTISTRUC
2015-06-11,23.39999961853028,23.799999237060547,21.5,21.89999961853028,21.89999961853028,159461,JYOTISTRUC
2015-06-12,21.89999961853028,21.89999961853028,20.950000762939453,21.14999961853028,21.14999961853028,235225,JYOTISTRUC
2015-06-15,21.39999961853028,23.25,20.89999961853028,21.700000762939453,21.700000762939453,136595,JYOTISTRUC
2015-06-16,21.700000762939453,22.39999961853028,21.5,21.850000381469727,21.850000381469727,143183,JYOTISTRUC
2015-06-17,22.0,23.0,21.89999961853028,22.14999961853028,22.14999961853028,390249,JYOTISTRUC
2015-06-18,22.350000381469727,24.799999237060547,22.200000762939453,24.450000762939453,24.450000762939453,1207082,JYOTISTRUC
2015-06-19,24.89999961853028,28.100000381469727,24.64999961853028,27.350000381469727,27.350000381469727,1385307,JYOTISTRUC
2015-06-22,27.600000381469727,28.200000762939453,22.39999961853028,25.950000762939453,25.950000762939453,705413,JYOTISTRUC
2015-06-23,25.950000762939453,26.700000762939453,24.39999961853028,24.75,24.75,623078,JYOTISTRUC
2015-06-24,25.100000381469727,25.39999961853028,24.299999237060547,24.950000762939453,24.950000762939453,256873,JYOTISTRUC
2015-06-25,24.299999237060547,26.25,24.299999237060547,25.299999237060547,25.299999237060547,246395,JYOTISTRUC
2015-06-26,25.350000381469727,25.89999961853028,24.75,24.950000762939453,24.950000762939453,218959,JYOTISTRUC
2015-06-29,23.5,24.100000381469727,23.200000762939453,23.850000381469727,23.850000381469727,334008,JYOTISTRUC
2015-06-30,24.0,24.700000762939453,23.64999961853028,24.350000381469727,24.350000381469727,168373,JYOTISTRUC
2015-07-01,24.89999961853028,26.0,24.75,25.200000762939453,25.200000762939453,332615,JYOTISTRUC
2015-07-02,25.299999237060547,25.89999961853028,24.75,24.850000381469727,24.850000381469727,194735,JYOTISTRUC
2015-07-03,25.299999237060547,26.850000381469727,24.950000762939453,25.450000762939453,25.450000762939453,419206,JYOTISTRUC
2015-07-06,24.5,26.200000762939453,24.25,25.450000762939453,25.450000762939453,266794,JYOTISTRUC
2015-07-07,25.600000381469727,27.200000762939453,25.600000381469727,26.25,26.25,828489,JYOTISTRUC
2015-07-08,25.700000762939453,26.25,25.14999961853028,25.600000381469727,25.600000381469727,283138,JYOTISTRUC
2015-07-09,25.350000381469727,26.39999961853028,25.350000381469727,26.100000381469727,26.100000381469727,285014,JYOTISTRUC
2015-07-10,26.100000381469727,26.700000762939453,25.39999961853028,25.600000381469727,25.600000381469727,281317,JYOTISTRUC
2015-07-13,25.25,26.200000762939453,25.25,25.799999237060547,25.799999237060547,175692,JYOTISTRUC
2015-07-14,25.549999237060547,25.950000762939453,25.299999237060547,25.5,25.5,285517,JYOTISTRUC
2015-07-15,25.350000381469727,26.39999961853028,25.350000381469727,25.799999237060547,25.799999237060547,404358,JYOTISTRUC
2015-07-16,26.0,26.25,25.799999237060547,25.89999961853028,25.89999961853028,204521,JYOTISTRUC
2015-07-17,26.0,28.350000381469727,25.5,27.450000762939453,27.450000762939453,1471637,JYOTISTRUC
2015-07-20,27.700000762939453,28.600000381469727,27.100000381469727,27.850000381469727,27.850000381469727,994058,JYOTISTRUC
2015-07-21,27.850000381469727,28.0,26.14999961853028,26.350000381469727,26.350000381469727,362682,JYOTISTRUC
2015-07-22,26.25,27.200000762939453,26.25,26.799999237060547,26.799999237060547,210195,JYOTISTRUC
2015-07-23,27.100000381469727,27.350000381469727,26.549999237060547,26.75,26.75,245455,JYOTISTRUC
2015-07-24,26.700000762939453,28.799999237060547,26.64999961853028,27.64999961853028,27.64999961853028,869204,JYOTISTRUC
2015-07-27,27.39999961853028,27.450000762939453,26.200000762939453,26.450000762939453,26.450000762939453,254730,JYOTISTRUC
2015-07-28,27.100000381469727,27.100000381469727,26.100000381469727,26.25,26.25,136740,JYOTISTRUC
2015-07-29,26.700000762939453,27.75,26.14999961853028,27.100000381469727,27.100000381469727,385979,JYOTISTRUC
2015-07-30,27.600000381469727,28.549999237060547,27.100000381469727,27.39999961853028,27.39999961853028,583071,JYOTISTRUC
2015-07-31,27.39999961853028,27.799999237060547,27.200000762939453,27.299999237060547,27.299999237060547,228422,JYOTISTRUC
2015-08-03,27.100000381469727,27.89999961853028,26.89999961853028,27.100000381469727,27.100000381469727,251193,JYOTISTRUC
2015-08-04,27.200000762939453,27.299999237060547,26.64999961853028,26.850000381469727,26.850000381469727,186870,JYOTISTRUC
2015-08-05,27.200000762939453,28.299999237060547,27.0,27.350000381469727,27.350000381469727,630097,JYOTISTRUC
2015-08-06,27.5,27.799999237060547,26.950000762939453,27.299999237060547,27.299999237060547,314994,JYOTISTRUC
2015-08-07,27.299999237060547,27.600000381469727,26.850000381469727,26.950000762939453,26.950000762939453,255849,JYOTISTRUC
2015-08-10,27.14999961853028,27.549999237060547,26.25,26.5,26.5,248855,JYOTISTRUC
2015-08-11,26.5,27.0,25.64999961853028,25.75,25.75,178503,JYOTISTRUC
2015-08-12,25.799999237060547,25.799999237060547,23.75,24.049999237060547,24.049999237060547,268534,JYOTISTRUC
2015-08-13,24.39999961853028,24.39999961853028,21.450000762939453,22.049999237060547,22.049999237060547,733625,JYOTISTRUC
2015-08-14,21.100000381469727,21.5,17.649999618530273,17.649999618530273,17.649999618530273,3711418,JYOTISTRUC
2015-08-17,17.100000381469727,17.600000381469727,15.899999618530272,15.899999618530272,15.899999618530272,1427229,JYOTISTRUC
2015-08-18,16.0,16.5,14.350000381469728,14.350000381469728,14.350000381469728,2100335,JYOTISTRUC
2015-08-19,13.699999809265137,13.850000381469728,12.949999809265137,12.949999809265137,12.949999809265137,1861864,JYOTISTRUC
2015-08-20,12.5,13.550000190734863,12.350000381469728,13.550000190734863,13.550000190734863,3129708,JYOTISTRUC
2015-08-21,13.899999618530272,13.899999618530272,12.899999618530272,13.149999618530272,13.149999618530272,2107449,JYOTISTRUC
2015-08-24,12.5,12.75,12.5,12.5,12.5,381248,JYOTISTRUC
2015-08-25,12.5,12.550000190734863,11.899999618530272,12.050000190734863,12.050000190734863,1091931,JYOTISTRUC
2015-08-26,11.899999618530272,12.399999618530272,11.5,12.0,12.0,412765,JYOTISTRUC
2015-08-27,12.300000190734863,12.600000381469728,12.0,12.600000381469728,12.600000381469728,688689,JYOTISTRUC
2015-08-28,13.0,13.199999809265137,12.300000190734863,12.449999809265137,12.449999809265137,791005,JYOTISTRUC
2015-08-31,12.5,12.949999809265137,12.100000381469728,12.800000190734863,12.800000190734863,401943,JYOTISTRUC
2015-09-01,12.399999618530272,12.800000190734863,12.199999809265137,12.199999809265137,12.199999809265137,199698,JYOTISTRUC
2015-09-02,12.550000190734863,12.550000190734863,11.75,12.0,12.0,200870,JYOTISTRUC
2015-09-03,12.100000381469728,12.399999618530272,11.75,12.100000381469728,12.100000381469728,165689,JYOTISTRUC
2015-09-04,12.0,12.050000190734863,11.25,11.600000381469728,11.600000381469728,320029,JYOTISTRUC
2015-09-07,11.850000381469728,11.899999618530272,10.75,11.0,11.0,326382,JYOTISTRUC
2015-09-08,11.399999618530272,11.399999618530272,10.850000381469728,11.149999618530272,11.149999618530272,240371,JYOTISTRUC
2015-09-09,11.75,12.25,11.350000381469728,12.25,12.25,312219,JYOTISTRUC
2015-09-10,12.0,13.449999809265137,11.350000381469728,13.399999618530272,13.399999618530272,752114,JYOTISTRUC
2015-09-11,13.699999809265137,14.699999809265137,13.699999809265137,14.699999809265137,14.699999809265137,848226,JYOTISTRUC
2015-09-14,15.149999618530272,15.399999618530272,15.149999618530272,15.399999618530272,15.399999618530272,256562,JYOTISTRUC
2015-09-15,16.149999618530273,16.149999618530273,14.699999809265137,14.850000381469728,14.850000381469728,1279489,JYOTISTRUC
2015-09-16,15.050000190734863,15.399999618530272,14.600000381469728,14.699999809265137,14.699999809265137,217555,JYOTISTRUC
2015-09-18,14.699999809265137,15.199999809265137,14.550000190734863,14.699999809265137,14.699999809265137,165036,JYOTISTRUC
2015-09-21,14.800000190734863,15.0,14.699999809265137,14.800000190734863,14.800000190734863,99843,JYOTISTRUC
2015-09-22,14.899999618530272,15.149999618530272,14.149999618530272,14.300000190734863,14.300000190734863,165560,JYOTISTRUC
2015-09-23,14.300000190734863,14.649999618530272,14.100000381469728,14.5,14.5,133946,JYOTISTRUC
2015-09-24,14.850000381469728,14.850000381469728,14.100000381469728,14.350000381469728,14.350000381469728,130304,JYOTISTRUC
2015-09-28,14.350000381469728,14.449999809265137,13.949999809265137,14.050000190734863,14.050000190734863,95914,JYOTISTRUC
2015-09-29,13.800000190734863,14.199999809265137,13.75,14.0,14.0,89332,JYOTISTRUC
2015-09-30,14.0,14.550000190734863,13.5,13.699999809265137,13.699999809265137,150471,JYOTISTRUC
2015-10-01,13.550000190734863,13.899999618530272,13.149999618530272,13.199999809265137,13.199999809265137,200813,JYOTISTRUC
2015-10-05,13.600000381469728,13.649999618530272,13.199999809265137,13.399999618530272,13.399999618530272,185430,JYOTISTRUC
2015-10-06,13.850000381469728,14.0,13.300000190734863,13.949999809265137,13.949999809265137,201604,JYOTISTRUC
2015-10-07,14.100000381469728,15.300000190734863,13.899999618530272,15.050000190734863,15.050000190734863,566745,JYOTISTRUC
2015-10-08,15.699999809265137,15.699999809265137,15.050000190734863,15.399999618530272,15.399999618530272,277042,JYOTISTRUC
2015-10-09,15.699999809265137,16.350000381469727,15.399999618530272,15.600000381469728,15.600000381469728,479626,JYOTISTRUC
2015-10-12,15.600000381469728,15.949999809265137,15.199999809265137,15.600000381469728,15.600000381469728,167450,JYOTISTRUC
2015-10-13,15.600000381469728,15.949999809265137,15.25,15.699999809265137,15.699999809265137,148426,JYOTISTRUC
2015-10-14,15.399999618530272,15.899999618530272,15.350000381469728,15.550000190734863,15.550000190734863,154350,JYOTISTRUC
2015-10-15,15.550000190734863,17.100000381469727,15.550000190734863,17.100000381469727,17.100000381469727,1144808,JYOTISTRUC
2015-10-16,17.799999237060547,18.799999237060547,17.450000762939453,18.049999237060547,18.049999237060547,2125967,JYOTISTRUC
2015-10-19,18.0,18.0,16.450000762939453,17.649999618530273,17.649999618530273,591596,JYOTISTRUC
2015-10-20,17.899999618530273,18.39999961853028,16.850000381469727,17.25,17.25,525624,JYOTISTRUC
2015-10-21,17.25,17.75,16.799999237060547,17.350000381469727,17.350000381469727,268094,JYOTISTRUC
2015-10-23,17.350000381469727,17.75,17.149999618530273,17.25,17.25,235167,JYOTISTRUC
2015-10-26,17.299999237060547,17.5,16.450000762939453,16.649999618530273,16.649999618530273,195678,JYOTISTRUC
2015-10-27,16.549999237060547,16.700000762939453,16.049999237060547,16.149999618530273,16.149999618530273,143362,JYOTISTRUC
2015-10-28,16.5,16.5,15.850000381469728,16.0,16.0,125166,JYOTISTRUC
2015-10-29,15.800000190734863,16.549999237060547,15.5,16.200000762939453,16.200000762939453,244263,JYOTISTRUC
2015-10-30,16.600000381469727,16.799999237060547,16.0,16.100000381469727,16.100000381469727,186995,JYOTISTRUC
2015-11-02,16.100000381469727,16.350000381469727,15.100000381469728,15.300000190734863,15.300000190734863,259350,JYOTISTRUC
2015-11-03,15.399999618530272,15.850000381469728,15.199999809265137,15.25,15.25,196488,JYOTISTRUC
2015-11-04,15.25,15.600000381469728,14.899999618530272,15.050000190734863,15.050000190734863,128530,JYOTISTRUC
2015-11-05,14.899999618530272,15.199999809265137,14.350000381469728,14.449999809265137,14.449999809265137,210214,JYOTISTRUC
2015-11-06,14.5,14.649999618530272,13.199999809265137,13.5,13.5,359847,JYOTISTRUC
2015-11-09,13.0,14.0,11.600000381469728,13.100000381469728,13.100000381469728,607898,JYOTISTRUC
2015-11-10,13.100000381469728,13.449999809265137,13.0,13.149999618530272,13.149999618530272,169688,JYOTISTRUC
2015-11-13,13.449999809265137,13.800000190734863,13.0,13.100000381469728,13.100000381469728,262532,JYOTISTRUC
2015-11-16,13.100000381469728,13.600000381469728,13.0,13.149999618530272,13.149999618530272,302115,JYOTISTRUC
2015-11-17,13.199999809265137,13.600000381469728,12.800000190734863,13.25,13.25,535014,JYOTISTRUC
2015-11-18,13.199999809265137,13.949999809265137,13.0,13.199999809265137,13.199999809265137,444837,JYOTISTRUC
2015-11-19,13.399999618530272,13.649999618530272,13.149999618530272,13.300000190734863,13.300000190734863,293472,JYOTISTRUC
2015-11-20,13.300000190734863,13.550000190734863,13.199999809265137,13.300000190734863,13.300000190734863,258990,JYOTISTRUC
2015-11-23,13.5,13.699999809265137,12.949999809265137,13.100000381469728,13.100000381469728,387017,JYOTISTRUC
2015-11-24,13.350000381469728,13.5,13.100000381469728,13.25,13.25,362175,JYOTISTRUC
2015-11-26,13.399999618530272,15.899999618530272,13.300000190734863,15.899999618530272,15.899999618530272,1406665,JYOTISTRUC
2015-11-27,16.399999618530273,18.799999237060547,16.399999618530273,18.0,18.0,3554990,JYOTISTRUC
2015-11-30,18.600000381469727,19.5,18.5,19.0,19.0,2285387,JYOTISTRUC
2015-12-01,19.39999961853028,19.39999961853028,17.399999618530273,17.75,17.75,860435,JYOTISTRUC
2015-12-02,18.799999237060547,19.5,18.350000381469727,19.0,19.0,4575942,JYOTISTRUC
2015-12-03,19.299999237060547,19.700000762939453,18.75,19.0,19.0,1403549,JYOTISTRUC
2015-12-04,18.5,18.89999961853028,18.0,18.100000381469727,18.100000381469727,415452,JYOTISTRUC
2015-12-07,18.64999961853028,18.64999961853028,17.25,17.350000381469727,17.350000381469727,380232,JYOTISTRUC
2015-12-08,17.25,17.700000762939453,16.549999237060547,16.950000762939453,16.950000762939453,269366,JYOTISTRUC
2015-12-09,17.0,17.100000381469727,15.699999809265137,15.800000190734863,15.800000190734863,351329,JYOTISTRUC
2015-12-10,16.899999618530273,17.25,16.600000381469727,16.950000762939453,16.950000762939453,1008559,JYOTISTRUC
2015-12-11,17.049999237060547,17.25,16.049999237060547,16.299999237060547,16.299999237060547,305918,JYOTISTRUC
2015-12-14,16.049999237060547,17.200000762939453,16.049999237060547,16.75,16.75,310021,JYOTISTRUC
2015-12-15,16.649999618530273,17.0,16.600000381469727,16.899999618530273,16.899999618530273,176080,JYOTISTRUC
2015-12-16,16.899999618530273,17.549999237060547,16.700000762939453,16.899999618530273,16.899999618530273,349344,JYOTISTRUC
2015-12-17,17.200000762939453,17.450000762939453,16.950000762939453,17.200000762939453,17.200000762939453,294056,JYOTISTRUC
2015-12-18,17.5,17.950000762939453,17.100000381469727,17.549999237060547,17.549999237060547,621024,JYOTISTRUC
2015-12-21,17.5,17.850000381469727,17.299999237060547,17.450000762939453,17.450000762939453,319395,JYOTISTRUC
2015-12-22,17.75,17.75,16.899999618530273,17.100000381469727,17.100000381469727,207181,JYOTISTRUC
2015-12-23,17.200000762939453,17.700000762939453,16.600000381469727,16.799999237060547,16.799999237060547,284067,JYOTISTRUC
2015-12-24,17.0,17.049999237060547,16.600000381469727,16.850000381469727,16.850000381469727,240048,JYOTISTRUC
2015-12-28,16.850000381469727,17.149999618530273,16.700000762939453,16.799999237060547,16.799999237060547,156397,JYOTISTRUC
2015-12-29,17.0,17.200000762939453,16.600000381469727,16.700000762939453,16.700000762939453,158834,JYOTISTRUC
2015-12-30,16.899999618530273,16.950000762939453,16.350000381469727,16.5,16.5,171781,JYOTISTRUC
2015-12-31,16.399999618530273,16.75,15.899999618530272,16.149999618530273,16.149999618530273,264938,JYOTISTRUC
2016-01-01,16.200000762939453,17.600000381469727,16.100000381469727,17.350000381469727,17.350000381469727,929961,JYOTISTRUC
2016-01-04,17.399999618530273,17.950000762939453,16.75,17.200000762939453,17.200000762939453,477274,JYOTISTRUC
2016-01-05,17.5,18.799999237060547,17.100000381469727,18.549999237060547,18.549999237060547,1467460,JYOTISTRUC
2016-01-06,18.950000762939453,19.350000381469727,18.549999237060547,18.75,18.75,1216803,JYOTISTRUC
2016-01-07,18.14999961853028,18.75,16.950000762939453,17.600000381469727,17.600000381469727,418406,JYOTISTRUC
2016-01-08,17.5,18.14999961853028,17.5,17.799999237060547,17.799999237060547,451590,JYOTISTRUC
2016-01-11,17.5,17.799999237060547,16.5,17.5,17.5,188086,JYOTISTRUC
2016-01-12,17.5,17.899999618530273,17.200000762939453,17.350000381469727,17.350000381469727,180965,JYOTISTRUC
2016-01-13,17.549999237060547,17.799999237060547,14.5,16.450000762939453,16.450000762939453,468275,JYOTISTRUC
2016-01-14,16.25,16.700000762939453,15.5,16.100000381469727,16.100000381469727,151546,JYOTISTRUC
2016-01-15,16.549999237060547,16.700000762939453,15.300000190734863,15.600000381469728,15.600000381469728,245657,JYOTISTRUC
2016-01-18,15.800000190734863,15.800000190734863,14.300000190734863,14.399999618530272,14.399999618530272,258459,JYOTISTRUC
2016-01-19,14.550000190734863,15.25,14.25,15.050000190734863,15.050000190734863,156226,JYOTISTRUC
2016-01-20,14.649999618530272,15.199999809265137,14.25,14.5,14.5,188459,JYOTISTRUC
2016-01-21,14.600000381469728,15.350000381469728,14.350000381469728,14.399999618530272,14.399999618530272,145455,JYOTISTRUC
2016-01-22,14.699999809265137,15.199999809265137,14.5,14.850000381469728,14.850000381469728,229820,JYOTISTRUC
2016-01-25,15.199999809265137,15.449999809265137,14.75,14.850000381469728,14.850000381469728,138055,JYOTISTRUC
2016-01-27,15.0,15.199999809265137,14.600000381469728,14.699999809265137,14.699999809265137,124876,JYOTISTRUC
2016-01-28,14.600000381469728,15.050000190734863,14.449999809265137,14.649999618530272,14.649999618530272,104100,JYOTISTRUC
2016-01-29,14.699999809265137,14.800000190734863,14.050000190734863,14.649999618530272,14.649999618530272,134541,JYOTISTRUC
2016-02-01,15.600000381469728,17.549999237060547,15.600000381469728,16.399999618530273,16.399999618530273,1782116,JYOTISTRUC
2016-02-02,17.600000381469727,17.600000381469727,15.899999618530272,16.049999237060547,16.049999237060547,692544,JYOTISTRUC
2016-02-03,15.600000381469728,16.399999618530273,14.850000381469728,15.149999618530272,15.149999618530272,496843,JYOTISTRUC
2016-02-04,15.600000381469728,15.850000381469728,15.199999809265137,15.449999809265137,15.449999809265137,297360,JYOTISTRUC
2016-02-05,15.25,15.550000190734863,14.600000381469728,15.399999618530272,15.399999618530272,238557,JYOTISTRUC
2016-02-08,15.550000190734863,15.600000381469728,14.550000190734863,14.949999809265137,14.949999809265137,258047,JYOTISTRUC
2016-02-09,14.800000190734863,15.199999809265137,14.100000381469728,14.350000381469728,14.350000381469728,320018,JYOTISTRUC
2016-02-10,14.25,14.850000381469728,14.0,14.050000190734863,14.050000190734863,210269,JYOTISTRUC
2016-02-11,14.100000381469728,14.199999809265137,13.100000381469728,13.300000190734863,13.300000190734863,211458,JYOTISTRUC
2016-02-12,13.899999618530272,13.899999618530272,12.050000190734863,12.850000381469728,12.850000381469728,304619,JYOTISTRUC
2016-02-15,13.800000190734863,13.899999618530272,13.050000190734863,13.350000381469728,13.350000381469728,263346,JYOTISTRUC
2016-02-16,13.350000381469728,13.699999809265137,12.649999618530272,12.800000190734863,12.800000190734863,206324,JYOTISTRUC
2016-02-17,13.350000381469728,13.5,12.399999618530272,13.149999618530272,13.149999618530272,142386,JYOTISTRUC
2016-02-18,13.5,13.649999618530272,13.050000190734863,13.199999809265137,13.199999809265137,112089,JYOTISTRUC
2016-02-19,13.449999809265137,13.699999809265137,12.699999809265137,13.350000381469728,13.350000381469728,113003,JYOTISTRUC
2016-02-22,13.850000381469728,13.850000381469728,13.25,13.350000381469728,13.350000381469728,133492,JYOTISTRUC
2016-02-23,13.399999618530272,13.399999618530272,12.899999618530272,13.0,13.0,79532,JYOTISTRUC
2016-02-24,13.100000381469728,13.100000381469728,12.449999809265137,12.550000190734863,12.550000190734863,285147,JYOTISTRUC
2016-02-25,12.550000190734863,12.75,12.0,12.050000190734863,12.050000190734863,241777,JYOTISTRUC
2016-02-26,12.199999809265137,12.449999809265137,11.699999809265137,11.899999618530272,11.899999618530272,223478,JYOTISTRUC
2016-02-29,12.25,12.25,10.800000190734863,12.0,12.0,177041,JYOTISTRUC
2016-03-01,12.0,12.350000381469728,11.699999809265137,12.0,12.0,345892,JYOTISTRUC
2016-03-02,12.449999809265137,13.199999809265137,12.449999809265137,12.649999618530272,12.649999618530272,792641,JYOTISTRUC
2016-03-03,12.949999809265137,12.949999809265137,12.350000381469728,12.449999809265137,12.449999809265137,611118,JYOTISTRUC
2016-03-04,12.649999618530272,12.699999809265137,12.199999809265137,12.300000190734863,12.300000190734863,342875,JYOTISTRUC
2016-03-08,12.5,12.5,12.050000190734863,12.25,12.25,278422,JYOTISTRUC
2016-03-09,12.25,12.25,11.899999618530272,12.0,12.0,309570,JYOTISTRUC
2016-03-10,12.100000381469728,12.449999809265137,12.0,12.100000381469728,12.100000381469728,252349,JYOTISTRUC
2016-03-11,12.100000381469728,12.300000190734863,11.949999809265137,12.100000381469728,12.100000381469728,133544,JYOTISTRUC
2016-03-14,12.199999809265137,12.25,11.800000190734863,11.899999618530272,11.899999618530272,173074,JYOTISTRUC
2016-03-15,11.899999618530272,12.300000190734863,11.600000381469728,11.699999809265137,11.699999809265137,289692,JYOTISTRUC
2016-03-16,11.699999809265137,12.0,11.449999809265137,11.550000190734863,11.550000190734863,210984,JYOTISTRUC
2016-03-17,11.75,11.850000381469728,11.0,11.350000381469728,11.350000381469728,482542,JYOTISTRUC
2016-03-18,11.5,11.5,10.75,10.949999809265137,10.949999809265137,522333,JYOTISTRUC
2016-03-21,11.199999809265137,11.350000381469728,10.649999618530272,11.300000190734863,11.300000190734863,390903,JYOTISTRUC
2016-03-22,11.399999618530272,11.949999809265137,11.199999809265137,11.550000190734863,11.550000190734863,600495,JYOTISTRUC
2016-03-23,11.5,11.75,11.300000190734863,11.5,11.5,154586,JYOTISTRUC
2016-03-28,11.350000381469728,11.550000190734863,11.0,11.149999618530272,11.149999618530272,166666,JYOTISTRUC
2016-03-29,11.0,11.199999809265137,10.75,10.850000381469728,10.850000381469728,405521,JYOTISTRUC
2016-03-30,10.699999809265137,11.300000190734863,10.649999618530272,10.800000190734863,10.800000190734863,412135,JYOTISTRUC
2016-03-31,10.850000381469728,11.149999618530272,10.699999809265137,10.899999618530272,10.899999618530272,298842,JYOTISTRUC
2016-04-01,10.800000190734863,11.800000190734863,10.699999809265137,11.350000381469728,11.350000381469728,848644,JYOTISTRUC
2016-04-04,11.75,11.75,10.899999618530272,11.199999809265137,11.199999809265137,381158,JYOTISTRUC
2016-04-05,11.199999809265137,11.5,10.800000190734863,10.949999809265137,10.949999809265137,417182,JYOTISTRUC
2016-04-06,11.050000190734863,11.199999809265137,10.899999618530272,11.050000190734863,11.050000190734863,188828,JYOTISTRUC
2016-04-07,11.050000190734863,11.600000381469728,11.050000190734863,11.199999809265137,11.199999809265137,439755,JYOTISTRUC
2016-04-08,11.399999618530272,11.75,11.100000381469728,11.199999809265137,11.199999809265137,658640,JYOTISTRUC
2016-04-11,11.399999618530272,11.399999618530272,10.600000381469728,10.949999809265137,10.949999809265137,566894,JYOTISTRUC
2016-04-12,11.100000381469728,11.199999809265137,10.75,10.850000381469728,10.850000381469728,275571,JYOTISTRUC
2016-04-13,11.0,11.199999809265137,10.899999618530272,11.0,11.0,296476,JYOTISTRUC
2016-04-18,11.100000381469728,11.149999618530272,10.949999809265137,11.100000381469728,11.100000381469728,205986,JYOTISTRUC
2016-04-20,11.050000190734863,11.449999809265137,10.949999809265137,11.25,11.25,378250,JYOTISTRUC
2016-04-21,11.149999618530272,11.300000190734863,10.949999809265137,11.050000190734863,11.050000190734863,254066,JYOTISTRUC
2016-04-22,11.0,11.100000381469728,10.899999618530272,10.899999618530272,10.899999618530272,206001,JYOTISTRUC
2016-04-25,11.199999809265137,11.199999809265137,10.850000381469728,10.899999618530272,10.899999618530272,230052,JYOTISTRUC
2016-04-26,10.949999809265137,11.050000190734863,10.850000381469728,10.949999809265137,10.949999809265137,131145,JYOTISTRUC
2016-04-27,10.949999809265137,11.149999618530272,10.75,10.800000190734863,10.800000190734863,330592,JYOTISTRUC
2016-04-28,10.850000381469728,11.050000190734863,10.699999809265137,10.75,10.75,315337,JYOTISTRUC
2016-04-29,10.75,10.899999618530272,10.399999618530272,10.5,10.5,431058,JYOTISTRUC
2016-05-02,10.850000381469728,12.149999618530272,10.550000190734863,11.350000381469728,11.350000381469728,3627435,JYOTISTRUC
2016-05-03,11.600000381469728,11.600000381469728,10.75,10.800000190734863,10.800000190734863,635121,JYOTISTRUC
2016-05-04,10.75,11.050000190734863,10.550000190734863,10.600000381469728,10.600000381469728,439841,JYOTISTRUC
2016-05-05,10.699999809265137,10.699999809265137,9.949999809265137,10.050000190734863,10.050000190734863,670351,JYOTISTRUC
2016-05-06,10.0,10.399999618530272,9.949999809265137,10.0,10.0,436124,JYOTISTRUC
2016-05-09,10.199999809265137,10.199999809265137,9.800000190734863,9.850000381469728,9.850000381469728,354351,JYOTISTRUC
2016-05-10,10.199999809265137,10.550000190734863,9.949999809265137,10.100000381469728,10.100000381469728,245898,JYOTISTRUC
2016-05-11,9.800000190734863,10.149999618530272,9.699999809265137,9.850000381469728,9.850000381469728,258226,JYOTISTRUC
2016-05-12,9.949999809265137,10.199999809265137,9.800000190734863,10.100000381469728,10.100000381469728,373398,JYOTISTRUC
2016-05-13,10.100000381469728,10.100000381469728,9.850000381469728,9.899999618530272,9.899999618530272,179882,JYOTISTRUC
2016-05-16,9.75,10.0,9.699999809265137,9.850000381469728,9.850000381469728,133309,JYOTISTRUC
2016-05-17,9.899999618530272,10.0,9.699999809265137,9.800000190734863,9.800000190734863,251338,JYOTISTRUC
2016-05-18,9.800000190734863,9.899999618530272,9.600000381469728,9.800000190734863,9.800000190734863,237597,JYOTISTRUC
2016-05-19,9.850000381469728,9.899999618530272,9.649999618530272,9.649999618530272,9.649999618530272,137742,JYOTISTRUC
2016-05-20,9.699999809265137,9.699999809265137,9.25,9.350000381469728,9.350000381469728,189829,JYOTISTRUC
2016-05-23,9.350000381469728,9.699999809265137,8.800000190734863,8.899999618530273,8.899999618530273,266251,JYOTISTRUC
2016-05-24,8.899999618530273,8.899999618530273,8.25,8.350000381469727,8.350000381469727,524539,JYOTISTRUC
2016-05-25,8.399999618530273,8.649999618530273,8.350000381469727,8.5,8.5,233393,JYOTISTRUC
2016-05-26,9.0,9.0,8.5,8.75,8.75,242750,JYOTISTRUC
2016-05-27,8.75,10.399999618530272,8.699999809265137,9.850000381469728,9.850000381469728,956422,JYOTISTRUC
2016-05-30,9.850000381469728,10.149999618530272,9.550000190734863,9.600000381469728,9.600000381469728,233138,JYOTISTRUC
2016-05-31,9.649999618530272,9.75,9.100000381469728,9.25,9.25,168829,JYOTISTRUC
2016-06-01,9.25,9.350000381469728,8.899999618530273,9.0,9.0,178129,JYOTISTRUC
2016-06-02,8.949999809265137,9.449999809265137,8.850000381469727,9.149999618530272,9.149999618530272,230514,JYOTISTRUC
2016-06-03,9.300000190734863,9.350000381469728,8.75,8.800000190734863,8.800000190734863,268149,JYOTISTRUC
2016-06-06,8.850000381469727,9.0,8.350000381469727,8.399999618530273,8.399999618530273,533227,JYOTISTRUC
2016-06-07,8.649999618530273,8.75,8.399999618530273,8.699999809265137,8.699999809265137,148904,JYOTISTRUC
2016-06-08,8.600000381469727,9.100000381469728,8.600000381469727,9.0,9.0,251912,JYOTISTRUC
2016-06-09,9.100000381469728,9.350000381469728,8.949999809265137,9.149999618530272,9.149999618530272,213598,JYOTISTRUC
2016-06-10,9.449999809265137,9.449999809265137,8.75,8.899999618530273,8.899999618530273,442892,JYOTISTRUC
2016-06-13,9.25,9.25,8.899999618530273,8.949999809265137,8.949999809265137,272082,JYOTISTRUC
2016-06-14,9.149999618530272,10.0,9.149999618530272,9.800000190734863,9.800000190734863,1300227,JYOTISTRUC
2016-06-15,10.0,10.350000381469728,9.800000190734863,9.800000190734863,9.800000190734863,465028,JYOTISTRUC
2016-06-16,9.800000190734863,9.949999809265137,9.449999809265137,9.649999618530272,9.649999618530272,213843,JYOTISTRUC
2016-06-17,10.0,10.100000381469728,9.449999809265137,9.5,9.5,260690,JYOTISTRUC
2016-06-20,9.5,9.850000381469728,9.300000190734863,9.699999809265137,9.699999809265137,246900,JYOTISTRUC
2016-06-21,9.600000381469728,9.899999618530272,9.600000381469728,9.800000190734863,9.800000190734863,131935,JYOTISTRUC
2016-06-22,9.600000381469728,10.199999809265137,9.600000381469728,9.649999618530272,9.649999618530272,412130,JYOTISTRUC
2016-06-23,9.5,10.100000381469728,9.5,9.850000381469728,9.850000381469728,290006,JYOTISTRUC
2016-06-24,9.699999809265137,9.699999809265137,9.050000190734863,9.350000381469728,9.350000381469728,384231,JYOTISTRUC
2016-06-27,9.350000381469728,10.949999809265137,9.350000381469728,10.350000381469728,10.350000381469728,2114354,JYOTISTRUC
2016-06-28,10.5,10.800000190734863,10.100000381469728,10.199999809265137,10.199999809265137,547892,JYOTISTRUC
2016-06-29,10.199999809265137,10.5,10.0,10.199999809265137,10.199999809265137,503086,JYOTISTRUC
2016-06-30,10.199999809265137,10.449999809265137,10.100000381469728,10.25,10.25,367881,JYOTISTRUC
2016-07-01,10.449999809265137,10.449999809265137,10.050000190734863,10.25,10.25,244821,JYOTISTRUC
2016-07-04,10.449999809265137,10.800000190734863,10.050000190734863,10.550000190734863,10.550000190734863,690727,JYOTISTRUC
2016-07-05,10.699999809265137,11.300000190734863,10.300000190734863,10.75,10.75,943471,JYOTISTRUC
2016-07-07,10.850000381469728,11.350000381469728,10.699999809265137,11.149999618530272,11.149999618530272,785799,JYOTISTRUC
2016-07-08,11.350000381469728,11.850000381469728,11.0,11.5,11.5,1504879,JYOTISTRUC
2016-07-11,13.0,13.800000190734863,12.699999809265137,13.800000190734863,13.800000190734863,8799585,JYOTISTRUC
2016-07-12,14.300000190734863,16.299999237060547,14.100000381469728,15.75,15.75,10886934,JYOTISTRUC
2016-07-13,15.699999809265137,15.699999809265137,14.600000381469728,15.149999618530272,15.149999618530272,2907349,JYOTISTRUC
2016-07-14,15.0,15.600000381469728,14.75,14.800000190734863,14.800000190734863,1241898,JYOTISTRUC
2016-07-15,15.100000381469728,15.25,14.0,14.100000381469728,14.100000381469728,1010993,JYOTISTRUC
2016-07-18,14.050000190734863,14.300000190734863,13.199999809265137,13.300000190734863,13.300000190734863,1083078,JYOTISTRUC
2016-07-19,13.25,14.149999618530272,12.600000381469728,13.649999618530272,13.649999618530272,1726901,JYOTISTRUC
2016-07-20,13.649999618530272,14.25,13.350000381469728,13.850000381469728,13.850000381469728,717688,JYOTISTRUC
2016-07-21,14.0,14.199999809265137,13.199999809265137,13.449999809265137,13.449999809265137,687345,JYOTISTRUC
2016-07-22,13.350000381469728,13.75,12.850000381469728,13.25,13.25,654782,JYOTISTRUC
2016-07-25,13.050000190734863,13.850000381469728,13.050000190734863,13.600000381469728,13.600000381469728,484785,JYOTISTRUC
2016-07-26,13.800000190734863,13.800000190734863,12.649999618530272,13.100000381469728,13.100000381469728,488902,JYOTISTRUC
2016-07-27,13.199999809265137,13.399999618530272,12.75,13.050000190734863,13.050000190734863,291346,JYOTISTRUC
2016-07-28,13.149999618530272,13.300000190734863,13.050000190734863,13.100000381469728,13.100000381469728,240649,JYOTISTRUC
2016-07-29,13.050000190734863,13.25,12.75,12.800000190734863,12.800000190734863,510818,JYOTISTRUC
2016-08-01,13.0,13.199999809265137,12.699999809265137,12.850000381469728,12.850000381469728,350920,JYOTISTRUC
2016-08-02,12.75,12.949999809265137,12.600000381469728,12.649999618530272,12.649999618530272,219064,JYOTISTRUC
2016-08-03,12.649999618530272,12.699999809265137,11.699999809265137,12.050000190734863,12.050000190734863,470798,JYOTISTRUC
2016-08-04,12.199999809265137,12.300000190734863,11.899999618530272,12.050000190734863,12.050000190734863,188341,JYOTISTRUC
2016-08-05,12.149999618530272,12.649999618530272,11.949999809265137,12.449999809265137,12.449999809265137,283627,JYOTISTRUC
2016-08-08,12.550000190734863,12.800000190734863,12.149999618530272,12.25,12.25,342875,JYOTISTRUC
2016-08-09,12.25,12.300000190734863,11.949999809265137,12.100000381469728,12.100000381469728,190664,JYOTISTRUC
2016-08-10,12.149999618530272,12.300000190734863,11.75,11.850000381469728,11.850000381469728,234812,JYOTISTRUC
2016-08-11,11.649999618530272,11.899999618530272,11.5,11.649999618530272,11.649999618530272,217687,JYOTISTRUC
2016-08-12,11.899999618530272,11.899999618530272,11.5,11.600000381469728,11.600000381469728,186818,JYOTISTRUC
2016-08-16,11.5,11.649999618530272,11.25,11.449999809265137,11.449999809265137,164617,JYOTISTRUC
2016-08-17,11.399999618530272,11.5,11.100000381469728,11.25,11.25,184592,JYOTISTRUC
2016-08-18,11.199999809265137,13.5,11.199999809265137,13.5,13.5,1827549,JYOTISTRUC
2016-08-19,13.800000190734863,14.649999618530272,13.5,13.949999809265137,13.949999809265137,1548206,JYOTISTRUC
2016-08-22,13.949999809265137,14.149999618530272,13.300000190734863,13.899999618530272,13.899999618530272,589831,JYOTISTRUC
2016-08-23,14.050000190734863,14.050000190734863,13.100000381469728,13.399999618530272,13.399999618530272,710577,JYOTISTRUC
2016-08-24,13.25,13.649999618530272,13.199999809265137,13.350000381469728,13.350000381469728,357683,JYOTISTRUC
2016-08-25,13.600000381469728,13.899999618530272,13.199999809265137,13.350000381469728,13.350000381469728,442588,JYOTISTRUC
2016-08-26,13.050000190734863,13.199999809265137,12.649999618530272,12.899999618530272,12.899999618530272,567156,JYOTISTRUC
2016-08-29,13.0,13.0,12.600000381469728,12.699999809265137,12.699999809265137,248284,JYOTISTRUC
2016-08-30,12.5,13.449999809265137,12.5,12.75,12.75,155419,JYOTISTRUC
2016-08-31,12.75,13.399999618530272,12.550000190734863,13.149999618530272,13.149999618530272,521190,JYOTISTRUC
2016-09-01,13.199999809265137,13.25,12.75,12.850000381469728,12.850000381469728,420251,JYOTISTRUC
2016-09-02,12.800000190734863,13.199999809265137,12.800000190734863,13.0,13.0,227425,JYOTISTRUC
2016-09-06,13.149999618530272,14.850000381469728,13.100000381469728,14.300000190734863,14.300000190734863,1497469,JYOTISTRUC
2016-09-07,14.449999809265137,14.449999809265137,13.800000190734863,13.949999809265137,13.949999809265137,445751,JYOTISTRUC
2016-09-08,13.899999618530272,14.600000381469728,13.699999809265137,14.399999618530272,14.399999618530272,885651,JYOTISTRUC
2016-09-09,14.5,15.199999809265137,14.199999809265137,14.449999809265137,14.449999809265137,1115495,JYOTISTRUC
2016-09-12,14.199999809265137,14.199999809265137,13.350000381469728,13.649999618530272,13.649999618530272,608853,JYOTISTRUC
2016-09-14,13.949999809265137,13.949999809265137,13.5,13.649999618530272,13.649999618530272,186724,JYOTISTRUC
2016-09-15,13.800000190734863,13.850000381469728,13.550000190734863,13.600000381469728,13.600000381469728,148336,JYOTISTRUC
2016-09-16,13.550000190734863,13.850000381469728,13.199999809265137,13.300000190734863,13.300000190734863,218122,JYOTISTRUC
2016-09-19,13.100000381469728,13.300000190734863,12.800000190734863,13.050000190734863,13.050000190734863,305076,JYOTISTRUC
2016-09-20,13.199999809265137,13.399999618530272,12.949999809265137,13.050000190734863,13.050000190734863,200791,JYOTISTRUC
2016-09-21,13.25,13.350000381469728,13.0,13.149999618530272,13.149999618530272,175795,JYOTISTRUC
2016-09-22,13.399999618530272,13.699999809265137,13.0,13.100000381469728,13.100000381469728,318832,JYOTISTRUC
2016-09-23,13.149999618530272,13.25,12.649999618530272,12.75,12.75,210114,JYOTISTRUC
2016-09-26,10.800000190734863,12.5,10.800000190734863,12.149999618530272,12.149999618530272,618811,JYOTISTRUC
2016-09-27,12.75,14.550000190734863,12.550000190734863,14.0,14.0,4028402,JYOTISTRUC
2016-09-28,14.300000190734863,14.399999618530272,13.199999809265137,13.449999809265137,13.449999809265137,894552,JYOTISTRUC
2016-09-29,13.699999809265137,13.899999618530272,12.100000381469728,12.25,12.25,776944,JYOTISTRUC
2016-09-30,12.600000381469728,13.149999618530272,12.399999618530272,12.649999618530272,12.649999618530272,440453,JYOTISTRUC
2016-10-03,13.0,13.5,12.699999809265137,13.050000190734863,13.050000190734863,470171,JYOTISTRUC
2016-10-04,13.449999809265137,13.449999809265137,12.899999618530272,13.0,13.0,249562,JYOTISTRUC
2016-10-05,13.300000190734863,13.300000190734863,12.800000190734863,12.899999618530272,12.899999618530272,215418,JYOTISTRUC
2016-10-06,13.100000381469728,13.449999809265137,12.800000190734863,12.949999809265137,12.949999809265137,336388,JYOTISTRUC
2016-10-07,13.25,13.25,12.300000190734863,12.600000381469728,12.600000381469728,446884,JYOTISTRUC
2016-10-10,12.600000381469728,12.800000190734863,12.399999618530272,12.5,12.5,298604,JYOTISTRUC
2016-10-13,12.5,12.600000381469728,12.100000381469728,12.300000190734863,12.300000190734863,271345,JYOTISTRUC
2016-10-14,12.350000381469728,12.75,12.199999809265137,12.25,12.25,501873,JYOTISTRUC
2016-10-17,12.25,12.449999809265137,12.149999618530272,12.199999809265137,12.199999809265137,179894,JYOTISTRUC
2016-10-18,12.350000381469728,12.350000381469728,12.100000381469728,12.199999809265137,12.199999809265137,179514,JYOTISTRUC
2016-10-19,12.399999618530272,12.399999618530272,12.149999618530272,12.300000190734863,12.300000190734863,256123,JYOTISTRUC
2016-10-20,12.300000190734863,12.449999809265137,12.300000190734863,12.350000381469728,12.350000381469728,176864,JYOTISTRUC
2016-10-21,12.300000190734863,14.399999618530272,12.199999809265137,13.350000381469728,13.350000381469728,2840914,JYOTISTRUC
2016-10-24,13.449999809265137,13.75,13.25,13.350000381469728,13.350000381469728,504682,JYOTISTRUC
2016-10-25,13.5,13.5,13.0,13.100000381469728,13.100000381469728,225178,JYOTISTRUC
2016-10-26,13.300000190734863,13.300000190734863,12.699999809265137,12.800000190734863,12.800000190734863,282583,JYOTISTRUC
2016-10-27,13.0,13.850000381469728,12.800000190734863,13.050000190734863,13.050000190734863,1066033,JYOTISTRUC
2016-10-28,13.25,13.350000381469728,12.850000381469728,12.949999809265137,12.949999809265137,263665,JYOTISTRUC
2016-11-01,13.050000190734863,13.25,12.75,12.949999809265137,12.949999809265137,169097,JYOTISTRUC
2016-11-02,12.949999809265137,12.949999809265137,12.550000190734863,12.649999618530272,12.649999618530272,212969,JYOTISTRUC
2016-11-03,12.050000190734863,12.699999809265137,12.050000190734863,12.449999809265137,12.449999809265137,361888,JYOTISTRUC
2016-11-04,12.350000381469728,12.649999618530272,11.800000190734863,12.0,12.0,482581,JYOTISTRUC
2016-11-07,12.449999809265137,12.449999809265137,12.050000190734863,12.100000381469728,12.100000381469728,178926,JYOTISTRUC
2016-11-08,12.100000381469728,14.0,11.75,13.199999809265137,13.199999809265137,3047129,JYOTISTRUC
2016-11-09,11.300000190734863,12.449999809265137,10.600000381469728,12.050000190734863,12.050000190734863,755237,JYOTISTRUC
2016-11-10,12.550000190734863,12.800000190734863,12.300000190734863,12.5,12.5,342683,JYOTISTRUC
2016-11-11,12.300000190734863,12.449999809265137,11.600000381469728,11.75,11.75,485531,JYOTISTRUC
2016-11-15,11.800000190734863,12.199999809265137,11.149999618530272,11.25,11.25,305019,JYOTISTRUC
2016-11-16,11.5,11.699999809265137,10.850000381469728,10.949999809265137,10.949999809265137,186735,JYOTISTRUC
2016-11-17,10.899999618530272,11.199999809265137,10.199999809265137,10.350000381469728,10.350000381469728,254454,JYOTISTRUC
2016-11-18,10.350000381469728,10.75,10.050000190734863,10.399999618530272,10.399999618530272,352222,JYOTISTRUC
2016-11-21,10.550000190734863,10.550000190734863,9.800000190734863,10.0,10.0,213551,JYOTISTRUC
2016-11-22,10.050000190734863,10.300000190734863,9.850000381469728,10.0,10.0,171513,JYOTISTRUC
2016-11-23,10.350000381469728,10.699999809265137,10.050000190734863,10.5,10.5,301585,JYOTISTRUC
2016-11-24,10.5,10.899999618530272,10.25,10.550000190734863,10.550000190734863,206990,JYOTISTRUC
2016-11-25,10.800000190734863,11.25,10.600000381469728,11.0,11.0,163849,JYOTISTRUC
2016-11-28,10.899999618530272,11.5,10.899999618530272,11.199999809265137,11.199999809265137,160678,JYOTISTRUC
2016-11-29,11.25,11.550000190734863,11.25,11.25,11.25,124554,JYOTISTRUC
2016-11-30,11.25,11.449999809265137,11.050000190734863,11.25,11.25,149273,JYOTISTRUC
2016-12-01,11.5,12.149999618530272,11.199999809265137,11.600000381469728,11.600000381469728,290340,JYOTISTRUC
2016-12-02,11.600000381469728,11.600000381469728,11.0,11.199999809265137,11.199999809265137,175702,JYOTISTRUC
2016-12-05,11.199999809265137,11.350000381469728,11.0,11.100000381469728,11.100000381469728,138208,JYOTISTRUC
2016-12-06,11.149999618530272,11.350000381469728,11.050000190734863,11.100000381469728,11.100000381469728,108536,JYOTISTRUC
2016-12-07,11.100000381469728,11.300000190734863,11.050000190734863,11.100000381469728,11.100000381469728,76965,JYOTISTRUC
2016-12-08,11.449999809265137,11.449999809265137,10.899999618530272,11.050000190734863,11.050000190734863,200113,JYOTISTRUC
2016-12-09,11.300000190734863,11.350000381469728,11.0,11.100000381469728,11.100000381469728,176412,JYOTISTRUC
2016-12-12,11.100000381469728,11.300000190734863,11.050000190734863,11.149999618530272,11.149999618530272,95351,JYOTISTRUC
2016-12-13,11.100000381469728,11.300000190734863,10.800000190734863,11.100000381469728,11.100000381469728,212236,JYOTISTRUC
2016-12-14,11.149999618530272,11.25,9.949999809265137,10.600000381469728,10.600000381469728,547270,JYOTISTRUC
2016-12-15,10.800000190734863,10.949999809265137,10.25,10.600000381469728,10.600000381469728,210835,JYOTISTRUC
2016-12-16,10.199999809265137,10.699999809265137,10.199999809265137,10.25,10.25,239986,JYOTISTRUC
2016-12-19,10.25,10.699999809265137,10.199999809265137,10.5,10.5,272355,JYOTISTRUC
2016-12-20,10.550000190734863,10.699999809265137,10.199999809265137,10.300000190734863,10.300000190734863,122728,JYOTISTRUC
2016-12-21,11.850000381469728,12.0,10.949999809265137,11.050000190734863,11.050000190734863,2436506,JYOTISTRUC
2016-12-22,11.25,11.25,10.5,10.649999618530272,10.649999618530272,296841,JYOTISTRUC
2016-12-23,10.550000190734863,10.649999618530272,10.300000190734863,10.399999618530272,10.399999618530272,193470,JYOTISTRUC
2016-12-26,10.149999618530272,10.300000190734863,9.649999618530272,9.800000190734863,9.800000190734863,565311,JYOTISTRUC
2016-12-27,9.699999809265137,10.0,9.100000381469728,9.449999809265137,9.449999809265137,769331,JYOTISTRUC
2016-12-28,9.5,9.600000381469728,9.199999809265137,9.449999809265137,9.449999809265137,501196,JYOTISTRUC
2016-12-29,9.5,9.649999618530272,9.350000381469728,9.550000190734863,9.550000190734863,135614,JYOTISTRUC
2016-12-30,9.649999618530272,9.899999618530272,9.550000190734863,9.75,9.75,227611,JYOTISTRUC
2017-01-02,9.850000381469728,10.050000190734863,9.449999809265137,9.699999809265137,9.699999809265137,593163,JYOTISTRUC
2017-01-03,9.800000190734863,10.199999809265137,9.800000190734863,9.949999809265137,9.949999809265137,348630,JYOTISTRUC
2017-01-04,9.850000381469728,10.350000381469728,9.850000381469728,10.149999618530272,10.149999618530272,295441,JYOTISTRUC
2017-01-05,10.25,10.850000381469728,10.25,10.649999618530272,10.649999618530272,510699,JYOTISTRUC
2017-01-06,10.699999809265137,10.800000190734863,10.199999809265137,10.300000190734863,10.300000190734863,296918,JYOTISTRUC
2017-01-09,10.300000190734863,10.550000190734863,10.25,10.399999618530272,10.399999618530272,111591,JYOTISTRUC
2017-01-10,10.699999809265137,10.699999809265137,10.399999618530272,10.449999809265137,10.449999809265137,122841,JYOTISTRUC
2017-01-11,10.5,11.100000381469728,10.5,10.800000190734863,10.800000190734863,496922,JYOTISTRUC
2017-01-12,10.800000190734863,11.0,9.899999618530272,10.0,10.0,938572,JYOTISTRUC
2017-01-13,10.050000190734863,10.25,9.699999809265137,9.75,9.75,570385,JYOTISTRUC
2017-01-16,9.899999618530272,10.050000190734863,9.649999618530272,9.899999618530272,9.899999618530272,225280,JYOTISTRUC
2017-01-17,10.050000190734863,10.100000381469728,9.800000190734863,9.899999618530272,9.899999618530272,118813,JYOTISTRUC
2017-01-18,9.850000381469728,10.100000381469728,9.850000381469728,9.949999809265137,9.949999809265137,97248,JYOTISTRUC
2017-01-19,9.949999809265137,10.100000381469728,9.899999618530272,9.899999618530272,9.899999618530272,127009,JYOTISTRUC
2017-01-20,9.949999809265137,10.350000381469728,9.699999809265137,9.75,9.75,568789,JYOTISTRUC
2017-01-23,9.899999618530272,9.949999809265137,9.649999618530272,9.699999809265137,9.699999809265137,301674,JYOTISTRUC
2017-01-24,9.800000190734863,9.899999618530272,9.649999618530272,9.699999809265137,9.699999809265137,171080,JYOTISTRUC
2017-01-25,9.850000381469728,9.949999809265137,9.600000381469728,9.699999809265137,9.699999809265137,559030,JYOTISTRUC
2017-01-27,9.850000381469728,9.850000381469728,9.649999618530272,9.699999809265137,9.699999809265137,224387,JYOTISTRUC
2017-01-30,9.699999809265137,9.800000190734863,9.600000381469728,9.649999618530272,9.649999618530272,252275,JYOTISTRUC
2017-01-31,9.649999618530272,9.899999618530272,9.649999618530272,9.800000190734863,9.800000190734863,243701,JYOTISTRUC
2017-02-01,9.949999809265137,9.949999809265137,9.600000381469728,9.699999809265137,9.699999809265137,334794,JYOTISTRUC
2017-02-02,9.800000190734863,9.899999618530272,9.699999809265137,9.75,9.75,264797,JYOTISTRUC
2017-02-03,9.800000190734863,10.300000190734863,9.649999618530272,9.800000190734863,9.800000190734863,1034854,JYOTISTRUC
2017-02-06,9.850000381469728,10.149999618530272,9.850000381469728,9.899999618530272,9.899999618530272,759255,JYOTISTRUC
2017-02-07,9.949999809265137,10.100000381469728,9.800000190734863,9.850000381469728,9.850000381469728,575930,JYOTISTRUC
2017-02-08,9.949999809265137,10.050000190734863,9.800000190734863,9.899999618530272,9.899999618530272,254694,JYOTISTRUC
2017-02-09,10.0,10.300000190734863,9.800000190734863,9.850000381469728,9.850000381469728,827868,JYOTISTRUC
2017-02-10,9.800000190734863,9.850000381469728,9.600000381469728,9.649999618530272,9.649999618530272,585326,JYOTISTRUC
2017-02-13,9.649999618530272,9.699999809265137,9.449999809265137,9.5,9.5,283552,JYOTISTRUC
2017-02-14,9.550000190734863,9.550000190734863,9.300000190734863,9.350000381469728,9.350000381469728,147969,JYOTISTRUC
2017-02-15,9.449999809265137,9.449999809265137,9.050000190734863,9.100000381469728,9.100000381469728,375009,JYOTISTRUC
2017-02-16,9.25,9.25,9.0,9.050000190734863,9.050000190734863,339506,JYOTISTRUC
2017-02-17,9.050000190734863,9.149999618530272,9.0,9.050000190734863,9.050000190734863,337551,JYOTISTRUC
2017-02-20,9.0,9.399999618530272,9.0,9.300000190734863,9.300000190734863,284770,JYOTISTRUC
2017-02-21,9.350000381469728,9.350000381469728,9.100000381469728,9.149999618530272,9.149999618530272,155216,JYOTISTRUC
2017-02-22,9.199999809265137,9.25,9.0,9.050000190734863,9.050000190734863,158747,JYOTISTRUC
2017-02-23,9.800000190734863,10.149999618530272,9.600000381469728,9.800000190734863,9.800000190734863,2410119,JYOTISTRUC
2017-02-27,9.850000381469728,9.850000381469728,9.550000190734863,9.600000381469728,9.600000381469728,295134,JYOTISTRUC
2017-02-28,9.600000381469728,9.800000190734863,9.5,9.649999618530272,9.649999618530272,136687,JYOTISTRUC
2017-03-01,9.350000381469728,9.600000381469728,9.350000381469728,9.449999809265137,9.449999809265137,276947,JYOTISTRUC
2017-03-02,9.5,9.600000381469728,9.100000381469728,9.199999809265137,9.199999809265137,356279,JYOTISTRUC
2017-03-03,9.199999809265137,9.350000381469728,9.050000190734863,9.100000381469728,9.100000381469728,250737,JYOTISTRUC
2017-03-06,9.100000381469728,9.25,9.050000190734863,9.100000381469728,9.100000381469728,171511,JYOTISTRUC
2017-03-07,9.100000381469728,9.149999618530272,8.949999809265137,9.0,9.0,215876,JYOTISTRUC
2017-03-08,9.100000381469728,9.100000381469728,8.899999618530273,8.949999809265137,8.949999809265137,168893,JYOTISTRUC
2017-03-09,8.949999809265137,9.050000190734863,8.899999618530273,8.949999809265137,8.949999809265137,153248,JYOTISTRUC
2017-03-10,9.0,9.199999809265137,8.899999618530273,8.949999809265137,8.949999809265137,274262,JYOTISTRUC
2017-03-14,9.149999618530272,9.149999618530272,8.75,8.850000381469727,8.850000381469727,261263,JYOTISTRUC
2017-03-15,8.949999809265137,8.949999809265137,8.649999618530273,8.75,8.75,346366,JYOTISTRUC
2017-03-16,9.0,9.149999618530272,8.850000381469727,8.899999618530273,8.899999618530273,335267,JYOTISTRUC
2017-03-17,8.899999618530273,9.199999809265137,8.899999618530273,9.050000190734863,9.050000190734863,403747,JYOTISTRUC
2017-03-20,8.949999809265137,9.0,8.649999618530273,8.75,8.75,479563,JYOTISTRUC
2017-03-21,8.800000190734863,8.850000381469727,8.449999809265137,8.600000381469727,8.600000381469727,416139,JYOTISTRUC
2017-03-22,8.600000381469727,8.800000190734863,8.449999809265137,8.449999809265137,8.449999809265137,257841,JYOTISTRUC
2017-03-23,8.5,8.600000381469727,8.100000381469727,8.199999809265137,8.199999809265137,620092,JYOTISTRUC
2017-03-24,8.5,8.550000190734863,8.199999809265137,8.350000381469727,8.350000381469727,357040,JYOTISTRUC
2017-03-27,8.399999618530273,8.449999809265137,8.149999618530273,8.199999809265137,8.199999809265137,399470,JYOTISTRUC
2017-03-28,8.550000190734863,8.550000190734863,8.100000381469727,8.149999618530273,8.149999618530273,422313,JYOTISTRUC
2017-03-29,8.25,8.25,8.0,8.050000190734863,8.050000190734863,399177,JYOTISTRUC
2017-03-30,8.050000190734863,8.25,7.949999809265137,8.149999618530273,8.149999618530273,315663,JYOTISTRUC
2017-03-31,8.100000381469727,8.350000381469727,8.0,8.100000381469727,8.100000381469727,527755,JYOTISTRUC
2017-04-03,8.300000190734863,9.199999809265137,8.100000381469727,9.050000190734863,9.050000190734863,956431,JYOTISTRUC
2017-04-05,9.149999618530272,10.399999618530272,9.149999618530272,9.699999809265137,9.699999809265137,2667037,JYOTISTRUC
2017-04-06,9.699999809265137,9.800000190734863,9.399999618530272,9.5,9.5,340138,JYOTISTRUC
2017-04-07,9.399999618530272,9.75,9.199999809265137,9.300000190734863,9.300000190734863,357927,JYOTISTRUC
2017-04-10,9.5,9.800000190734863,9.149999618530272,9.25,9.25,501640,JYOTISTRUC
2017-04-11,9.399999618530272,9.649999618530272,9.25,9.350000381469728,9.350000381469728,261307,JYOTISTRUC
2017-04-12,9.399999618530272,9.399999618530272,9.050000190734863,9.149999618530272,9.149999618530272,247681,JYOTISTRUC
2017-04-13,9.100000381469728,9.25,8.899999618530273,9.100000381469728,9.100000381469728,200815,JYOTISTRUC
2017-04-17,9.25,9.25,8.899999618530273,8.949999809265137,8.949999809265137,319156,JYOTISTRUC
2017-04-18,9.0,10.699999809265137,8.800000190734863,10.699999809265137,10.699999809265137,10089369,JYOTISTRUC
2017-04-19,10.850000381469728,12.600000381469728,10.25,12.149999618530272,12.149999618530272,6547104,JYOTISTRUC
2017-04-20,12.0,12.550000190734863,11.300000190734863,11.449999809265137,11.449999809265137,2028540,JYOTISTRUC
2017-04-21,11.5,11.5,9.350000381469728,9.649999618530272,9.649999618530272,8676771,JYOTISTRUC
2017-04-24,9.850000381469728,10.350000381469728,9.800000190734863,10.300000190734863,10.300000190734863,2080676,JYOTISTRUC
2017-04-25,10.449999809265137,10.75,9.850000381469728,10.5,10.5,2109076,JYOTISTRUC
2017-04-26,10.699999809265137,10.850000381469728,10.050000190734863,10.300000190734863,10.300000190734863,1062325,JYOTISTRUC
2017-04-27,10.300000190734863,10.449999809265137,10.100000381469728,10.199999809265137,10.199999809265137,330535,JYOTISTRUC
2017-04-28,10.25,10.350000381469728,9.850000381469728,10.100000381469728,10.100000381469728,959855,JYOTISTRUC
2017-05-02,10.100000381469728,10.25,9.850000381469728,10.149999618530272,10.149999618530272,1037385,JYOTISTRUC
2017-05-03,10.149999618530272,10.25,10.050000190734863,10.100000381469728,10.100000381469728,387163,JYOTISTRUC
2017-05-04,10.100000381469728,10.300000190734863,10.050000190734863,10.100000381469728,10.100000381469728,435243,JYOTISTRUC
2017-05-05,10.0,10.149999618530272,9.800000190734863,9.899999618530272,9.899999618530272,340307,JYOTISTRUC
2017-05-08,9.800000190734863,10.100000381469728,9.550000190734863,9.649999618530272,9.649999618530272,613168,JYOTISTRUC
2017-05-09,9.699999809265137,9.699999809265137,9.399999618530272,9.5,9.5,734542,JYOTISTRUC
2017-05-10,9.550000190734863,10.050000190734863,9.550000190734863,9.699999809265137,9.699999809265137,602128,JYOTISTRUC
2017-05-11,9.75,10.050000190734863,9.75,9.800000190734863,9.800000190734863,521960,JYOTISTRUC
2017-05-12,10.050000190734863,10.050000190734863,9.600000381469728,9.649999618530272,9.649999618530272,327011,JYOTISTRUC
2017-05-15,9.800000190734863,10.0,9.5,9.600000381469728,9.600000381469728,384361,JYOTISTRUC
2017-05-16,9.600000381469728,9.699999809265137,9.0,9.149999618530272,9.149999618530272,1982562,JYOTISTRUC
2017-05-17,9.149999618530272,9.350000381469728,9.149999618530272,9.199999809265137,9.199999809265137,342685,JYOTISTRUC
2017-05-18,8.949999809265137,9.300000190734863,8.949999809265137,9.0,9.0,232170,JYOTISTRUC
2017-05-19,9.149999618530272,9.300000190734863,8.899999618530273,9.0,9.0,332656,JYOTISTRUC
2017-05-22,9.100000381469728,9.199999809265137,8.899999618530273,8.899999618530273,8.899999618530273,217226,JYOTISTRUC
2017-05-23,8.949999809265137,9.0,8.149999618530273,8.5,8.5,430089,JYOTISTRUC
2017-05-24,8.800000190734863,8.800000190734863,8.25,8.449999809265137,8.449999809265137,612320,JYOTISTRUC
2017-05-25,8.449999809265137,8.75,8.350000381469727,8.649999618530273,8.649999618530273,250137,JYOTISTRUC
2017-05-26,8.649999618530273,9.25,8.600000381469727,9.100000381469728,9.100000381469728,409145,JYOTISTRUC
2017-05-29,8.800000190734863,9.199999809265137,8.600000381469727,8.649999618530273,8.649999618530273,196404,JYOTISTRUC
2017-05-30,8.899999618530273,8.899999618530273,8.449999809265137,8.649999618530273,8.649999618530273,220328,JYOTISTRUC
2017-05-31,8.550000190734863,8.899999618530273,8.399999618530273,8.5,8.5,243502,JYOTISTRUC
2017-06-01,8.449999809265137,8.699999809265137,8.449999809265137,8.550000190734863,8.550000190734863,183159,JYOTISTRUC
2017-06-02,8.550000190734863,8.949999809265137,8.550000190734863,8.649999618530273,8.649999618530273,270490,JYOTISTRUC
2017-06-05,8.649999618530273,8.75,8.550000190734863,8.699999809265137,8.699999809265137,99859,JYOTISTRUC
2017-06-06,8.550000190734863,8.649999618530273,8.449999809265137,8.550000190734863,8.550000190734863,169998,JYOTISTRUC
2017-06-07,8.600000381469727,8.649999618530273,8.449999809265137,8.550000190734863,8.550000190734863,138900,JYOTISTRUC
2017-06-08,8.5,8.899999618530273,8.5,8.550000190734863,8.550000190734863,159532,JYOTISTRUC
2017-06-09,8.550000190734863,8.600000381469727,8.350000381469727,8.5,8.5,180923,JYOTISTRUC
2017-06-12,8.449999809265137,8.550000190734863,8.350000381469727,8.449999809265137,8.449999809265137,112307,JYOTISTRUC
2017-06-13,8.5,8.5,8.149999618530273,8.25,8.25,258680,JYOTISTRUC
2017-06-14,8.199999809265137,8.449999809265137,8.149999618530273,8.199999809265137,8.199999809265137,310898,JYOTISTRUC
2017-06-15,8.25,8.350000381469727,8.149999618530273,8.25,8.25,180511,JYOTISTRUC
2017-06-16,7.650000095367432,9.899999618530272,6.849999904632568,9.850000381469728,9.850000381469728,6619236,JYOTISTRUC
2017-06-19,11.100000381469728,11.800000190734863,10.850000381469728,11.800000190734863,11.800000190734863,7818122,JYOTISTRUC
2017-06-20,12.5,12.600000381469728,10.649999618530272,11.5,11.5,5675768,JYOTISTRUC
2017-06-21,11.449999809265137,11.800000190734863,10.949999809265137,11.149999618530272,11.149999618530272,1634077,JYOTISTRUC
2017-06-22,11.100000381469728,12.25,10.649999618530272,11.699999809265137,11.699999809265137,4853264,JYOTISTRUC
2017-06-23,12.0,12.300000190734863,10.899999618530272,11.050000190734863,11.050000190734863,1321341,JYOTISTRUC
2017-06-27,10.949999809265137,11.699999809265137,9.949999809265137,10.100000381469728,10.100000381469728,867254,JYOTISTRUC
2017-06-28,10.050000190734863,10.699999809265137,9.399999618530272,10.300000190734863,10.300000190734863,2211424,JYOTISTRUC
2017-06-29,10.0,10.300000190734863,9.800000190734863,10.100000381469728,10.100000381469728,372513,JYOTISTRUC
2017-06-30,10.199999809265137,10.899999618530272,9.800000190734863,10.149999618530272,10.149999618530272,954984,JYOTISTRUC
2017-07-03,10.25,10.649999618530272,10.25,10.600000381469728,10.600000381469728,644860,JYOTISTRUC
2017-07-04,10.5,11.449999809265137,10.199999809265137,10.75,10.75,3131714,JYOTISTRUC
2017-07-05,10.25,10.5,9.699999809265137,9.699999809265137,9.699999809265137,3154637,JYOTISTRUC
2017-07-06,9.399999618530272,9.949999809265137,9.25,9.300000190734863,9.300000190734863,1122148,JYOTISTRUC
2017-07-07,9.600000381469728,9.850000381469728,9.300000190734863,9.649999618530272,9.649999618530272,788065,JYOTISTRUC
2017-07-10,9.649999618530272,9.649999618530272,9.399999618530272,9.5,9.5,70201,JYOTISTRUC
2017-07-11,9.399999618530272,9.600000381469728,9.149999618530272,9.199999809265137,9.199999809265137,553302,JYOTISTRUC
2017-07-12,9.0,9.149999618530272,8.800000190734863,9.0,9.0,791634,JYOTISTRUC
2017-07-13,9.0,9.100000381469728,8.75,8.800000190734863,8.800000190734863,351464,JYOTISTRUC
2017-07-14,8.800000190734863,9.0,8.649999618530273,8.699999809265137,8.699999809265137,297616,JYOTISTRUC
2017-07-17,8.699999809265137,8.850000381469727,8.550000190734863,8.600000381469727,8.600000381469727,282815,JYOTISTRUC
2017-07-18,8.5,8.800000190734863,8.350000381469727,8.699999809265137,8.699999809265137,474043,JYOTISTRUC
2017-07-19,8.800000190734863,8.800000190734863,8.5,8.550000190734863,8.550000190734863,418276,JYOTISTRUC
2017-07-20,8.5,8.699999809265137,8.399999618530273,8.5,8.5,404440,JYOTISTRUC
2017-07-21,8.399999618530273,8.600000381469727,8.350000381469727,8.399999618530273,8.399999618530273,265081,JYOTISTRUC
2017-07-24,8.600000381469727,8.699999809265137,8.199999809265137,8.550000190734863,8.550000190734863,938383,JYOTISTRUC
2017-07-25,8.5,8.800000190734863,8.399999618530273,8.600000381469727,8.600000381469727,353526,JYOTISTRUC
2017-07-26,8.850000381469727,9.449999809265137,8.600000381469727,9.449999809265137,9.449999809265137,1387377,JYOTISTRUC
2017-07-27,10.149999618530272,10.350000381469728,9.850000381469728,10.350000381469728,10.350000381469728,1063777,JYOTISTRUC
2017-07-28,11.350000381469728,11.350000381469728,11.350000381469728,11.350000381469728,11.350000381469728,1107481,JYOTISTRUC
2017-07-31,11.899999618530272,11.899999618530272,11.899999618530272,11.899999618530272,11.899999618530272,403235,JYOTISTRUC
2017-08-01,12.449999809265137,12.449999809265137,12.449999809265137,12.449999809265137,12.449999809265137,257176,JYOTISTRUC
2017-08-02,13.050000190734863,13.050000190734863,11.850000381469728,11.850000381469728,11.850000381469728,3410876,JYOTISTRUC
2017-08-03,11.300000190734863,11.300000190734863,11.300000190734863,11.300000190734863,11.300000190734863,42492,JYOTISTRUC
2017-08-04,10.75,11.300000190734863,10.75,10.75,10.75,1116288,JYOTISTRUC
2017-08-07,10.5,10.649999618530272,10.25,10.25,10.25,109011,JYOTISTRUC
2017-08-08,9.75,9.75,9.75,9.75,9.75,109148,JYOTISTRUC
2017-08-09,9.300000190734863,9.300000190734863,9.300000190734863,9.300000190734863,9.300000190734863,77185,JYOTISTRUC
2017-08-10,8.850000381469727,8.850000381469727,8.850000381469727,8.850000381469727,8.850000381469727,49254,JYOTISTRUC
2017-08-11,8.449999809265137,8.449999809265137,8.449999809265137,8.449999809265137,8.449999809265137,105033,JYOTISTRUC
2017-08-14,8.050000190734863,8.850000381469727,8.050000190734863,8.850000381469727,8.850000381469727,477266,JYOTISTRUC
2017-08-16,9.25,9.25,9.0,9.25,9.25,277775,JYOTISTRUC
2017-08-17,9.699999809265137,9.699999809265137,9.0,9.699999809265137,9.699999809265137,155989,JYOTISTRUC
2017-08-18,10.0,10.0,9.25,9.300000190734863,9.300000190734863,192245,JYOTISTRUC
2017-08-21,9.0,9.75,9.0,9.699999809265137,9.699999809265137,158179,JYOTISTRUC
2017-08-22,9.800000190734863,10.0,9.25,9.25,9.25,157835,JYOTISTRUC
2017-08-23,9.050000190734863,9.5,8.800000190734863,9.0,9.0,142038,JYOTISTRUC
2017-08-24,9.0,9.300000190734863,9.0,9.149999618530272,9.149999618530272,163084,JYOTISTRUC
2017-08-28,9.600000381469728,9.600000381469728,9.100000381469728,9.399999618530272,9.399999618530272,120366,JYOTISTRUC
2017-08-29,9.399999618530272,9.399999618530272,9.0,9.25,9.25,176832,JYOTISTRUC
2017-08-30,9.25,9.25,8.800000190734863,8.899999618530273,8.899999618530273,237987,JYOTISTRUC
2017-08-31,8.699999809265137,9.149999618530272,8.5,8.699999809265137,8.699999809265137,328659,JYOTISTRUC
2017-09-01,8.800000190734863,9.050000190734863,8.600000381469727,8.800000190734863,8.800000190734863,229821,JYOTISTRUC
2017-09-04,8.399999618530273,9.050000190734863,8.399999618530273,9.0,9.0,290822,JYOTISTRUC
2017-09-05,9.350000381469728,9.449999809265137,8.699999809265137,9.449999809265137,9.449999809265137,353956,JYOTISTRUC
2017-09-06,9.449999809265137,9.899999618530272,9.449999809265137,9.899999618530272,9.899999618530272,256368,JYOTISTRUC
2017-09-07,10.350000381469728,10.350000381469728,10.350000381469728,10.350000381469728,10.350000381469728,241771,JYOTISTRUC
2017-09-08,10.850000381469728,10.850000381469728,10.5,10.800000190734863,10.800000190734863,613237,JYOTISTRUC
2017-09-11,11.300000190734863,11.300000190734863,11.300000190734863,11.300000190734863,11.300000190734863,291521,JYOTISTRUC
2017-09-12,11.850000381469728,11.850000381469728,11.850000381469728,11.850000381469728,11.850000381469728,168038,JYOTISTRUC
2017-09-13,12.399999618530272,12.399999618530272,12.399999618530272,12.399999618530272,12.399999618530272,309704,JYOTISTRUC
2017-09-14,13.0,13.0,11.800000190734863,13.0,13.0,2543752,JYOTISTRUC
2017-09-15,13.300000190734863,13.649999618530272,12.399999618530272,13.449999809265137,13.449999809265137,1043813,JYOTISTRUC
2017-09-18,13.649999618530272,14.100000381469728,13.649999618530272,14.100000381469728,14.100000381469728,479158,JYOTISTRUC
2017-09-19,14.800000190734863,14.800000190734863,14.399999618530272,14.800000190734863,14.800000190734863,1239138,JYOTISTRUC
2017-09-20,15.5,15.5,14.100000381469728,14.100000381469728,14.100000381469728,375650,JYOTISTRUC
2017-09-21,13.399999618530272,13.399999618530272,13.399999618530272,13.399999618530272,13.399999618530272,40909,JYOTISTRUC
2017-09-22,12.75,12.75,12.75,12.75,12.75,60042,JYOTISTRUC
2017-09-25,12.149999618530272,12.149999618530272,12.149999618530272,12.149999618530272,12.149999618530272,49151,JYOTISTRUC
2017-09-26,11.550000190734863,12.699999809265137,11.550000190734863,11.800000190734863,11.800000190734863,907811,JYOTISTRUC
2017-09-27,11.600000381469728,12.199999809265137,11.25,11.25,11.25,330876,JYOTISTRUC
2017-09-28,10.699999809265137,11.350000381469728,10.699999809265137,10.949999809265137,10.949999809265137,560847,JYOTISTRUC
2017-09-29,11.449999809265137,11.449999809265137,10.5,11.0,11.0,363598,JYOTISTRUC
2017-10-03,10.5,11.550000190734863,10.5,10.899999618530272,10.899999618530272,308734,JYOTISTRUC
2017-10-04,10.899999618530272,11.149999618530272,10.600000381469728,10.800000190734863,10.800000190734863,161304,JYOTISTRUC
2017-10-05,10.75,11.300000190734863,10.699999809265137,11.199999809265137,11.199999809265137,429714,JYOTISTRUC
2017-10-06,11.699999809265137,11.75,10.699999809265137,11.75,11.75,211545,JYOTISTRUC
2017-10-09,11.600000381469728,12.25,11.25,11.5,11.5,189918,JYOTISTRUC
2017-10-10,11.899999618530272,11.899999618530272,10.949999809265137,11.0,11.0,658422,JYOTISTRUC
2017-10-11,11.0,11.449999809265137,10.5,10.649999618530272,10.649999618530272,345728,JYOTISTRUC
2017-10-12,10.149999618530272,11.149999618530272,10.149999618530272,10.649999618530272,10.649999618530272,177446,JYOTISTRUC
2017-10-13,10.199999809265137,11.0,10.199999809265137,10.5,10.5,397553,JYOTISTRUC
2017-10-16,10.899999618530272,10.899999618530272,10.25,10.5,10.5,184608,JYOTISTRUC
2017-10-17,10.5,10.600000381469728,10.0,10.449999809265137,10.449999809265137,306307,JYOTISTRUC
2017-10-18,10.399999618530272,10.949999809265137,10.399999618530272,10.75,10.75,748478,JYOTISTRUC
2017-10-19,10.899999618530272,11.25,10.75,11.199999809265137,11.199999809265137,346526,JYOTISTRUC
2017-10-23,11.399999618530272,11.600000381469728,10.649999618530272,11.100000381469728,11.100000381469728,275185,JYOTISTRUC
2017-10-24,11.100000381469728,11.399999618530272,10.75,11.050000190734863,11.050000190734863,265680,JYOTISTRUC
2017-10-25,10.800000190734863,11.600000381469728,10.800000190734863,11.600000381469728,11.600000381469728,491350,JYOTISTRUC
2017-10-26,11.850000381469728,11.850000381469728,11.050000190734863,11.050000190734863,11.050000190734863,719412,JYOTISTRUC
2017-10-27,10.600000381469728,11.0,10.600000381469728,10.800000190734863,10.800000190734863,415377,JYOTISTRUC
2017-10-30,10.5,11.25,10.5,10.649999618530272,10.649999618530272,514273,JYOTISTRUC
2017-10-31,10.550000190734863,11.149999618530272,10.5,10.850000381469728,10.850000381469728,373154,JYOTISTRUC
2017-11-01,10.850000381469728,11.149999618530272,10.550000190734863,10.649999618530272,10.649999618530272,202665,JYOTISTRUC
2017-11-02,10.550000190734863,10.850000381469728,10.149999618530272,10.5,10.5,350824,JYOTISTRUC
2017-11-03,10.800000190734863,11.0,10.0,10.050000190734863,10.050000190734863,1247591,JYOTISTRUC
2017-11-06,10.199999809265137,10.5,9.550000190734863,9.649999618530272,9.649999618530272,914031,JYOTISTRUC
2017-11-07,9.5,9.850000381469728,9.199999809265137,9.199999809265137,9.199999809265137,558027,JYOTISTRUC
2017-11-08,9.199999809265137,9.649999618530272,8.75,9.0,9.0,737429,JYOTISTRUC
2017-11-09,9.199999809265137,9.350000381469728,8.899999618530273,9.300000190734863,9.300000190734863,171382,JYOTISTRUC
2017-11-10,9.149999618530272,9.75,9.149999618530272,9.75,9.75,273849,JYOTISTRUC
2017-11-13,10.199999809265137,10.199999809265137,9.800000190734863,10.199999809265137,10.199999809265137,955558,JYOTISTRUC
2017-11-14,9.949999809265137,10.699999809265137,9.699999809265137,10.699999809265137,10.699999809265137,1673929,JYOTISTRUC
2017-11-15,11.149999618530272,11.199999809265137,10.199999809265137,10.199999809265137,10.199999809265137,2436518,JYOTISTRUC
2017-11-16,10.600000381469728,10.600000381469728,10.100000381469728,10.25,10.25,373478,JYOTISTRUC
2017-11-17,10.449999809265137,10.5,10.25,10.350000381469728,10.350000381469728,163367,JYOTISTRUC
2017-11-20,10.050000190734863,10.699999809265137,10.050000190734863,10.199999809265137,10.199999809265137,194700,JYOTISTRUC
2017-11-21,10.149999618530272,10.5,10.100000381469728,10.350000381469728,10.350000381469728,279195,JYOTISTRUC
2017-11-22,10.050000190734863,10.800000190734863,10.050000190734863,10.300000190734863,10.300000190734863,214424,JYOTISTRUC
2017-11-23,10.449999809265137,10.5,9.850000381469728,10.050000190734863,10.050000190734863,804207,JYOTISTRUC
2017-11-24,9.899999618530272,10.25,9.800000190734863,10.100000381469728,10.100000381469728,845833,JYOTISTRUC
2017-11-27,10.350000381469728,10.600000381469728,10.149999618530272,10.600000381469728,10.600000381469728,432563,JYOTISTRUC
2017-11-28,11.050000190734863,11.100000381469728,10.100000381469728,10.25,10.25,1673358,JYOTISTRUC
2017-11-29,10.25,10.600000381469728,10.25,10.399999618530272,10.399999618530272,180289,JYOTISTRUC
2017-11-30,10.399999618530272,10.649999618530272,10.149999618530272,10.350000381469728,10.350000381469728,297826,JYOTISTRUC
2017-12-01,10.350000381469728,10.5,9.949999809265137,10.100000381469728,10.100000381469728,254510,JYOTISTRUC
2017-12-04,10.0,10.149999618530272,9.600000381469728,9.649999618530272,9.649999618530272,506998,JYOTISTRUC
2017-12-05,9.699999809265137,9.899999618530272,9.199999809265137,9.300000190734863,9.300000190734863,953365,JYOTISTRUC
2017-12-06,9.25,9.75,9.149999618530272,9.699999809265137,9.699999809265137,266382,JYOTISTRUC
2017-12-07,9.949999809265137,10.300000190734863,9.25,9.5,9.5,391697,JYOTISTRUC
2017-12-08,9.5,9.850000381469728,9.5,9.649999618530272,9.649999618530272,298896,JYOTISTRUC
2017-12-11,9.699999809265137,9.850000381469728,9.149999618530272,9.199999809265137,9.199999809265137,1247457,JYOTISTRUC
2017-12-12,9.25,9.399999618530272,9.050000190734863,9.350000381469728,9.350000381469728,327017,JYOTISTRUC
2017-12-13,9.449999809265137,9.449999809265137,9.149999618530272,9.25,9.25,328041,JYOTISTRUC
2017-12-14,9.300000190734863,9.350000381469728,9.149999618530272,9.25,9.25,156846,JYOTISTRUC
2017-12-15,9.399999618530272,10.149999618530272,9.300000190734863,10.149999618530272,10.149999618530272,1575104,JYOTISTRUC
2017-12-18,10.5,11.149999618530272,9.300000190734863,11.149999618530272,11.149999618530272,1833809,JYOTISTRUC
2017-12-19,12.25,12.25,11.300000190734863,11.600000381469728,11.600000381469728,2983454,JYOTISTRUC
2017-12-20,12.199999809265137,12.199999809265137,11.449999809265137,11.600000381469728,11.600000381469728,1266617,JYOTISTRUC
2017-12-21,11.600000381469728,11.75,10.649999618530272,10.949999809265137,10.949999809265137,1770684,JYOTISTRUC
2017-12-22,11.0,11.100000381469728,10.600000381469728,10.699999809265137,10.699999809265137,483138,JYOTISTRUC
2017-12-26,10.5,11.199999809265137,10.5,10.899999618530272,10.899999618530272,463812,JYOTISTRUC
2017-12-27,11.100000381469728,11.100000381469728,10.550000190734863,10.649999618530272,10.649999618530272,445567,JYOTISTRUC
2017-12-28,10.800000190734863,11.699999809265137,10.550000190734863,11.699999809265137,11.699999809265137,2203516,JYOTISTRUC
2017-12-29,12.350000381469728,12.850000381469728,12.350000381469728,12.850000381469728,12.850000381469728,790464,JYOTISTRUC
2018-01-01,13.600000381469728,14.100000381469728,12.050000190734863,13.949999809265137,13.949999809265137,4369320,JYOTISTRUC
2018-01-02,14.25,14.600000381469728,13.550000190734863,14.050000190734863,14.050000190734863,2762096,JYOTISTRUC
2018-01-03,14.350000381469728,14.75,13.800000190734863,14.300000190734863,14.300000190734863,3058391,JYOTISTRUC
2018-01-04,14.699999809265137,14.699999809265137,13.600000381469728,13.600000381469728,13.600000381469728,1872556,JYOTISTRUC
2018-01-05,13.100000381469728,14.149999618530272,13.100000381469728,13.399999618530272,13.399999618530272,1081431,JYOTISTRUC
2018-01-08,13.399999618530272,13.850000381469728,12.75,12.850000381469728,12.850000381469728,1891901,JYOTISTRUC
2018-01-09,13.100000381469728,13.449999809265137,12.800000190734863,13.449999809265137,13.449999809265137,1487088,JYOTISTRUC
2018-01-10,13.949999809265137,14.100000381469728,13.399999618530272,14.100000381469728,14.100000381469728,2446678,JYOTISTRUC
2018-01-11,13.949999809265137,14.800000190734863,13.699999809265137,14.800000190734863,14.800000190734863,4004526,JYOTISTRUC
2018-01-12,15.300000190734863,15.5,14.149999618530272,14.550000190734863,14.550000190734863,3510993,JYOTISTRUC
2018-01-15,14.699999809265137,15.100000381469728,13.899999618530272,14.0,14.0,2109788,JYOTISTRUC
2018-01-16,14.050000190734863,14.199999809265137,13.300000190734863,13.300000190734863,13.300000190734863,826590,JYOTISTRUC
2018-01-17,12.75,13.5,12.649999618530272,13.25,13.25,2630867,JYOTISTRUC
2018-01-18,13.25,13.399999618530272,12.600000381469728,12.600000381469728,12.600000381469728,901356,JYOTISTRUC
2018-01-19,12.0,12.0,12.0,12.0,12.0,254656,JYOTISTRUC
2018-01-22,12.350000381469728,12.600000381469728,12.0,12.600000381469728,12.600000381469728,1069887,JYOTISTRUC
2018-01-23,13.199999809265137,13.199999809265137,12.0,12.149999618530272,12.149999618530272,1785669,JYOTISTRUC
2018-01-24,12.199999809265137,12.550000190734863,11.550000190734863,11.550000190734863,11.550000190734863,911947,JYOTISTRUC
2018-01-25,11.800000190734863,11.850000381469728,11.149999618530272,11.550000190734863,11.550000190734863,377590,JYOTISTRUC
2018-01-29,11.550000190734863,11.949999809265137,11.0,11.050000190734863,11.050000190734863,666901,JYOTISTRUC
2018-01-30,11.050000190734863,11.25,10.5,10.699999809265137,10.699999809265137,1326092,JYOTISTRUC
2018-01-31,10.699999809265137,11.0,10.550000190734863,10.800000190734863,10.800000190734863,416467,JYOTISTRUC
2018-02-01,10.649999618530272,11.0,10.350000381469728,10.550000190734863,10.550000190734863,689387,JYOTISTRUC
2018-02-02,10.300000190734863,10.550000190734863,10.050000190734863,10.050000190734863,10.050000190734863,1062665,JYOTISTRUC
2018-02-05,10.050000190734863,10.350000381469728,9.649999618530272,10.050000190734863,10.050000190734863,401267,JYOTISTRUC
2018-02-06,9.699999809265137,10.550000190734863,9.550000190734863,10.5,10.5,821151,JYOTISTRUC
2018-02-07,10.800000190734863,11.0,10.350000381469728,10.949999809265137,10.949999809265137,474171,JYOTISTRUC
2018-02-08,11.300000190734863,11.300000190734863,10.449999809265137,10.5,10.5,1471955,JYOTISTRUC
2018-02-09,10.149999618530272,10.699999809265137,10.100000381469728,10.600000381469728,10.600000381469728,294695,JYOTISTRUC
2018-02-12,10.600000381469728,11.0,10.550000190734863,10.899999618530272,10.899999618530272,582547,JYOTISTRUC
2018-02-14,10.600000381469728,11.199999809265137,10.5,10.600000381469728,10.600000381469728,254851,JYOTISTRUC
2018-02-15,10.5,10.550000190734863,10.149999618530272,10.199999809265137,10.199999809265137,255631,JYOTISTRUC
2018-02-16,10.100000381469728,10.5,9.800000190734863,10.25,10.25,513910,JYOTISTRUC
2018-02-19,9.899999618530272,10.75,9.899999618530272,10.600000381469728,10.600000381469728,482835,JYOTISTRUC
2018-02-20,10.649999618530272,10.949999809265137,10.300000190734863,10.350000381469728,10.350000381469728,246681,JYOTISTRUC
2018-02-21,10.350000381469728,10.449999809265137,10.0,10.100000381469728,10.100000381469728,272393,JYOTISTRUC
2018-02-22,10.100000381469728,10.100000381469728,9.699999809265137,9.899999618530272,9.899999618530272,259200,JYOTISTRUC
2018-02-23,9.75,10.350000381469728,9.75,10.25,10.25,223068,JYOTISTRUC
2018-02-26,10.199999809265137,10.75,10.0,10.75,10.75,805653,JYOTISTRUC
2018-02-27,10.850000381469728,10.949999809265137,10.399999618530272,10.449999809265137,10.449999809265137,401000,JYOTISTRUC
2018-02-28,10.25,10.550000190734863,10.149999618530272,10.5,10.5,127711,JYOTISTRUC
2018-03-01,10.5,10.5,10.199999809265137,10.25,10.25,80088,JYOTISTRUC
2018-03-05,10.300000190734863,10.300000190734863,9.800000190734863,9.899999618530272,9.899999618530272,331967,JYOTISTRUC
2018-03-06,10.0,10.199999809265137,9.699999809265137,9.800000190734863,9.800000190734863,207724,JYOTISTRUC
2018-03-07,9.75,10.0,9.399999618530272,9.449999809265137,9.449999809265137,330312,JYOTISTRUC
2018-03-08,9.800000190734863,9.800000190734863,9.25,9.399999618530272,9.399999618530272,295876,JYOTISTRUC
2018-03-09,9.850000381469728,9.850000381469728,9.25,9.300000190734863,9.300000190734863,178579,JYOTISTRUC
2018-03-12,9.350000381469728,9.5,8.899999618530273,9.0,9.0,301339,JYOTISTRUC
2018-03-13,9.0,9.300000190734863,8.850000381469727,9.0,9.0,403777,JYOTISTRUC
2018-03-14,9.0,9.25,9.0,9.050000190734863,9.050000190734863,119140,JYOTISTRUC
2018-03-15,9.100000381469728,9.5,9.050000190734863,9.5,9.5,295943,JYOTISTRUC
2018-03-16,9.550000190734863,9.899999618530272,9.199999809265137,9.300000190734863,9.300000190734863,283973,JYOTISTRUC
2018-03-19,9.550000190734863,9.550000190734863,8.899999618530273,9.0,9.0,219124,JYOTISTRUC
2018-03-20,9.050000190734863,9.100000381469728,8.75,8.949999809265137,8.949999809265137,126364,JYOTISTRUC
2018-03-21,9.0,9.300000190734863,8.899999618530273,8.949999809265137,8.949999809265137,236132,JYOTISTRUC
2018-03-22,8.800000190734863,9.050000190734863,8.699999809265137,8.899999618530273,8.899999618530273,175352,JYOTISTRUC
2018-03-23,8.550000190734863,8.800000190734863,8.5,8.5,8.5,418358,JYOTISTRUC
2018-03-26,8.75,8.75,8.100000381469727,8.149999618530273,8.149999618530273,589666,JYOTISTRUC
2018-03-27,8.25,8.550000190734863,8.149999618530273,8.300000190734863,8.300000190734863,596613,JYOTISTRUC
2018-03-28,8.399999618530273,8.399999618530273,7.900000095367432,7.900000095367432,7.900000095367432,1178148,JYOTISTRUC
2018-04-02,7.550000190734863,7.550000190734863,7.550000190734863,7.550000190734863,7.550000190734863,12779,JYOTISTRUC
2018-04-03,7.550000190734863,7.550000190734863,7.550000190734863,7.550000190734863,7.550000190734863,6184,JYOTISTRUC
2018-04-04,7.199999809265137,7.199999809265137,7.199999809265137,7.199999809265137,7.199999809265137,18187,JYOTISTRUC
2018-04-05,6.849999904632568,6.849999904632568,6.849999904632568,6.849999904632568,6.849999904632568,33879,JYOTISTRUC
2018-04-06,6.550000190734863,6.550000190734863,6.550000190734863,6.550000190734863,6.550000190734863,47609,JYOTISTRUC
2018-04-09,6.25,6.849999904632568,6.25,6.849999904632568,6.849999904632568,640572,JYOTISTRUC
2018-04-10,7.150000095367432,7.150000095367432,7.150000095367432,7.150000095367432,7.150000095367432,336843,JYOTISTRUC
2018-04-11,7.5,7.5,7.5,7.5,7.5,52499,JYOTISTRUC
2018-04-12,7.849999904632568,7.849999904632568,7.300000190734863,7.849999904632568,7.849999904632568,1111676,JYOTISTRUC
2018-04-13,8.199999809265137,8.199999809265137,8.199999809265137,8.199999809265137,8.199999809265137,141633,JYOTISTRUC
2018-04-16,8.600000381469727,8.600000381469727,8.100000381469727,8.350000381469727,8.350000381469727,463880,JYOTISTRUC
2018-04-17,8.149999618530273,8.149999618530273,7.949999809265137,7.949999809265137,7.949999809265137,94343,JYOTISTRUC
2018-04-18,7.599999904632568,7.599999904632568,7.599999904632568,7.599999904632568,7.599999904632568,72303,JYOTISTRUC
2018-04-19,7.25,7.25,7.25,7.25,7.25,8543,JYOTISTRUC
2018-04-20,6.900000095367432,6.900000095367432,6.900000095367432,6.900000095367432,6.900000095367432,79885,JYOTISTRUC
2018-04-23,6.599999904632568,6.599999904632568,6.599999904632568,6.599999904632568,6.599999904632568,19417,JYOTISTRUC
2018-04-24,6.300000190734863,6.900000095367432,6.300000190734863,6.300000190734863,6.300000190734863,95217,JYOTISTRUC
2018-04-25,6.0,6.0,6.0,6.0,6.0,32199,JYOTISTRUC
2018-04-26,5.699999809265137,5.699999809265137,5.699999809265137,5.699999809265137,5.699999809265137,18892,JYOTISTRUC
2018-04-27,5.449999809265137,5.449999809265137,5.449999809265137,5.449999809265137,5.449999809265137,62366,JYOTISTRUC
2018-04-30,5.699999809265137,5.699999809265137,5.199999809265137,5.199999809265137,5.199999809265137,262982,JYOTISTRUC
2018-05-02,5.349999904632568,5.449999809265137,4.949999809265137,5.449999809265137,5.449999809265137,145389,JYOTISTRUC
2018-05-03,5.699999809265137,5.699999809265137,5.199999809265137,5.300000190734863,5.300000190734863,210106,JYOTISTRUC
2018-05-04,5.050000190734863,5.550000190734863,5.050000190734863,5.550000190734863,5.550000190734863,219719,JYOTISTRUC
2018-05-07,5.550000190734863,5.800000190734863,5.349999904632568,5.800000190734863,5.800000190734863,145282,JYOTISTRUC
2018-05-08,5.650000095367432,5.900000095367432,5.550000190734863,5.550000190734863,5.550000190734863,70212,JYOTISTRUC
2018-05-09,5.699999809265137,5.699999809265137,5.300000190734863,5.300000190734863,5.300000190734863,15010,JYOTISTRUC
2018-05-10,5.050000190734863,5.199999809265137,5.050000190734863,5.099999904632568,5.099999904632568,122240,JYOTISTRUC
2018-05-11,4.849999904632568,4.849999904632568,4.849999904632568,4.849999904632568,4.849999904632568,32082,JYOTISTRUC
2018-05-14,4.650000095367432,4.650000095367432,4.650000095367432,4.650000095367432,4.650000095367432,25793,JYOTISTRUC
2018-05-15,4.5,4.5,4.449999809265137,4.449999809265137,4.449999809265137,16621,JYOTISTRUC
2018-05-16,4.25,4.25,4.25,4.25,4.25,33518,JYOTISTRUC
2018-05-17,4.050000190734863,4.199999809265137,4.050000190734863,4.050000190734863,4.050000190734863,94720,JYOTISTRUC
2018-05-18,3.849999904632568,4.25,3.849999904632568,4.099999904632568,4.099999904632568,136946,JYOTISTRUC
2018-05-21,4.099999904632568,4.300000190734863,4.099999904632568,4.25,4.25,31920,JYOTISTRUC
2018-05-22,4.150000095367432,4.449999809265137,4.150000095367432,4.449999809265137,4.449999809265137,21260,JYOTISTRUC
2018-05-23,4.650000095367432,4.650000095367432,4.25,4.25,4.25,89252,JYOTISTRUC
2018-05-24,4.099999904632568,4.400000095367432,4.099999904632568,4.150000095367432,4.150000095367432,37010,JYOTISTRUC
2018-05-25,4.300000190734863,4.349999904632568,4.050000190734863,4.300000190734863,4.300000190734863,60115,JYOTISTRUC
2018-05-28,4.449999809265137,4.5,4.150000095367432,4.300000190734863,4.300000190734863,30104,JYOTISTRUC
2018-05-29,4.300000190734863,4.400000095367432,4.150000095367432,4.150000095367432,4.150000095367432,25270,JYOTISTRUC
2018-05-30,4.099999904632568,4.300000190734863,4.050000190734863,4.099999904632568,4.099999904632568,31548,JYOTISTRUC
2018-05-31,4.0,4.300000190734863,3.950000047683716,4.099999904632568,4.099999904632568,31089,JYOTISTRUC
2018-06-01,3.900000095367432,4.150000095367432,3.900000095367432,3.950000047683716,3.950000047683716,99380,JYOTISTRUC
2018-06-04,3.849999904632568,4.099999904632568,3.799999952316284,3.799999952316284,3.799999952316284,49855,JYOTISTRUC
2018-06-05,3.650000095367432,3.950000047683716,3.650000095367432,3.650000095367432,3.650000095367432,36811,JYOTISTRUC
2018-06-06,3.549999952316284,3.650000095367432,3.5,3.549999952316284,3.549999952316284,52760,JYOTISTRUC
2018-06-07,3.549999952316284,3.700000047683716,3.400000095367432,3.700000047683716,3.700000047683716,65457,JYOTISTRUC
2018-06-08,3.5999999046325684,3.799999952316284,3.549999952316284,3.5999999046325684,3.5999999046325684,73806,JYOTISTRUC
2018-06-11,3.650000095367432,3.75,3.450000047683716,3.450000047683716,3.450000047683716,55885,JYOTISTRUC
2018-06-12,3.5999999046325684,3.5999999046325684,3.3499999046325684,3.450000047683716,3.450000047683716,54195,JYOTISTRUC
2018-06-13,3.450000047683716,3.5999999046325684,3.299999952316284,3.549999952316284,3.549999952316284,37938,JYOTISTRUC
2018-06-14,3.650000095367432,3.700000047683716,3.450000047683716,3.700000047683716,3.700000047683716,47988,JYOTISTRUC
2018-06-15,3.849999904632568,3.849999904632568,3.700000047683716,3.849999904632568,3.849999904632568,29268,JYOTISTRUC
2018-06-18,3.900000095367432,4.0,3.799999952316284,4.0,4.0,145251,JYOTISTRUC
2018-06-19,4.099999904632568,4.199999809265137,3.950000047683716,4.199999809265137,4.199999809265137,71242,JYOTISTRUC
2018-06-20,4.400000095367432,4.400000095367432,4.099999904632568,4.199999809265137,4.199999809265137,94809,JYOTISTRUC
2018-06-21,4.199999809265137,4.25,4.0,4.0,4.0,90234,JYOTISTRUC
2018-06-22,3.799999952316284,3.799999952316284,3.799999952316284,3.799999952316284,3.799999952316284,13851,JYOTISTRUC
2018-06-25,3.75,3.75,3.650000095367432,3.650000095367432,3.650000095367432,52192,JYOTISTRUC
2018-06-26,3.75,3.75,3.5,3.5,3.5,24559,JYOTISTRUC
2018-06-27,3.3499999046325684,3.3499999046325684,3.3499999046325684,3.3499999046325684,3.3499999046325684,20520,JYOTISTRUC
2018-06-28,3.200000047683716,3.5,3.200000047683716,3.25,3.25,75678,JYOTISTRUC
2018-06-29,3.200000047683716,3.400000095367432,3.150000095367432,3.400000095367432,3.400000095367432,32388,JYOTISTRUC
2018-07-02,3.400000095367432,3.549999952316284,3.25,3.299999952316284,3.299999952316284,25816,JYOTISTRUC
2018-07-03,3.200000047683716,3.450000047683716,3.150000095367432,3.150000095367432,3.150000095367432,45239,JYOTISTRUC
2018-07-04,3.049999952316284,3.299999952316284,3.0,3.049999952316284,3.049999952316284,58523,JYOTISTRUC
2018-07-05,2.900000095367432,3.200000047683716,2.900000095367432,3.150000095367432,3.150000095367432,57937,JYOTISTRUC
2018-07-06,3.150000095367432,3.299999952316284,3.049999952316284,3.150000095367432,3.150000095367432,11853,JYOTISTRUC
2018-07-09,3.200000047683716,3.299999952316284,3.150000095367432,3.299999952316284,3.299999952316284,46679,JYOTISTRUC
2018-07-10,3.25,3.450000047683716,3.25,3.450000047683716,3.450000047683716,21677,JYOTISTRUC
2018-07-11,3.5999999046325684,3.5999999046325684,3.299999952316284,3.3499999046325684,3.3499999046325684,70317,JYOTISTRUC
2018-07-12,3.5,3.5,3.400000095367432,3.5,3.5,35497,JYOTISTRUC
2018-07-13,3.400000095367432,3.650000095367432,3.3499999046325684,3.650000095367432,3.650000095367432,42980,JYOTISTRUC
2018-07-16,3.799999952316284,3.799999952316284,3.5,3.700000047683716,3.700000047683716,93578,JYOTISTRUC
2018-07-17,3.799999952316284,3.799999952316284,3.549999952316284,3.549999952316284,3.549999952316284,55366,JYOTISTRUC
2018-07-18,3.5999999046325684,3.5999999046325684,3.400000095367432,3.400000095367432,3.400000095367432,4213,JYOTISTRUC
2018-07-19,3.299999952316284,3.549999952316284,3.25,3.400000095367432,3.400000095367432,66551,JYOTISTRUC
2018-07-20,3.549999952316284,3.549999952316284,3.3499999046325684,3.5,3.5,36279,JYOTISTRUC
2018-07-23,3.400000095367432,3.650000095367432,3.3499999046325684,3.400000095367432,3.400000095367432,36340,JYOTISTRUC
2018-07-24,3.400000095367432,3.549999952316284,3.400000095367432,3.549999952316284,3.549999952316284,21495,JYOTISTRUC
2018-07-25,3.700000047683716,3.700000047683716,3.400000095367432,3.400000095367432,3.400000095367432,106880,JYOTISTRUC
2018-07-26,3.25,3.25,3.25,3.25,3.25,15950,JYOTISTRUC
2018-07-27,3.0999999046325684,3.0999999046325684,3.0999999046325684,3.0999999046325684,3.0999999046325684,19825,JYOTISTRUC
2018-07-30,2.950000047683716,2.950000047683716,2.950000047683716,2.950000047683716,2.950000047683716,34391,JYOTISTRUC
2018-07-31,2.8499999046325684,2.8499999046325684,2.8499999046325684,2.8499999046325684,2.8499999046325684,65240,JYOTISTRUC
2018-08-01,2.75,2.75,2.75,2.75,2.75,77697,JYOTISTRUC
2018-08-02,2.650000095367432,2.650000095367432,2.650000095367432,2.650000095367432,2.650000095367432,13059,JYOTISTRUC
2018-08-03,2.549999952316284,2.549999952316284,2.549999952316284,2.549999952316284,2.549999952316284,19150,JYOTISTRUC
2018-08-06,2.450000047683716,2.450000047683716,2.450000047683716,2.450000047683716,2.450000047683716,25562,JYOTISTRUC
2018-08-07,2.3499999046325684,2.3499999046325684,2.3499999046325684,2.3499999046325684,2.3499999046325684,41423,JYOTISTRUC
2018-08-08,2.25,2.25,2.25,2.25,2.25,19498,JYOTISTRUC
2018-08-09,2.150000095367432,2.3499999046325684,2.150000095367432,2.3499999046325684,2.3499999046325684,73728,JYOTISTRUC
2018-08-10,2.450000047683716,2.450000047683716,2.450000047683716,2.450000047683716,2.450000047683716,56669,JYOTISTRUC
2018-08-13,2.549999952316284,2.549999952316284,2.450000047683716,2.549999952316284,2.549999952316284,347813,JYOTISTRUC
2018-08-14,2.650000095367432,2.650000095367432,2.650000095367432,2.650000095367432,2.650000095367432,105504,JYOTISTRUC
2018-08-16,2.75,2.75,2.650000095367432,2.75,2.75,53487,JYOTISTRUC
2018-08-17,2.8499999046325684,2.8499999046325684,2.8499999046325684,2.8499999046325684,2.8499999046325684,28370,JYOTISTRUC
2018-08-20,2.950000047683716,2.950000047683716,2.950000047683716,2.950000047683716,2.950000047683716,79233,JYOTISTRUC
2018-08-21,3.049999952316284,3.049999952316284,3.049999952316284,3.049999952316284,3.049999952316284,11913,JYOTISTRUC
2018-08-23,3.200000047683716,3.200000047683716,3.200000047683716,3.200000047683716,3.200000047683716,11804,JYOTISTRUC
2018-08-24,3.3499999046325684,3.3499999046325684,3.3499999046325684,3.3499999046325684,3.3499999046325684,35929,JYOTISTRUC
2018-08-27,3.5,3.5,3.5,3.5,3.5,18899,JYOTISTRUC
2018-08-28,3.650000095367432,3.650000095367432,3.650000095367432,3.650000095367432,3.650000095367432,24359,JYOTISTRUC
2018-08-29,3.799999952316284,3.799999952316284,3.799999952316284,3.799999952316284,3.799999952316284,14666,JYOTISTRUC
2018-08-30,3.950000047683716,3.950000047683716,3.650000095367432,3.75,3.75,261542,JYOTISTRUC
2018-08-31,3.650000095367432,3.849999904632568,3.650000095367432,3.75,3.75,53566,JYOTISTRUC
2018-09-03,3.650000095367432,3.650000095367432,3.5999999046325684,3.5999999046325684,3.5999999046325684,16805,JYOTISTRUC
2018-09-04,3.5999999046325684,3.5999999046325684,3.450000047683716,3.450000047683716,3.450000047683716,2884,JYOTISTRUC
2018-09-05,3.450000047683716,3.450000047683716,3.299999952316284,3.299999952316284,3.299999952316284,2011,JYOTISTRUC
2018-09-06,3.150000095367432,3.150000095367432,3.150000095367432,3.150000095367432,3.150000095367432,15870,JYOTISTRUC
2018-09-07,3.0,3.200000047683716,3.0,3.0,3.0,35557,JYOTISTRUC
2018-09-10,3.0,3.150000095367432,2.950000047683716,3.049999952316284,3.049999952316284,30733,JYOTISTRUC
2018-09-11,3.0,3.0999999046325684,2.950000047683716,3.049999952316284,3.049999952316284,14881,JYOTISTRUC
2018-09-12,3.0,3.0999999046325684,2.900000095367432,3.049999952316284,3.049999952316284,25434,JYOTISTRUC
2018-09-14,2.950000047683716,3.0999999046325684,2.950000047683716,3.0,3.0,9352,JYOTISTRUC
2018-09-17,3.0,3.0,2.900000095367432,2.950000047683716,2.950000047683716,13632,JYOTISTRUC
2018-09-18,2.900000095367432,3.049999952316284,2.900000095367432,2.950000047683716,2.950000047683716,28893,JYOTISTRUC
2018-09-19,3.0,3.0,2.8499999046325684,2.8499999046325684,2.8499999046325684,15167,JYOTISTRUC
2018-09-21,2.75,2.950000047683716,2.75,2.799999952316284,2.799999952316284,13391,JYOTISTRUC
2018-09-24,2.900000095367432,2.900000095367432,2.700000047683716,2.700000047683716,2.700000047683716,13558,JYOTISTRUC
2018-09-25,2.5999999046325684,2.650000095367432,2.5999999046325684,2.5999999046325684,2.5999999046325684,22320,JYOTISTRUC
2018-09-26,2.5,2.650000095367432,2.5,2.5,2.5,36888,JYOTISTRUC
2018-09-27,2.400000095367432,2.400000095367432,2.400000095367432,2.400000095367432,2.400000095367432,1305,JYOTISTRUC
2018-09-28,2.299999952316284,2.299999952316284,2.299999952316284,2.299999952316284,2.299999952316284,9030,JYOTISTRUC
2018-10-01,2.299999952316284,2.3499999046325684,2.200000047683716,2.200000047683716,2.200000047683716,7108,JYOTISTRUC
2018-10-03,2.200000047683716,2.299999952316284,2.0999999046325684,2.299999952316284,2.299999952316284,42412,JYOTISTRUC
2018-10-04,2.299999952316284,2.400000095367432,2.200000047683716,2.200000047683716,2.200000047683716,119715,JYOTISTRUC
2018-10-05,2.299999952316284,2.299999952316284,2.0999999046325684,2.299999952316284,2.299999952316284,105985,JYOTISTRUC
2018-10-08,2.200000047683716,2.400000095367432,2.200000047683716,2.400000095367432,2.400000095367432,67839,JYOTISTRUC
2018-10-09,2.299999952316284,2.450000047683716,2.299999952316284,2.299999952316284,2.299999952316284,6239,JYOTISTRUC
2018-10-10,2.299999952316284,2.400000095367432,2.200000047683716,2.200000047683716,2.200000047683716,11108,JYOTISTRUC
2018-10-11,2.0999999046325684,2.0999999046325684,2.0999999046325684,2.0999999046325684,2.0999999046325684,57925,JYOTISTRUC
2018-10-12,2.0,2.200000047683716,2.0,2.200000047683716,2.200000047683716,102908,JYOTISTRUC
2018-10-15,2.0999999046325684,2.299999952316284,2.0999999046325684,2.150000095367432,2.150000095367432,17164,JYOTISTRUC
2018-10-16,2.25,2.25,2.150000095367432,2.150000095367432,2.150000095367432,12644,JYOTISTRUC
2018-10-17,2.200000047683716,2.25,2.049999952316284,2.25,2.25,48706,JYOTISTRUC
2018-10-19,2.25,2.25,2.150000095367432,2.25,2.25,13658,JYOTISTRUC
2018-10-22,2.25,2.3499999046325684,2.150000095367432,2.150000095367432,2.150000095367432,20425,JYOTISTRUC
2018-10-23,2.049999952316284,2.200000047683716,2.049999952316284,2.049999952316284,2.049999952316284,34577,JYOTISTRUC
2018-10-24,2.0999999046325684,2.0999999046325684,1.950000047683716,1.950000047683716,1.950000047683716,25054,JYOTISTRUC
2018-10-25,1.950000047683716,1.950000047683716,1.899999976158142,1.899999976158142,1.899999976158142,8267,JYOTISTRUC
2018-10-26,1.850000023841858,1.899999976158142,1.850000023841858,1.850000023841858,1.850000023841858,18806,JYOTISTRUC
2018-10-29,1.7999999523162842,1.899999976158142,1.7999999523162842,1.899999976158142,1.899999976158142,66529,JYOTISTRUC
2018-10-30,1.950000047683716,1.950000047683716,1.899999976158142,1.899999976158142,1.899999976158142,12116,JYOTISTRUC
2018-10-31,1.950000047683716,1.950000047683716,1.950000047683716,1.950000047683716,1.950000047683716,2799,JYOTISTRUC
2018-11-01,2.0,2.0,2.0,2.0,2.0,13749,JYOTISTRUC
2018-11-02,2.0999999046325684,2.0999999046325684,2.0999999046325684,2.0999999046325684,2.0999999046325684,18676,JYOTISTRUC
2018-11-05,2.0999999046325684,2.200000047683716,2.0999999046325684,2.200000047683716,2.200000047683716,8800,JYOTISTRUC
2018-11-06,2.299999952316284,2.299999952316284,2.200000047683716,2.25,2.25,46676,JYOTISTRUC
2018-11-07,2.299999952316284,2.3499999046325684,2.150000095367432,2.25,2.25,46432,JYOTISTRUC
2018-11-09,2.3499999046325684,2.3499999046325684,2.150000095367432,2.3499999046325684,2.3499999046325684,24920,JYOTISTRUC
2018-11-12,2.400000095367432,2.450000047683716,2.400000095367432,2.450000047683716,2.450000047683716,45394,JYOTISTRUC
2018-11-13,2.3499999046325684,2.450000047683716,2.3499999046325684,2.3499999046325684,2.3499999046325684,41133,JYOTISTRUC
2018-11-14,2.3499999046325684,2.3499999046325684,2.25,2.299999952316284,2.299999952316284,33587,JYOTISTRUC
2018-11-15,2.299999952316284,2.400000095367432,2.200000047683716,2.3499999046325684,2.3499999046325684,21460,JYOTISTRUC
2018-11-16,2.25,2.400000095367432,2.25,2.400000095367432,2.400000095367432,32633,JYOTISTRUC
2018-11-19,2.5,2.5,2.299999952316284,2.400000095367432,2.400000095367432,35752,JYOTISTRUC
2018-11-20,2.450000047683716,2.450000047683716,2.299999952316284,2.400000095367432,2.400000095367432,19157,JYOTISTRUC
2018-11-21,2.299999952316284,2.450000047683716,2.299999952316284,2.299999952316284,2.299999952316284,17174,JYOTISTRUC
2018-11-22,2.400000095367432,2.400000095367432,2.25,2.299999952316284,2.299999952316284,13301,JYOTISTRUC
2018-11-26,2.200000047683716,2.400000095367432,2.200000047683716,2.400000095367432,2.400000095367432,26347,JYOTISTRUC
2018-11-27,2.450000047683716,2.5,2.450000047683716,2.5,2.5,19920,JYOTISTRUC
2018-11-28,2.400000095367432,2.5999999046325684,2.400000095367432,2.5999999046325684,2.5999999046325684,56939,JYOTISTRUC
2018-11-29,2.700000047683716,2.700000047683716,2.700000047683716,2.700000047683716,2.700000047683716,31911,JYOTISTRUC
2018-11-30,2.5999999046325684,2.700000047683716,2.5999999046325684,2.5999999046325684,2.5999999046325684,12702,JYOTISTRUC
2018-12-03,2.5999999046325684,2.700000047683716,2.5,2.5,2.5,10722,JYOTISTRUC
2018-12-04,2.5,2.5999999046325684,2.400000095367432,2.450000047683716,2.450000047683716,34134,JYOTISTRUC
2018-12-05,2.450000047683716,2.5,2.3499999046325684,2.3499999046325684,2.3499999046325684,18752,JYOTISTRUC
2018-12-06,2.450000047683716,2.450000047683716,2.25,2.25,2.25,7205,JYOTISTRUC
2018-12-07,2.25,2.25,2.150000095367432,2.150000095367432,2.150000095367432,21500,JYOTISTRUC
2018-12-10,2.25,2.25,2.049999952316284,2.049999952316284,2.049999952316284,24245,JYOTISTRUC
2018-12-11,2.0999999046325684,2.0999999046325684,1.950000047683716,2.049999952316284,2.049999952316284,35399,JYOTISTRUC
2018-12-12,1.950000047683716,2.0999999046325684,1.950000047683716,1.950000047683716,1.950000047683716,37360,JYOTISTRUC
2018-12-13,1.950000047683716,2.0,1.899999976158142,2.0,2.0,32641,JYOTISTRUC
2018-12-14,2.0999999046325684,2.0999999046325684,1.950000047683716,2.049999952316284,2.049999952316284,8238,JYOTISTRUC
2018-12-17,2.0,2.0999999046325684,1.950000047683716,2.0,2.0,42193,JYOTISTRUC
2018-12-18,2.049999952316284,2.0999999046325684,1.950000047683716,2.0999999046325684,2.0999999046325684,32523,JYOTISTRUC
2018-12-19,2.150000095367432,2.150000095367432,2.049999952316284,2.049999952316284,2.049999952316284,19565,JYOTISTRUC
2018-12-20,1.950000047683716,2.0999999046325684,1.950000047683716,2.0999999046325684,2.0999999046325684,33670,JYOTISTRUC
2018-12-21,2.0,2.150000095367432,2.0,2.049999952316284,2.049999952316284,45930,JYOTISTRUC
2018-12-24,2.0,2.0,1.950000047683716,2.0,2.0,9051,JYOTISTRUC
2018-12-26,2.0999999046325684,2.0999999046325684,1.899999976158142,1.899999976158142,1.899999976158142,35935,JYOTISTRUC
2018-12-27,1.950000047683716,1.950000047683716,1.850000023841858,1.899999976158142,1.899999976158142,52743,JYOTISTRUC
2018-12-28,1.950000047683716,1.950000047683716,1.850000023841858,1.850000023841858,1.850000023841858,15459,JYOTISTRUC
2018-12-31,1.850000023841858,1.899999976158142,1.850000023841858,1.850000023841858,1.850000023841858,9271,JYOTISTRUC
2019-01-01,1.850000023841858,1.899999976158142,1.850000023841858,1.899999976158142,1.899999976158142,3510,JYOTISTRUC
2019-01-02,1.899999976158142,1.950000047683716,1.850000023841858,1.950000047683716,1.950000047683716,8499,JYOTISTRUC
2019-01-03,1.950000047683716,1.950000047683716,1.950000047683716,1.950000047683716,1.950000047683716,1701,JYOTISTRUC
2019-01-04,2.0,2.0,1.899999976158142,2.0,2.0,54155,JYOTISTRUC
2019-01-07,2.049999952316284,2.049999952316284,1.950000047683716,2.0,2.0,16962,JYOTISTRUC
2019-01-08,2.0,2.0,1.899999976158142,1.899999976158142,1.899999976158142,18228,JYOTISTRUC
2019-01-09,1.950000047683716,1.950000047683716,1.899999976158142,1.899999976158142,1.899999976158142,6818,JYOTISTRUC
2019-01-10,1.950000047683716,1.950000047683716,1.899999976158142,1.899999976158142,1.899999976158142,24340,JYOTISTRUC
2019-01-11,1.899999976158142,1.950000047683716,1.899999976158142,1.950000047683716,1.950000047683716,4388,JYOTISTRUC
2019-01-14,1.950000047683716,1.950000047683716,1.899999976158142,1.899999976158142,1.899999976158142,3518,JYOTISTRUC
2019-01-15,1.850000023841858,1.899999976158142,1.850000023841858,1.850000023841858,1.850000023841858,28465,JYOTISTRUC
2019-01-16,1.7999999523162842,1.7999999523162842,1.7999999523162842,1.7999999523162842,1.7999999523162842,40803,JYOTISTRUC
2019-01-17,1.7999999523162842,1.7999999523162842,1.75,1.75,1.75,10627,JYOTISTRUC
2019-01-18,1.7000000476837158,1.7000000476837158,1.7000000476837158,1.7000000476837158,1.7000000476837158,41049,JYOTISTRUC
2019-01-21,1.7000000476837158,1.75,1.649999976158142,1.649999976158142,1.649999976158142,318072,JYOTISTRUC
2019-01-22,1.600000023841858,1.7000000476837158,1.600000023841858,1.600000023841858,1.600000023841858,49955,JYOTISTRUC
2019-01-23,1.5499999523162842,1.5499999523162842,1.5499999523162842,1.5499999523162842,1.5499999523162842,14319,JYOTISTRUC
2019-01-24,1.5,1.5,1.5,1.5,1.5,7168,JYOTISTRUC
2019-01-25,1.4500000476837158,1.5499999523162842,1.4500000476837158,1.4500000476837158,1.4500000476837158,42025,JYOTISTRUC
2019-01-28,1.4500000476837158,1.5,1.399999976158142,1.399999976158142,1.399999976158142,8064,JYOTISTRUC
2019-01-29,1.399999976158142,1.399999976158142,1.350000023841858,1.350000023841858,1.350000023841858,27189,JYOTISTRUC
2019-01-30,1.350000023841858,1.399999976158142,1.2999999523162842,1.2999999523162842,1.2999999523162842,26467,JYOTISTRUC
2019-01-31,1.2999999523162842,1.350000023841858,1.2999999523162842,1.350000023841858,1.350000023841858,2571,JYOTISTRUC
2019-02-01,1.350000023841858,1.399999976158142,1.2999999523162842,1.2999999523162842,1.2999999523162842,26616,JYOTISTRUC
2019-02-04,1.2999999523162842,1.2999999523162842,1.25,1.25,1.25,12935,JYOTISTRUC
2019-02-05,1.2000000476837158,1.2000000476837158,1.2000000476837158,1.2000000476837158,1.2000000476837158,15351,JYOTISTRUC
2019-02-06,1.149999976158142,1.149999976158142,1.149999976158142,1.149999976158142,1.149999976158142,2825,JYOTISTRUC
2019-02-07,1.100000023841858,1.100000023841858,1.100000023841858,1.100000023841858,1.100000023841858,23017,JYOTISTRUC
2019-02-08,1.100000023841858,1.149999976158142,1.0499999523162842,1.0499999523162842,1.0499999523162842,64421,JYOTISTRUC
2019-02-11,1.0,1.100000023841858,1.0,1.0,1.0,84264,JYOTISTRUC
2019-02-12,0.949999988079071,1.0499999523162842,0.949999988079071,0.949999988079071,0.949999988079071,81125,JYOTISTRUC
2019-02-14,0.949999988079071,0.949999988079071,0.8500000238418579,0.8999999761581421,0.8999999761581421,54641,JYOTISTRUC
2019-02-15,0.949999988079071,0.949999988079071,0.8500000238418579,0.8500000238418579,0.8500000238418579,41937,JYOTISTRUC
2019-02-18,0.8999999761581421,0.8999999761581421,0.800000011920929,0.8500000238418579,0.8500000238418579,52229,JYOTISTRUC
2019-02-19,0.8500000238418579,0.8500000238418579,0.800000011920929,0.800000011920929,0.800000011920929,72750,JYOTISTRUC
2019-02-20,0.800000011920929,0.8500000238418579,0.800000011920929,0.8500000238418579,0.8500000238418579,84162,JYOTISTRUC
2019-02-21,0.8500000238418579,0.8999999761581421,0.800000011920929,0.8999999761581421,0.8999999761581421,52700,JYOTISTRUC
2019-02-22,0.949999988079071,0.949999988079071,0.8999999761581421,0.949999988079071,0.949999988079071,44470,JYOTISTRUC
2019-02-25,1.0,1.0,0.949999988079071,1.0,1.0,90683,JYOTISTRUC
2019-02-26,1.0499999523162842,1.0499999523162842,0.949999988079071,1.0499999523162842,1.0499999523162842,57980,JYOTISTRUC
2019-02-27,1.0,1.100000023841858,1.0,1.100000023841858,1.100000023841858,38680,JYOTISTRUC
2019-02-28,1.100000023841858,1.149999976158142,1.0499999523162842,1.0499999523162842,1.0499999523162842,96851,JYOTISTRUC
2019-03-01,1.0499999523162842,1.100000023841858,1.0,1.0,1.0,65272,JYOTISTRUC
2019-03-05,1.0,1.0499999523162842,1.0,1.0499999523162842,1.0499999523162842,23553,JYOTISTRUC
2019-03-06,1.100000023841858,1.100000023841858,1.100000023841858,1.100000023841858,1.100000023841858,7984,JYOTISTRUC
2019-03-07,1.149999976158142,1.149999976158142,1.100000023841858,1.149999976158142,1.149999976158142,50198,JYOTISTRUC
2019-03-08,1.2000000476837158,1.2000000476837158,1.2000000476837158,1.2000000476837158,1.2000000476837158,9495,JYOTISTRUC
2019-03-11,1.25,1.25,1.25,1.25,1.25,35406,JYOTISTRUC
2019-03-12,1.2999999523162842,1.2999999523162842,1.2999999523162842,1.2999999523162842,1.2999999523162842,40220,JYOTISTRUC
2019-03-13,1.350000023841858,1.350000023841858,1.350000023841858,1.350000023841858,1.350000023841858,6283,JYOTISTRUC
2019-03-14,1.399999976158142,1.399999976158142,1.399999976158142,1.399999976158142,1.399999976158142,5223,JYOTISTRUC
2019-03-15,1.4500000476837158,1.4500000476837158,1.4500000476837158,1.4500000476837158,1.4500000476837158,12775,JYOTISTRUC
2019-03-18,1.5,1.5,1.5,1.5,1.5,15407,JYOTISTRUC
2019-03-19,1.5499999523162842,1.5499999523162842,1.5499999523162842,1.5499999523162842,1.5499999523162842,2824,JYOTISTRUC
2019-03-20,1.600000023841858,1.600000023841858,1.600000023841858,1.600000023841858,1.600000023841858,6939,JYOTISTRUC
2019-03-22,1.649999976158142,1.649999976158142,1.649999976158142,1.649999976158142,1.649999976158142,5692,JYOTISTRUC
2019-03-25,1.7000000476837158,1.7000000476837158,1.7000000476837158,1.7000000476837158,1.7000000476837158,5359,JYOTISTRUC
2019-03-26,1.75,1.75,1.75,1.75,1.75,10898,JYOTISTRUC
2019-03-27,1.7999999523162842,1.7999999523162842,1.7999999523162842,1.7999999523162842,1.7999999523162842,7776,JYOTISTRUC
2019-03-28,1.850000023841858,1.850000023841858,1.850000023841858,1.850000023841858,1.850000023841858,8177,JYOTISTRUC
2019-04-01,1.950000047683716,1.950000047683716,1.950000047683716,1.950000047683716,1.950000047683716,6210,JYOTISTRUC
2019-04-02,2.0,2.0,2.0,2.0,2.0,2263,JYOTISTRUC
2019-04-03,2.0999999046325684,2.0999999046325684,2.0999999046325684,2.0999999046325684,2.0999999046325684,35269,JYOTISTRUC
2019-04-04,2.200000047683716,2.200000047683716,2.200000047683716,2.200000047683716,2.200000047683716,7788,JYOTISTRUC
2019-04-05,2.299999952316284,2.299999952316284,2.299999952316284,2.299999952316284,2.299999952316284,13228,JYOTISTRUC
2019-04-08,2.400000095367432,2.400000095367432,2.400000095367432,2.400000095367432,2.400000095367432,10625,JYOTISTRUC
2019-04-09,2.5,2.5,2.5,2.5,2.5,6251,JYOTISTRUC
2019-04-10,2.5999999046325684,2.5999999046325684,2.5999999046325684,2.5999999046325684,2.5999999046325684,12663,JYOTISTRUC
2019-04-11,2.700000047683716,2.700000047683716,2.700000047683716,2.700000047683716,2.700000047683716,7085,JYOTISTRUC
2019-04-12,2.799999952316284,2.799999952316284,2.799999952316284,2.799999952316284,2.799999952316284,8375,JYOTISTRUC
2019-04-15,2.900000095367432,2.900000095367432,2.900000095367432,2.900000095367432,2.900000095367432,4127,JYOTISTRUC
2019-04-16,2.900000095367432,3.0,2.900000095367432,3.0,3.0,9380,JYOTISTRUC
2019-04-18,3.150000095367432,3.150000095367432,3.150000095367432,3.150000095367432,3.150000095367432,4120,JYOTISTRUC
2019-04-22,3.299999952316284,3.299999952316284,3.299999952316284,3.299999952316284,3.299999952316284,70242,JYOTISTRUC
2019-04-23,3.450000047683716,3.450000047683716,3.450000047683716,3.450000047683716,3.450000047683716,74548,JYOTISTRUC
2019-04-24,3.450000047683716,3.450000047683716,3.450000047683716,3.450000047683716,3.450000047683716,0,JYOTISTRUC
2019-04-25,3.450000047683716,3.450000047683716,3.450000047683716,3.450000047683716,3.450000047683716,0,JYOTISTRUC
2019-04-26,3.450000047683716,3.450000047683716,3.450000047683716,3.450000047683716,3.450000047683716,0,JYOTISTRUC
2019-04-30,3.299999952316284,3.450000047683716,3.299999952316284,3.299999952316284,3.299999952316284,175254,JYOTISTRUC
2019-05-02,3.299999952316284,3.299999952316284,3.299999952316284,3.299999952316284,3.299999952316284,0,JYOTISTRUC
2019-05-03,3.299999952316284,3.299999952316284,3.299999952316284,3.299999952316284,3.299999952316284,0,JYOTISTRUC
2019-05-06,3.150000095367432,3.150000095367432,3.150000095367432,3.150000095367432,3.150000095367432,61365,JYOTISTRUC
2019-05-07,3.150000095367432,3.150000095367432,3.150000095367432,3.150000095367432,3.150000095367432,0,JYOTISTRUC
2019-05-08,3.150000095367432,3.150000095367432,3.150000095367432,3.150000095367432,3.150000095367432,0,JYOTISTRUC
2019-05-09,3.150000095367432,3.150000095367432,3.150000095367432,3.150000095367432,3.150000095367432,0,JYOTISTRUC
2019-05-10,3.150000095367432,3.150000095367432,3.150000095367432,3.150000095367432,3.150000095367432,0,JYOTISTRUC
2019-05-13,3.0,3.0,3.0,3.0,3.0,21002,JYOTISTRUC
2019-05-14,3.0,3.0,3.0,3.0,3.0,0,JYOTISTRUC
2019-05-15,3.0,3.0,3.0,3.0,3.0,0,JYOTISTRUC
2019-05-16,3.0,3.0,3.0,3.0,3.0,0,JYOTISTRUC
2019-05-17,3.0,3.0,3.0,3.0,3.0,0,JYOTISTRUC
2019-05-20,2.8499999046325684,2.8499999046325684,2.8499999046325684,2.8499999046325684,2.8499999046325684,13508,JYOTISTRUC
2019-05-21,2.8499999046325684,2.8499999046325684,2.8499999046325684,2.8499999046325684,2.8499999046325684,0,JYOTISTRUC
2019-05-22,2.8499999046325684,2.8499999046325684,2.8499999046325684,2.8499999046325684,2.8499999046325684,0,JYOTISTRUC
2019-05-23,2.8499999046325684,2.8499999046325684,2.8499999046325684,2.8499999046325684,2.8499999046325684,0,JYOTISTRUC
2019-05-24,2.8499999046325684,2.8499999046325684,2.8499999046325684,2.8499999046325684,2.8499999046325684,0,JYOTISTRUC
2019-05-27,2.8499999046325684,2.8499999046325684,2.8499999046325684,2.8499999046325684,2.8499999046325684,0,JYOTISTRUC
2019-05-28,2.8499999046325684,2.8499999046325684,2.8499999046325684,2.8499999046325684,2.8499999046325684,0,JYOTISTRUC
2019-05-29,2.8499999046325684,2.8499999046325684,2.8499999046325684,2.8499999046325684,2.8499999046325684,0,JYOTISTRUC
2019-05-30,2.8499999046325684,2.8499999046325684,2.8499999046325684,2.8499999046325684,2.8499999046325684,0,JYOTISTRUC
2019-05-31,2.8499999046325684,2.8499999046325684,2.8499999046325684,2.8499999046325684,2.8499999046325684,0,JYOTISTRUC
2019-06-03,2.75,2.75,2.75,2.75,2.75,10142,JYOTISTRUC
2019-06-04,2.75,2.75,2.75,2.75,2.75,0,JYOTISTRUC
2019-06-06,2.75,2.75,2.75,2.75,2.75,0,JYOTISTRUC
2019-06-07,2.75,2.75,2.75,2.75,2.75,0,JYOTISTRUC
2019-06-10,2.75,2.75,2.75,2.75,2.75,0,JYOTISTRUC
2019-06-11,2.75,2.75,2.75,2.75,2.75,0,JYOTISTRUC
2019-06-12,2.75,2.75,2.75,2.75,2.75,0,JYOTISTRUC
2019-06-13,2.75,2.75,2.75,2.75,2.75,0,JYOTISTRUC
2019-06-14,2.75,2.75,2.75,2.75,2.75,0,JYOTISTRUC
2019-06-17,2.75,2.75,2.75,2.75,2.75,0,JYOTISTRUC
2019-06-18,2.75,2.75,2.75,2.75,2.75,0,JYOTISTRUC
2019-06-19,2.75,2.75,2.75,2.75,2.75,0,JYOTISTRUC
2019-06-20,2.75,2.75,2.75,2.75,2.75,0,JYOTISTRUC
2019-06-21,2.75,2.75,2.75,2.75,2.75,0,JYOTISTRUC
2019-06-24,2.75,2.75,2.75,2.75,2.75,0,JYOTISTRUC
2019-06-25,2.75,2.75,2.75,2.75,2.75,0,JYOTISTRUC
2019-06-26,2.75,2.75,2.75,2.75,2.75,0,JYOTISTRUC
2019-06-27,2.75,2.75,2.75,2.75,2.75,0,JYOTISTRUC
2019-06-28,2.75,2.75,2.75,2.75,2.75,0,JYOTISTRUC
2019-07-01,2.75,2.75,2.650000095367432,2.650000095367432,2.650000095367432,3522,JYOTISTRUC
2019-07-02,2.650000095367432,2.650000095367432,2.650000095367432,2.650000095367432,2.650000095367432,0,JYOTISTRUC
2019-07-03,2.650000095367432,2.650000095367432,2.650000095367432,2.650000095367432,2.650000095367432,0,JYOTISTRUC
2019-07-04,2.650000095367432,2.650000095367432,2.650000095367432,2.650000095367432,2.650000095367432,0,JYOTISTRUC
2019-07-05,2.650000095367432,2.650000095367432,2.650000095367432,2.650000095367432,2.650000095367432,0,JYOTISTRUC
2019-07-08,2.650000095367432,2.650000095367432,2.650000095367432,2.650000095367432,2.650000095367432,0,JYOTISTRUC
2019-07-09,2.650000095367432,2.650000095367432,2.650000095367432,2.650000095367432,2.650000095367432,0,JYOTISTRUC
2019-07-10,2.650000095367432,2.650000095367432,2.650000095367432,2.650000095367432,2.650000095367432,0,JYOTISTRUC
2019-07-11,2.650000095367432,2.650000095367432,2.650000095367432,2.650000095367432,2.650000095367432,0,JYOTISTRUC
2019-07-12,2.650000095367432,2.650000095367432,2.650000095367432,2.650000095367432,2.650000095367432,0,JYOTISTRUC
2019-07-15,2.650000095367432,2.650000095367432,2.650000095367432,2.650000095367432,2.650000095367432,0,JYOTISTRUC
2019-07-16,2.650000095367432,2.650000095367432,2.650000095367432,2.650000095367432,2.650000095367432,0,JYOTISTRUC
2019-07-17,2.650000095367432,2.650000095367432,2.650000095367432,2.650000095367432,2.650000095367432,0,JYOTISTRUC
2019-07-18,2.650000095367432,2.650000095367432,2.650000095367432,2.650000095367432,2.650000095367432,0,JYOTISTRUC
2019-07-19,2.650000095367432,2.650000095367432,2.650000095367432,2.650000095367432,2.650000095367432,0,JYOTISTRUC
2019-07-22,2.650000095367432,2.650000095367432,2.650000095367432,2.650000095367432,2.650000095367432,0,JYOTISTRUC
2019-07-23,2.650000095367432,2.650000095367432,2.650000095367432,2.650000095367432,2.650000095367432,0,JYOTISTRUC
2019-07-24,2.650000095367432,2.650000095367432,2.650000095367432,2.650000095367432,2.650000095367432,0,JYOTISTRUC
2019-07-25,2.650000095367432,2.650000095367432,2.650000095367432,2.650000095367432,2.650000095367432,0,JYOTISTRUC
2019-07-26,2.650000095367432,2.650000095367432,2.650000095367432,2.650000095367432,2.650000095367432,0,JYOTISTRUC
2019-07-29,2.650000095367432,2.650000095367432,2.650000095367432,2.650000095367432,2.650000095367432,0,JYOTISTRUC
2019-07-30,2.650000095367432,2.650000095367432,2.650000095367432,2.650000095367432,2.650000095367432,0,JYOTISTRUC
2019-07-31,2.650000095367432,2.650000095367432,2.650000095367432,2.650000095367432,2.650000095367432,0,JYOTISTRUC
2019-08-01,2.650000095367432,2.650000095367432,2.650000095367432,2.650000095367432,2.650000095367432,0,JYOTISTRUC
2019-08-02,2.650000095367432,2.650000095367432,2.650000095367432,2.650000095367432,2.650000095367432,0,JYOTISTRUC
2019-08-05,2.549999952316284,2.549999952316284,2.549999952316284,2.549999952316284,2.549999952316284,1003,JYOTISTRUC
2019-08-06,2.549999952316284,2.549999952316284,2.549999952316284,2.549999952316284,2.549999952316284,0,JYOTISTRUC
2019-08-07,2.549999952316284,2.549999952316284,2.549999952316284,2.549999952316284,2.549999952316284,0,JYOTISTRUC
2019-08-08,2.549999952316284,2.549999952316284,2.549999952316284,2.549999952316284,2.549999952316284,0,JYOTISTRUC
2019-08-09,2.549999952316284,2.549999952316284,2.549999952316284,2.549999952316284,2.549999952316284,0,JYOTISTRUC
2019-08-13,2.549999952316284,2.549999952316284,2.549999952316284,2.549999952316284,2.549999952316284,0,JYOTISTRUC
2019-08-14,2.549999952316284,2.549999952316284,2.549999952316284,2.549999952316284,2.549999952316284,0,JYOTISTRUC
2019-08-16,2.549999952316284,2.549999952316284,2.549999952316284,2.549999952316284,2.549999952316284,0,JYOTISTRUC
2019-08-19,2.549999952316284,2.549999952316284,2.549999952316284,2.549999952316284,2.549999952316284,0,JYOTISTRUC
2019-08-20,2.549999952316284,2.549999952316284,2.549999952316284,2.549999952316284,2.549999952316284,0,JYOTISTRUC
2019-08-21,2.549999952316284,2.549999952316284,2.549999952316284,2.549999952316284,2.549999952316284,0,JYOTISTRUC
2019-08-22,2.549999952316284,2.549999952316284,2.549999952316284,2.549999952316284,2.549999952316284,0,JYOTISTRUC
2019-08-23,2.549999952316284,2.549999952316284,2.549999952316284,2.549999952316284,2.549999952316284,0,JYOTISTRUC
2019-08-26,2.549999952316284,2.549999952316284,2.549999952316284,2.549999952316284,2.549999952316284,0,JYOTISTRUC
2019-08-27,2.549999952316284,2.549999952316284,2.549999952316284,2.549999952316284,2.549999952316284,0,JYOTISTRUC
2019-08-28,2.549999952316284,2.549999952316284,2.549999952316284,2.549999952316284,2.549999952316284,0,JYOTISTRUC
2019-08-29,2.549999952316284,2.549999952316284,2.549999952316284,2.549999952316284,2.549999952316284,0,JYOTISTRUC
2019-08-30,2.549999952316284,2.549999952316284,2.549999952316284,2.549999952316284,2.549999952316284,0,JYOTISTRUC
2019-09-03,2.450000047683716,2.450000047683716,2.450000047683716,2.450000047683716,2.450000047683716,100,JYOTISTRUC
2019-09-04,2.450000047683716,2.450000047683716,2.450000047683716,2.450000047683716,2.450000047683716,0,JYOTISTRUC
2019-09-05,2.450000047683716,2.450000047683716,2.450000047683716,2.450000047683716,2.450000047683716,0,JYOTISTRUC
2019-09-06,2.450000047683716,2.450000047683716,2.450000047683716,2.450000047683716,2.450000047683716,0,JYOTISTRUC
2019-09-09,2.450000047683716,2.450000047683716,2.450000047683716,2.450000047683716,2.450000047683716,0,JYOTISTRUC
2019-09-11,2.450000047683716,2.450000047683716,2.450000047683716,2.450000047683716,2.450000047683716,0,JYOTISTRUC
2019-09-12,2.450000047683716,2.450000047683716,2.450000047683716,2.450000047683716,2.450000047683716,0,JYOTISTRUC
2019-09-13,2.450000047683716,2.450000047683716,2.450000047683716,2.450000047683716,2.450000047683716,0,JYOTISTRUC
2019-09-16,2.450000047683716,2.450000047683716,2.450000047683716,2.450000047683716,2.450000047683716,0,JYOTISTRUC
2019-09-17,2.450000047683716,2.450000047683716,2.450000047683716,2.450000047683716,2.450000047683716,0,JYOTISTRUC
2019-09-18,2.450000047683716,2.450000047683716,2.450000047683716,2.450000047683716,2.450000047683716,0,JYOTISTRUC
2019-09-19,2.450000047683716,2.450000047683716,2.450000047683716,2.450000047683716,2.450000047683716,0,JYOTISTRUC
2019-09-20,2.450000047683716,2.450000047683716,2.450000047683716,2.450000047683716,2.450000047683716,0,JYOTISTRUC
2019-09-23,2.450000047683716,2.450000047683716,2.450000047683716,2.450000047683716,2.450000047683716,0,JYOTISTRUC
2019-09-24,2.450000047683716,2.450000047683716,2.450000047683716,2.450000047683716,2.450000047683716,0,JYOTISTRUC
2019-09-25,2.450000047683716,2.450000047683716,2.450000047683716,2.450000047683716,2.450000047683716,0,JYOTISTRUC
2019-09-26,2.450000047683716,2.450000047683716,2.450000047683716,2.450000047683716,2.450000047683716,0,JYOTISTRUC
2019-09-27,2.450000047683716,2.450000047683716,2.450000047683716,2.450000047683716,2.450000047683716,0,JYOTISTRUC
2019-09-30,2.450000047683716,2.450000047683716,2.450000047683716,2.450000047683716,2.450000047683716,0,JYOTISTRUC
2019-10-01,2.450000047683716,2.450000047683716,2.450000047683716,2.450000047683716,2.450000047683716,0,JYOTISTRUC
2019-10-03,2.450000047683716,2.450000047683716,2.450000047683716,2.450000047683716,2.450000047683716,0,JYOTISTRUC
2019-10-04,2.450000047683716,2.450000047683716,2.450000047683716,2.450000047683716,2.450000047683716,0,JYOTISTRUC
2019-10-07,2.3499999046325684,2.3499999046325684,2.3499999046325684,2.3499999046325684,2.3499999046325684,15,JYOTISTRUC
2019-10-09,2.3499999046325684,2.3499999046325684,2.3499999046325684,2.3499999046325684,2.3499999046325684,0,JYOTISTRUC
2019-10-10,2.3499999046325684,2.3499999046325684,2.3499999046325684,2.3499999046325684,2.3499999046325684,0,JYOTISTRUC
2019-10-11,2.3499999046325684,2.3499999046325684,2.3499999046325684,2.3499999046325684,2.3499999046325684,0,JYOTISTRUC
2019-10-14,2.3499999046325684,2.3499999046325684,2.3499999046325684,2.3499999046325684,2.3499999046325684,0,JYOTISTRUC
2019-10-15,2.3499999046325684,2.3499999046325684,2.3499999046325684,2.3499999046325684,2.3499999046325684,0,JYOTISTRUC
2019-10-16,2.3499999046325684,2.3499999046325684,2.3499999046325684,2.3499999046325684,2.3499999046325684,0,JYOTISTRUC
2019-10-17,2.3499999046325684,2.3499999046325684,2.3499999046325684,2.3499999046325684,2.3499999046325684,0,JYOTISTRUC
2019-10-18,2.3499999046325684,2.3499999046325684,2.3499999046325684,2.3499999046325684,2.3499999046325684,0,JYOTISTRUC
2019-10-22,2.3499999046325684,2.3499999046325684,2.3499999046325684,2.3499999046325684,2.3499999046325684,0,JYOTISTRUC
2019-10-23,2.3499999046325684,2.3499999046325684,2.3499999046325684,2.3499999046325684,2.3499999046325684,0,JYOTISTRUC
2019-10-24,2.3499999046325684,2.3499999046325684,2.3499999046325684,2.3499999046325684,2.3499999046325684,0,JYOTISTRUC
2019-10-25,2.3499999046325684,2.3499999046325684,2.3499999046325684,2.3499999046325684,2.3499999046325684,0,JYOTISTRUC
2019-10-29,2.3499999046325684,2.3499999046325684,2.3499999046325684,2.3499999046325684,2.3499999046325684,0,JYOTISTRUC
2019-10-30,2.3499999046325684,2.3499999046325684,2.3499999046325684,2.3499999046325684,2.3499999046325684,0,JYOTISTRUC
2019-10-31,2.3499999046325684,2.3499999046325684,2.3499999046325684,2.3499999046325684,2.3499999046325684,0,JYOTISTRUC
2019-11-01,2.3499999046325684,2.3499999046325684,2.3499999046325684,2.3499999046325684,2.3499999046325684,0,JYOTISTRUC
2019-11-04,2.3499999046325684,2.3499999046325684,2.3499999046325684,2.3499999046325684,2.3499999046325684,0,JYOTISTRUC
2019-11-05,2.3499999046325684,2.3499999046325684,2.3499999046325684,2.3499999046325684,2.3499999046325684,0,JYOTISTRUC
2019-11-06,2.3499999046325684,2.3499999046325684,2.3499999046325684,2.3499999046325684,2.3499999046325684,0,JYOTISTRUC
2019-11-07,2.3499999046325684,2.3499999046325684,2.3499999046325684,2.3499999046325684,2.3499999046325684,0,JYOTISTRUC
2019-11-08,2.3499999046325684,2.3499999046325684,2.3499999046325684,2.3499999046325684,2.3499999046325684,0,JYOTISTRUC
2019-11-11,2.3499999046325684,2.3499999046325684,2.3499999046325684,2.3499999046325684,2.3499999046325684,0,JYOTISTRUC
2019-11-13,2.3499999046325684,2.3499999046325684,2.3499999046325684,2.3499999046325684,2.3499999046325684,0,JYOTISTRUC
2019-11-14,2.3499999046325684,2.3499999046325684,2.3499999046325684,2.3499999046325684,2.3499999046325684,0,JYOTISTRUC
2019-11-15,2.3499999046325684,2.3499999046325684,2.3499999046325684,2.3499999046325684,2.3499999046325684,0,JYOTISTRUC
2019-11-18,2.3499999046325684,2.3499999046325684,2.3499999046325684,2.3499999046325684,2.3499999046325684,0,JYOTISTRUC
2019-11-19,2.3499999046325684,2.3499999046325684,2.3499999046325684,2.3499999046325684,2.3499999046325684,0,JYOTISTRUC
2019-11-20,2.3499999046325684,2.3499999046325684,2.3499999046325684,2.3499999046325684,2.3499999046325684,0,JYOTISTRUC
2019-11-21,2.3499999046325684,2.3499999046325684,2.3499999046325684,2.3499999046325684,2.3499999046325684,0,JYOTISTRUC
2019-11-22,2.3499999046325684,2.3499999046325684,2.3499999046325684,2.3499999046325684,2.3499999046325684,0,JYOTISTRUC
2019-11-25,2.3499999046325684,2.3499999046325684,2.3499999046325684,2.3499999046325684,2.3499999046325684,0,JYOTISTRUC
2019-11-26,2.3499999046325684,2.3499999046325684,2.3499999046325684,2.3499999046325684,2.3499999046325684,0,JYOTISTRUC
2019-11-27,2.3499999046325684,2.3499999046325684,2.3499999046325684,2.3499999046325684,2.3499999046325684,0,JYOTISTRUC
2019-11-28,2.3499999046325684,2.3499999046325684,2.3499999046325684,2.3499999046325684,2.3499999046325684,0,JYOTISTRUC
2019-11-29,2.3499999046325684,2.3499999046325684,2.3499999046325684,2.3499999046325684,2.3499999046325684,0,JYOTISTRUC
2019-12-02,2.3499999046325684,2.3499999046325684,2.3499999046325684,2.3499999046325684,2.3499999046325684,0,JYOTISTRUC
2019-12-03,2.3499999046325684,2.3499999046325684,2.3499999046325684,2.3499999046325684,2.3499999046325684,0,JYOTISTRUC
2019-12-04,2.3499999046325684,2.3499999046325684,2.3499999046325684,2.3499999046325684,2.3499999046325684,0,JYOTISTRUC
2019-12-05,2.3499999046325684,2.3499999046325684,2.3499999046325684,2.3499999046325684,2.3499999046325684,0,JYOTISTRUC
2019-12-06,2.3499999046325684,2.3499999046325684,2.3499999046325684,2.3499999046325684,2.3499999046325684,0,JYOTISTRUC
2019-12-09,2.3499999046325684,2.3499999046325684,2.3499999046325684,2.3499999046325684,2.3499999046325684,0,JYOTISTRUC
2019-12-10,2.3499999046325684,2.3499999046325684,2.3499999046325684,2.3499999046325684,2.3499999046325684,0,JYOTISTRUC
2019-12-11,2.3499999046325684,2.3499999046325684,2.3499999046325684,2.3499999046325684,2.3499999046325684,0,JYOTISTRUC
2019-12-12,2.3499999046325684,2.3499999046325684,2.3499999046325684,2.3499999046325684,2.3499999046325684,0,JYOTISTRUC
2019-12-13,2.3499999046325684,2.3499999046325684,2.3499999046325684,2.3499999046325684,2.3499999046325684,0,JYOTISTRUC
2019-12-16,2.3499999046325684,2.3499999046325684,2.3499999046325684,2.3499999046325684,2.3499999046325684,0,JYOTISTRUC
2019-12-17,2.3499999046325684,2.3499999046325684,2.3499999046325684,2.3499999046325684,2.3499999046325684,0,JYOTISTRUC
2019-12-18,2.3499999046325684,2.3499999046325684,2.3499999046325684,2.3499999046325684,2.3499999046325684,0,JYOTISTRUC
2019-12-19,2.3499999046325684,2.3499999046325684,2.3499999046325684,2.3499999046325684,2.3499999046325684,0,JYOTISTRUC
2019-12-20,2.3499999046325684,2.3499999046325684,2.3499999046325684,2.3499999046325684,2.3499999046325684,0,JYOTISTRUC
2019-12-23,2.150000095367432,2.150000095367432,2.150000095367432,2.150000095367432,2.150000095367432,5056,JYOTISTRUC
2019-12-24,2.150000095367432,2.150000095367432,2.150000095367432,2.150000095367432,2.150000095367432,0,JYOTISTRUC
2019-12-26,2.150000095367432,2.150000095367432,2.150000095367432,2.150000095367432,2.150000095367432,0,JYOTISTRUC
2019-12-27,2.150000095367432,2.150000095367432,2.150000095367432,2.150000095367432,2.150000095367432,0,JYOTISTRUC
2019-12-30,2.150000095367432,2.150000095367432,2.150000095367432,2.150000095367432,2.150000095367432,0,JYOTISTRUC
2019-12-31,2.150000095367432,2.150000095367432,2.150000095367432,2.150000095367432,2.150000095367432,0,JYOTISTRUC
2020-01-01,2.150000095367432,2.150000095367432,2.150000095367432,2.150000095367432,2.150000095367432,0,JYOTISTRUC
2020-01-02,2.150000095367432,2.150000095367432,2.150000095367432,2.150000095367432,2.150000095367432,0,JYOTISTRUC
2020-01-03,2.150000095367432,2.150000095367432,2.150000095367432,2.150000095367432,2.150000095367432,0,JYOTISTRUC
2020-01-06,2.049999952316284,2.049999952316284,2.049999952316284,2.049999952316284,2.049999952316284,110,JYOTISTRUC
2020-01-07,2.049999952316284,2.049999952316284,2.049999952316284,2.049999952316284,2.049999952316284,0,JYOTISTRUC
2020-01-08,2.049999952316284,2.049999952316284,2.049999952316284,2.049999952316284,2.049999952316284,0,JYOTISTRUC
2020-01-09,2.049999952316284,2.049999952316284,2.049999952316284,2.049999952316284,2.049999952316284,0,JYOTISTRUC
2020-01-10,2.049999952316284,2.049999952316284,2.049999952316284,2.049999952316284,2.049999952316284,0,JYOTISTRUC
2020-01-13,1.950000047683716,1.950000047683716,1.950000047683716,1.950000047683716,1.950000047683716,106411,JYOTISTRUC
2020-01-14,1.950000047683716,1.950000047683716,1.950000047683716,1.950000047683716,1.950000047683716,0,JYOTISTRUC
2020-01-15,1.950000047683716,1.950000047683716,1.950000047683716,1.950000047683716,1.950000047683716,0,JYOTISTRUC
2020-01-16,1.950000047683716,1.950000047683716,1.950000047683716,1.950000047683716,1.950000047683716,0,JYOTISTRUC
2020-01-17,1.950000047683716,1.950000047683716,1.950000047683716,1.950000047683716,1.950000047683716,0,JYOTISTRUC
2020-01-20,1.899999976158142,1.899999976158142,1.899999976158142,1.899999976158142,1.899999976158142,2157,JYOTISTRUC
2020-01-21,1.899999976158142,1.899999976158142,1.899999976158142,1.899999976158142,1.899999976158142,0,JYOTISTRUC
2020-01-22,1.899999976158142,1.899999976158142,1.899999976158142,1.899999976158142,1.899999976158142,0,JYOTISTRUC
2020-01-23,1.899999976158142,1.899999976158142,1.899999976158142,1.899999976158142,1.899999976158142,0,JYOTISTRUC
2020-01-24,1.899999976158142,1.899999976158142,1.899999976158142,1.899999976158142,1.899999976158142,0,JYOTISTRUC
2020-01-27,1.850000023841858,1.850000023841858,1.850000023841858,1.850000023841858,1.850000023841858,2028,JYOTISTRUC
2020-01-28,1.850000023841858,1.850000023841858,1.850000023841858,1.850000023841858,1.850000023841858,0,JYOTISTRUC
2020-01-29,1.850000023841858,1.850000023841858,1.850000023841858,1.850000023841858,1.850000023841858,0,JYOTISTRUC
2020-01-30,1.850000023841858,1.850000023841858,1.850000023841858,1.850000023841858,1.850000023841858,0,JYOTISTRUC
2020-01-31,1.850000023841858,1.850000023841858,1.850000023841858,1.850000023841858,1.850000023841858,0,JYOTISTRUC
2020-02-03,1.7999999523162842,1.7999999523162842,1.7999999523162842,1.7999999523162842,1.7999999523162842,28100,JYOTISTRUC
2020-02-04,1.7999999523162842,1.7999999523162842,1.7999999523162842,1.7999999523162842,1.7999999523162842,0,JYOTISTRUC
2020-02-05,1.7999999523162842,1.7999999523162842,1.7999999523162842,1.7999999523162842,1.7999999523162842,0,JYOTISTRUC
2020-02-06,1.7999999523162842,1.7999999523162842,1.7999999523162842,1.7999999523162842,1.7999999523162842,0,JYOTISTRUC
2020-02-07,1.7999999523162842,1.7999999523162842,1.7999999523162842,1.7999999523162842,1.7999999523162842,0,JYOTISTRUC
2020-02-10,1.75,1.75,1.75,1.75,1.75,272629,JYOTISTRUC
2020-02-11,1.75,1.75,1.75,1.75,1.75,0,JYOTISTRUC
2020-02-12,1.75,1.75,1.75,1.75,1.75,0,JYOTISTRUC
2020-02-13,1.75,1.75,1.75,1.75,1.75,0,JYOTISTRUC
2020-02-14,1.75,1.75,1.75,1.75,1.75,0,JYOTISTRUC
2020-02-17,1.7000000476837158,1.75,1.7000000476837158,1.7000000476837158,1.7000000476837158,78002,JYOTISTRUC
2020-02-18,1.7000000476837158,1.7000000476837158,1.7000000476837158,1.7000000476837158,1.7000000476837158,0,JYOTISTRUC
2020-02-19,1.7000000476837158,1.7000000476837158,1.7000000476837158,1.7000000476837158,1.7000000476837158,0,JYOTISTRUC
2020-02-20,1.7000000476837158,1.7000000476837158,1.7000000476837158,1.7000000476837158,1.7000000476837158,0,JYOTISTRUC
2020-02-24,1.649999976158142,1.7000000476837158,1.649999976158142,1.649999976158142,1.649999976158142,33986,JYOTISTRUC
2020-02-25,1.649999976158142,1.649999976158142,1.649999976158142,1.649999976158142,1.649999976158142,0,JYOTISTRUC
2020-02-26,1.649999976158142,1.649999976158142,1.649999976158142,1.649999976158142,1.649999976158142,0,JYOTISTRUC
2020-02-27,1.649999976158142,1.649999976158142,1.649999976158142,1.649999976158142,1.649999976158142,0,JYOTISTRUC
2020-02-28,1.649999976158142,1.649999976158142,1.649999976158142,1.649999976158142,1.649999976158142,0,JYOTISTRUC
2020-03-02,1.600000023841858,1.649999976158142,1.600000023841858,1.600000023841858,1.600000023841858,86690,JYOTISTRUC
2020-03-03,1.600000023841858,1.600000023841858,1.600000023841858,1.600000023841858,1.600000023841858,0,JYOTISTRUC
2020-03-04,1.600000023841858,1.600000023841858,1.600000023841858,1.600000023841858,1.600000023841858,0,JYOTISTRUC
2020-03-05,1.600000023841858,1.600000023841858,1.600000023841858,1.600000023841858,1.600000023841858,0,JYOTISTRUC
2020-03-06,1.600000023841858,1.600000023841858,1.600000023841858,1.600000023841858,1.600000023841858,0,JYOTISTRUC
2020-03-09,1.600000023841858,1.649999976158142,1.600000023841858,1.649999976158142,1.649999976158142,151790,JYOTISTRUC
2020-03-11,1.600000023841858,1.7000000476837158,1.600000023841858,1.649999976158142,1.649999976158142,27821,JYOTISTRUC
2020-03-12,1.600000023841858,1.7000000476837158,1.600000023841858,1.600000023841858,1.600000023841858,162302,JYOTISTRUC
2020-03-13,1.5499999523162842,1.600000023841858,1.5499999523162842,1.5499999523162842,1.5499999523162842,64006,JYOTISTRUC
2020-03-16,1.5,1.600000023841858,1.5,1.600000023841858,1.600000023841858,43894,JYOTISTRUC
2020-03-17,1.649999976158142,1.649999976158142,1.5499999523162842,1.649999976158142,1.649999976158142,146047,JYOTISTRUC
2020-03-18,1.600000023841858,1.7000000476837158,1.600000023841858,1.7000000476837158,1.7000000476837158,16293,JYOTISTRUC
2020-03-19,1.649999976158142,1.75,1.649999976158142,1.7000000476837158,1.7000000476837158,187185,JYOTISTRUC
2020-03-20,1.7000000476837158,1.75,1.649999976158142,1.649999976158142,1.649999976158142,77925,JYOTISTRUC
2020-03-23,1.600000023841858,1.600000023841858,1.600000023841858,1.600000023841858,1.600000023841858,2004,JYOTISTRUC
2020-03-24,1.5499999523162842,1.5499999523162842,1.5499999523162842,1.5499999523162842,1.5499999523162842,2505,JYOTISTRUC
2020-03-25,1.5,1.5,1.5,1.5,1.5,1320,JYOTISTRUC
2020-03-26,1.4500000476837158,1.4500000476837158,1.4500000476837158,1.4500000476837158,1.4500000476837158,1905,JYOTISTRUC
2020-03-27,1.399999976158142,1.399999976158142,1.399999976158142,1.399999976158142,1.399999976158142,1105,JYOTISTRUC
2020-03-30,1.350000023841858,1.350000023841858,1.350000023841858,1.350000023841858,1.350000023841858,7749,JYOTISTRUC
2020-03-31,1.2999999523162842,1.2999999523162842,1.2999999523162842,1.2999999523162842,1.2999999523162842,14011,JYOTISTRUC
2020-04-01,1.25,1.25,1.25,1.25,1.25,4156,JYOTISTRUC
2020-04-03,1.2000000476837158,1.2000000476837158,1.2000000476837158,1.2000000476837158,1.2000000476837158,42979,JYOTISTRUC
2020-04-07,1.2000000476837158,1.25,1.149999976158142,1.2000000476837158,1.2000000476837158,57180,JYOTISTRUC
2020-04-08,1.149999976158142,1.25,1.149999976158142,1.25,1.25,34642,JYOTISTRUC
2020-04-09,1.2000000476837158,1.2999999523162842,1.2000000476837158,1.25,1.25,20428,JYOTISTRUC
2020-04-13,1.2000000476837158,1.2999999523162842,1.2000000476837158,1.2999999523162842,1.2999999523162842,4091,JYOTISTRUC
2020-04-15,1.350000023841858,1.350000023841858,1.350000023841858,1.350000023841858,1.350000023841858,9481,JYOTISTRUC
2020-04-16,1.399999976158142,1.399999976158142,1.399999976158142,1.399999976158142,1.399999976158142,3519,JYOTISTRUC
2020-04-17,1.4500000476837158,1.4500000476837158,1.4500000476837158,1.4500000476837158,1.4500000476837158,4519,JYOTISTRUC
2020-04-20,1.5,1.5,1.5,1.5,1.5,98224,JYOTISTRUC
2020-04-21,1.5499999523162842,1.5499999523162842,1.5,1.5499999523162842,1.5499999523162842,65751,JYOTISTRUC
2020-04-22,1.600000023841858,1.600000023841858,1.600000023841858,1.600000023841858,1.600000023841858,5164,JYOTISTRUC
2020-04-23,1.649999976158142,1.649999976158142,1.600000023841858,1.649999976158142,1.649999976158142,132879,JYOTISTRUC
2020-04-24,1.649999976158142,1.7000000476837158,1.600000023841858,1.7000000476837158,1.7000000476837158,23460,JYOTISTRUC
2020-04-27,1.7000000476837158,1.75,1.649999976158142,1.649999976158142,1.649999976158142,26196,JYOTISTRUC
2020-04-28,1.649999976158142,1.7000000476837158,1.600000023841858,1.649999976158142,1.649999976158142,10278,JYOTISTRUC
2020-04-29,1.649999976158142,1.7000000476837158,1.600000023841858,1.600000023841858,1.600000023841858,59460,JYOTISTRUC
2020-04-30,1.5499999523162842,1.5499999523162842,1.5499999523162842,1.5499999523162842,1.5499999523162842,39848,JYOTISTRUC
2020-05-04,1.5,1.5499999523162842,1.5,1.5,1.5,74010,JYOTISTRUC
2020-05-05,1.4500000476837158,1.4500000476837158,1.4500000476837158,1.4500000476837158,1.4500000476837158,11960,JYOTISTRUC
2020-05-06,1.399999976158142,1.4500000476837158,1.399999976158142,1.399999976158142,1.399999976158142,28339,JYOTISTRUC
2020-05-07,1.399999976158142,1.399999976158142,1.350000023841858,1.350000023841858,1.350000023841858,1125,JYOTISTRUC
2020-05-08,1.350000023841858,1.399999976158142,1.2999999523162842,1.2999999523162842,1.2999999523162842,46656,JYOTISTRUC
2020-05-11,1.2999999523162842,1.2999999523162842,1.25,1.25,1.25,34727,JYOTISTRUC
2020-05-12,1.25,1.2999999523162842,1.2000000476837158,1.2999999523162842,1.2999999523162842,59142,JYOTISTRUC
2020-05-13,1.350000023841858,1.350000023841858,1.25,1.350000023841858,1.350000023841858,82520,JYOTISTRUC
2020-05-14,1.399999976158142,1.399999976158142,1.2999999523162842,1.399999976158142,1.399999976158142,185694,JYOTISTRUC
2020-05-15,1.4500000476837158,1.4500000476837158,1.399999976158142,1.4500000476837158,1.4500000476837158,156496,JYOTISTRUC
2020-05-18,1.5,1.5,1.5,1.5,1.5,7373,JYOTISTRUC
2020-05-19,1.5499999523162842,1.5499999523162842,1.5499999523162842,1.5499999523162842,1.5499999523162842,107848,JYOTISTRUC
2020-05-20,1.600000023841858,1.600000023841858,1.600000023841858,1.600000023841858,1.600000023841858,18549,JYOTISTRUC
2020-05-21,1.649999976158142,1.649999976158142,1.649999976158142,1.649999976158142,1.649999976158142,7937,JYOTISTRUC
2020-05-22,1.649999976158142,1.7000000476837158,1.649999976158142,1.649999976158142,1.649999976158142,52384,JYOTISTRUC
2020-05-26,1.600000023841858,1.7000000476837158,1.600000023841858,1.7000000476837158,1.7000000476837158,39294,JYOTISTRUC
2020-05-27,1.75,1.75,1.75,1.75,1.75,2871,JYOTISTRUC
2020-05-28,1.7999999523162842,1.7999999523162842,1.7999999523162842,1.7999999523162842,1.7999999523162842,3912,JYOTISTRUC
2020-05-29,1.850000023841858,1.850000023841858,1.850000023841858,1.850000023841858,1.850000023841858,7226,JYOTISTRUC
2020-06-01,1.899999976158142,1.899999976158142,1.899999976158142,1.899999976158142,1.899999976158142,6995,JYOTISTRUC
2020-06-02,1.950000047683716,1.950000047683716,1.950000047683716,1.950000047683716,1.950000047683716,8531,JYOTISTRUC
2020-06-03,2.0,2.0,2.0,2.0,2.0,3458,JYOTISTRUC
2020-06-04,2.0999999046325684,2.0999999046325684,2.0999999046325684,2.0999999046325684,2.0999999046325684,6656,JYOTISTRUC
2020-06-05,2.200000047683716,2.200000047683716,2.200000047683716,2.200000047683716,2.200000047683716,16272,JYOTISTRUC
2020-06-08,2.299999952316284,2.299999952316284,2.299999952316284,2.299999952316284,2.299999952316284,2622,JYOTISTRUC
2020-06-09,2.400000095367432,2.400000095367432,2.400000095367432,2.400000095367432,2.400000095367432,4038,JYOTISTRUC
2020-06-10,2.5,2.5,2.5,2.5,2.5,2326,JYOTISTRUC
2020-06-11,2.5,2.5,2.5,2.5,2.5,0,JYOTISTRUC
2020-06-12,2.5,2.5,2.5,2.5,2.5,0,JYOTISTRUC
2020-06-15,2.5999999046325684,2.5999999046325684,2.5999999046325684,2.5999999046325684,2.5999999046325684,207473,JYOTISTRUC
2020-06-16,2.5999999046325684,2.5999999046325684,2.5999999046325684,2.5999999046325684,2.5999999046325684,0,JYOTISTRUC
2020-06-17,2.5999999046325684,2.5999999046325684,2.5999999046325684,2.5999999046325684,2.5999999046325684,0,JYOTISTRUC
2020-06-18,2.5999999046325684,2.5999999046325684,2.5999999046325684,2.5999999046325684,2.5999999046325684,0,JYOTISTRUC
2020-06-19,2.5999999046325684,2.5999999046325684,2.5999999046325684,2.5999999046325684,2.5999999046325684,0,JYOTISTRUC
2020-06-22,2.5999999046325684,2.5999999046325684,2.5999999046325684,2.5999999046325684,2.5999999046325684,12643,JYOTISTRUC
2020-06-23,2.5999999046325684,2.5999999046325684,2.5999999046325684,2.5999999046325684,2.5999999046325684,0,JYOTISTRUC
2020-06-24,2.5999999046325684,2.5999999046325684,2.5999999046325684,2.5999999046325684,2.5999999046325684,0,JYOTISTRUC
2020-06-25,2.5999999046325684,2.5999999046325684,2.5999999046325684,2.5999999046325684,2.5999999046325684,0,JYOTISTRUC
2020-06-26,2.5999999046325684,2.5999999046325684,2.5999999046325684,2.5999999046325684,2.5999999046325684,0,JYOTISTRUC
2020-06-29,2.5999999046325684,2.5999999046325684,2.549999952316284,2.5999999046325684,2.5999999046325684,59149,JYOTISTRUC
2020-06-30,2.5999999046325684,2.5999999046325684,2.5999999046325684,2.5999999046325684,2.5999999046325684,0,JYOTISTRUC
2020-07-01,2.5999999046325684,2.5999999046325684,2.5999999046325684,2.5999999046325684,2.5999999046325684,0,JYOTISTRUC
2020-07-02,2.5999999046325684,2.5999999046325684,2.5999999046325684,2.5999999046325684,2.5999999046325684,0,JYOTISTRUC
2020-07-03,2.5999999046325684,2.5999999046325684,2.5999999046325684,2.5999999046325684,2.5999999046325684,0,JYOTISTRUC
2020-07-06,2.5999999046325684,2.5999999046325684,2.5,2.5999999046325684,2.5999999046325684,102000,JYOTISTRUC
2020-07-07,2.5999999046325684,2.5999999046325684,2.5999999046325684,2.5999999046325684,2.5999999046325684,0,JYOTISTRUC
2020-07-08,2.5999999046325684,2.5999999046325684,2.5999999046325684,2.5999999046325684,2.5999999046325684,0,JYOTISTRUC
2020-07-09,2.5999999046325684,2.5999999046325684,2.5999999046325684,2.5999999046325684,2.5999999046325684,0,JYOTISTRUC
2020-07-10,2.5999999046325684,2.5999999046325684,2.5999999046325684,2.5999999046325684,2.5999999046325684,0,JYOTISTRUC
2020-07-13,2.5,2.5,2.5,2.5,2.5,130206,JYOTISTRUC
2020-07-14,2.5,2.5,2.5,2.5,2.5,0,JYOTISTRUC
2020-07-15,2.5,2.5,2.5,2.5,2.5,0,JYOTISTRUC
2020-07-16,2.5,2.5,2.5,2.5,2.5,0,JYOTISTRUC
2020-07-17,2.5,2.5,2.5,2.5,2.5,0,JYOTISTRUC
2020-07-20,2.400000095367432,2.5,2.400000095367432,2.400000095367432,2.400000095367432,214259,JYOTISTRUC
2020-07-21,2.400000095367432,2.400000095367432,2.400000095367432,2.400000095367432,2.400000095367432,0,JYOTISTRUC
2020-07-22,2.400000095367432,2.400000095367432,2.400000095367432,2.400000095367432,2.400000095367432,0,JYOTISTRUC
2020-07-23,2.400000095367432,2.400000095367432,2.400000095367432,2.400000095367432,2.400000095367432,0,JYOTISTRUC
2020-07-24,2.400000095367432,2.400000095367432,2.400000095367432,2.400000095367432,2.400000095367432,0,JYOTISTRUC
2020-07-27,2.299999952316284,2.299999952316284,2.299999952316284,2.299999952316284,2.299999952316284,15000,JYOTISTRUC
2020-07-28,2.299999952316284,2.299999952316284,2.299999952316284,2.299999952316284,2.299999952316284,0,JYOTISTRUC
2020-07-29,2.299999952316284,2.299999952316284,2.299999952316284,2.299999952316284,2.299999952316284,0,JYOTISTRUC
2020-07-30,2.299999952316284,2.299999952316284,2.299999952316284,2.299999952316284,2.299999952316284,0,JYOTISTRUC
2020-07-31,2.299999952316284,2.299999952316284,2.299999952316284,2.299999952316284,2.299999952316284,0,JYOTISTRUC
2020-08-03,2.299999952316284,2.299999952316284,2.299999952316284,2.299999952316284,2.299999952316284,0,JYOTISTRUC
2020-08-04,2.299999952316284,2.299999952316284,2.299999952316284,2.299999952316284,2.299999952316284,0,JYOTISTRUC
2020-08-05,2.299999952316284,2.299999952316284,2.299999952316284,2.299999952316284,2.299999952316284,0,JYOTISTRUC
2020-08-06,2.299999952316284,2.299999952316284,2.299999952316284,2.299999952316284,2.299999952316284,0,JYOTISTRUC
2020-08-07,2.299999952316284,2.299999952316284,2.299999952316284,2.299999952316284,2.299999952316284,0,JYOTISTRUC
2020-08-10,2.200000047683716,2.200000047683716,2.200000047683716,2.200000047683716,2.200000047683716,30100,JYOTISTRUC
2020-08-11,2.200000047683716,2.200000047683716,2.200000047683716,2.200000047683716,2.200000047683716,0,JYOTISTRUC
2020-08-12,2.200000047683716,2.200000047683716,2.200000047683716,2.200000047683716,2.200000047683716,0,JYOTISTRUC
2020-08-13,2.200000047683716,2.200000047683716,2.200000047683716,2.200000047683716,2.200000047683716,0,JYOTISTRUC
2020-08-14,2.200000047683716,2.200000047683716,2.200000047683716,2.200000047683716,2.200000047683716,0,JYOTISTRUC
2020-08-17,2.200000047683716,2.25,2.0999999046325684,2.0999999046325684,2.0999999046325684,42290,JYOTISTRUC
2020-08-18,2.0999999046325684,2.0999999046325684,2.0999999046325684,2.0999999046325684,2.0999999046325684,0,JYOTISTRUC
2020-08-19,2.0999999046325684,2.0999999046325684,2.0999999046325684,2.0999999046325684,2.0999999046325684,0,JYOTISTRUC
2020-08-20,2.0999999046325684,2.0999999046325684,2.0999999046325684,2.0999999046325684,2.0999999046325684,0,JYOTISTRUC
2020-08-21,2.0999999046325684,2.0999999046325684,2.0999999046325684,2.0999999046325684,2.0999999046325684,0,JYOTISTRUC
2020-08-24,2.0999999046325684,2.200000047683716,2.0,2.0,2.0,50328,JYOTISTRUC
2020-08-25,2.0,2.0,2.0,2.0,2.0,0,JYOTISTRUC
2020-08-26,2.0,2.0,2.0,2.0,2.0,0,JYOTISTRUC
2020-08-27,2.0,2.0,2.0,2.0,2.0,0,JYOTISTRUC
2020-08-28,2.0,2.0,2.0,2.0,2.0,0,JYOTISTRUC
2020-08-31,1.899999976158142,2.0,1.899999976158142,2.0,2.0,40225,JYOTISTRUC
2020-09-01,2.0,2.0,2.0,2.0,2.0,0,JYOTISTRUC
2020-09-02,2.0,2.0,2.0,2.0,2.0,0,JYOTISTRUC
2020-09-03,2.0,2.0,2.0,2.0,2.0,0,JYOTISTRUC
2020-09-04,2.0,2.0,2.0,2.0,2.0,0,JYOTISTRUC
2020-09-07,2.0,2.0999999046325684,1.899999976158142,2.0999999046325684,2.0999999046325684,31161,JYOTISTRUC
2020-09-08,2.0999999046325684,2.0999999046325684,2.0999999046325684,2.0999999046325684,2.0999999046325684,0,JYOTISTRUC
2020-09-09,2.0999999046325684,2.0999999046325684,2.0999999046325684,2.0999999046325684,2.0999999046325684,0,JYOTISTRUC
2020-09-10,2.0999999046325684,2.0999999046325684,2.0999999046325684,2.0999999046325684,2.0999999046325684,0,JYOTISTRUC
2020-09-11,2.0999999046325684,2.0999999046325684,2.0999999046325684,2.0999999046325684,2.0999999046325684,0,JYOTISTRUC
2020-09-14,2.0999999046325684,2.200000047683716,2.0,2.200000047683716,2.200000047683716,78540,JYOTISTRUC
2020-09-15,2.25,2.299999952316284,2.25,2.299999952316284,2.299999952316284,67660,JYOTISTRUC
2020-09-16,2.400000095367432,2.400000095367432,2.400000095367432,2.400000095367432,2.400000095367432,16149,JYOTISTRUC
2020-09-17,2.5,2.5,2.5,2.5,2.5,16423,JYOTISTRUC
2020-09-18,2.5999999046325684,2.5999999046325684,2.5999999046325684,2.5999999046325684,2.5999999046325684,60476,JYOTISTRUC
2020-09-21,2.700000047683716,2.700000047683716,2.700000047683716,2.700000047683716,2.700000047683716,18594,JYOTISTRUC
2020-09-22,2.799999952316284,2.799999952316284,2.799999952316284,2.799999952316284,2.799999952316284,5790,JYOTISTRUC
2020-09-23,2.900000095367432,2.900000095367432,2.900000095367432,2.900000095367432,2.900000095367432,21843,JYOTISTRUC
2020-09-24,3.0,3.0,3.0,3.0,3.0,139272,JYOTISTRUC
2020-09-25,3.150000095367432,3.150000095367432,3.150000095367432,3.150000095367432,3.150000095367432,15340,JYOTISTRUC
2020-09-28,3.299999952316284,3.299999952316284,3.299999952316284,3.299999952316284,3.299999952316284,5584,JYOTISTRUC
2020-09-29,3.450000047683716,3.450000047683716,3.450000047683716,3.450000047683716,3.450000047683716,2737,JYOTISTRUC
2020-09-30,3.5999999046325684,3.5999999046325684,3.5999999046325684,3.5999999046325684,3.5999999046325684,1925,JYOTISTRUC
2020-10-01,3.75,3.75,3.75,3.75,3.75,35009,JYOTISTRUC
2020-10-05,3.900000095367432,3.900000095367432,3.900000095367432,3.900000095367432,3.900000095367432,21988,JYOTISTRUC
2020-10-06,4.050000190734863,4.050000190734863,4.050000190734863,4.050000190734863,4.050000190734863,28920,JYOTISTRUC
2020-10-07,4.25,4.25,4.25,4.25,4.25,8100,JYOTISTRUC
2020-10-08,4.449999809265137,4.449999809265137,4.449999809265137,4.449999809265137,4.449999809265137,21767,JYOTISTRUC
2020-10-09,4.650000095367432,4.650000095367432,4.25,4.25,4.25,418337,JYOTISTRUC
2020-10-12,4.050000190734863,4.050000190734863,4.050000190734863,4.050000190734863,4.050000190734863,117724,JYOTISTRUC
2020-10-13,3.849999904632568,3.849999904632568,3.849999904632568,3.849999904632568,3.849999904632568,229589,JYOTISTRUC
2020-10-14,3.700000047683716,3.700000047683716,3.700000047683716,3.700000047683716,3.700000047683716,73708,JYOTISTRUC
2020-10-15,3.549999952316284,3.549999952316284,3.549999952316284,3.549999952316284,3.549999952316284,45387,JYOTISTRUC
2020-10-16,3.400000095367432,3.400000095367432,3.400000095367432,3.400000095367432,3.400000095367432,12761,JYOTISTRUC
2020-10-19,3.25,3.25,3.25,3.25,3.25,17449,JYOTISTRUC
2020-10-20,3.0999999046325684,3.0999999046325684,3.0999999046325684,3.0999999046325684,3.0999999046325684,23952,JYOTISTRUC
2020-10-21,2.950000047683716,2.950000047683716,2.950000047683716,2.950000047683716,2.950000047683716,206528,JYOTISTRUC
2020-10-22,2.8499999046325684,3.049999952316284,2.8499999046325684,3.049999952316284,3.049999952316284,453033,JYOTISTRUC
2020-10-23,3.200000047683716,3.200000047683716,3.200000047683716,3.200000047683716,3.200000047683716,7844,JYOTISTRUC
2020-10-26,3.3499999046325684,3.3499999046325684,3.049999952316284,3.049999952316284,3.049999952316284,74981,JYOTISTRUC
2020-10-27,3.200000047683716,3.200000047683716,2.900000095367432,3.200000047683716,3.200000047683716,58787,JYOTISTRUC
2020-10-28,3.3499999046325684,3.3499999046325684,3.049999952316284,3.049999952316284,3.049999952316284,47030,JYOTISTRUC
2020-10-29,2.900000095367432,3.200000047683716,2.900000095367432,3.0,3.0,81458,JYOTISTRUC
2020-10-30,2.900000095367432,3.150000095367432,2.900000095367432,3.150000095367432,3.150000095367432,45993,JYOTISTRUC
2020-11-02,3.299999952316284,3.299999952316284,3.0,3.200000047683716,3.200000047683716,29428,JYOTISTRUC
2020-11-03,3.3499999046325684,3.3499999046325684,3.3499999046325684,3.3499999046325684,3.3499999046325684,4190,JYOTISTRUC
2020-11-04,3.5,3.5,3.5,3.5,3.5,11400,JYOTISTRUC
2020-11-05,3.650000095367432,3.650000095367432,3.650000095367432,3.650000095367432,3.650000095367432,17026,JYOTISTRUC
2020-11-06,3.799999952316284,3.799999952316284,3.799999952316284,3.799999952316284,3.799999952316284,4782,JYOTISTRUC
2020-11-09,3.950000047683716,3.950000047683716,3.650000095367432,3.75,3.75,246447,JYOTISTRUC
2020-11-10,3.75,3.799999952316284,3.5999999046325684,3.5999999046325684,3.5999999046325684,149262,JYOTISTRUC
2020-11-11,3.5999999046325684,3.5999999046325684,3.450000047683716,3.450000047683716,3.450000047683716,28058,JYOTISTRUC
2020-11-12,3.299999952316284,3.299999952316284,3.299999952316284,3.299999952316284,3.299999952316284,7701,JYOTISTRUC
2020-11-13,3.299999952316284,3.450000047683716,3.150000095367432,3.3499999046325684,3.3499999046325684,50375,JYOTISTRUC
2020-11-14,3.5,3.5,3.450000047683716,3.5,3.5,35185,JYOTISTRUC
2020-11-17,3.3499999046325684,3.650000095367432,3.3499999046325684,3.650000095367432,3.650000095367432,37298,JYOTISTRUC
2020-11-18,3.799999952316284,3.799999952316284,3.5,3.650000095367432,3.650000095367432,75194,JYOTISTRUC
2020-11-19,3.5,3.75,3.5,3.5,3.5,25424,JYOTISTRUC
2020-11-20,3.650000095367432,3.650000095367432,3.3499999046325684,3.3499999046325684,3.3499999046325684,108749,JYOTISTRUC
2020-11-23,3.200000047683716,3.5,3.200000047683716,3.5,3.5,105089,JYOTISTRUC
2020-11-24,3.3499999046325684,3.650000095367432,3.3499999046325684,3.549999952316284,3.549999952316284,76843,JYOTISTRUC
2020-11-25,3.700000047683716,3.700000047683716,3.400000095367432,3.5999999046325684,3.5999999046325684,68775,JYOTISTRUC
2020-11-26,3.5999999046325684,3.650000095367432,3.450000047683716,3.450000047683716,3.450000047683716,39898,JYOTISTRUC
2020-11-27,3.549999952316284,3.5999999046325684,3.400000095367432,3.5,3.5,107953,JYOTISTRUC
2020-12-01,3.5,3.650000095367432,3.3499999046325684,3.5999999046325684,3.5999999046325684,81691,JYOTISTRUC
2020-12-02,3.700000047683716,3.75,3.549999952316284,3.75,3.75,203314,JYOTISTRUC
2020-12-03,3.900000095367432,3.900000095367432,3.75,3.900000095367432,3.900000095367432,79019,JYOTISTRUC
2020-12-04,4.050000190734863,4.050000190734863,3.75,3.799999952316284,3.799999952316284,92747,JYOTISTRUC
2020-12-07,3.950000047683716,3.950000047683716,3.650000095367432,3.950000047683716,3.950000047683716,54391,JYOTISTRUC
2020-12-08,3.799999952316284,4.099999904632568,3.799999952316284,3.950000047683716,3.950000047683716,138275,JYOTISTRUC
2020-12-09,3.950000047683716,4.099999904632568,3.799999952316284,4.099999904632568,4.099999904632568,72311,JYOTISTRUC
2020-12-10,4.099999904632568,4.25,3.900000095367432,4.199999809265137,4.199999809265137,117606,JYOTISTRUC
2020-12-11,4.349999904632568,4.400000095367432,4.199999809265137,4.400000095367432,4.400000095367432,133798,JYOTISTRUC
2020-12-14,4.599999904632568,4.599999904632568,4.5,4.599999904632568,4.599999904632568,75827,JYOTISTRUC
2020-12-15,4.800000190734863,4.800000190734863,4.650000095367432,4.800000190734863,4.800000190734863,58058,JYOTISTRUC
2020-12-16,5.0,5.0,5.0,5.0,5.0,24239,JYOTISTRUC
2020-12-17,5.25,5.25,5.25,5.25,5.25,14629,JYOTISTRUC
2020-12-18,5.5,5.5,5.0,5.150000095367432,5.150000095367432,235229,JYOTISTRUC
2020-12-21,5.400000095367432,5.400000095367432,4.900000095367432,4.900000095367432,4.900000095367432,208461,JYOTISTRUC
2020-12-22,4.75,5.099999904632568,4.699999809265137,5.0,5.0,100217,JYOTISTRUC
2020-12-23,5.25,5.25,4.800000190734863,5.25,5.25,55289,JYOTISTRUC
2020-12-24,5.5,5.5,5.0,5.300000190734863,5.300000190734863,88671,JYOTISTRUC
2020-12-28,5.449999809265137,5.550000190734863,5.050000190734863,5.5,5.5,209188,JYOTISTRUC
2020-12-29,5.699999809265137,5.75,5.25,5.75,5.75,261965,JYOTISTRUC
2020-12-30,6.0,6.0,5.800000190734863,6.0,6.0,254758,JYOTISTRUC
2020-12-31,6.300000190734863,6.300000190734863,6.300000190734863,6.300000190734863,6.300000190734863,49292,JYOTISTRUC
2021-01-01,6.599999904632568,6.599999904632568,6.599999904632568,6.599999904632568,6.599999904632568,40787,JYOTISTRUC
2021-01-04,6.900000095367432,6.900000095367432,6.900000095367432,6.900000095367432,6.900000095367432,55284,JYOTISTRUC
2021-01-05,7.199999809265137,7.199999809265137,7.199999809265137,7.199999809265137,7.199999809265137,30490,JYOTISTRUC
2021-01-06,7.550000190734863,7.550000190734863,7.550000190734863,7.550000190734863,7.550000190734863,132724,JYOTISTRUC
2021-01-07,7.900000095367432,7.900000095367432,7.900000095367432,7.900000095367432,7.900000095367432,204700,JYOTISTRUC
2021-01-08,8.25,8.25,7.550000190734863,7.550000190734863,7.550000190734863,396981,JYOTISTRUC
2021-01-11,7.550000190734863,7.550000190734863,7.550000190734863,7.550000190734863,7.550000190734863,0,JYOTISTRUC
2021-01-12,7.550000190734863,7.550000190734863,7.550000190734863,7.550000190734863,7.550000190734863,0,JYOTISTRUC
2021-01-13,7.550000190734863,7.550000190734863,7.550000190734863,7.550000190734863,7.550000190734863,0,JYOTISTRUC
2021-01-14,7.550000190734863,7.550000190734863,7.550000190734863,7.550000190734863,7.550000190734863,0,JYOTISTRUC
2021-01-15,7.550000190734863,7.550000190734863,7.550000190734863,7.550000190734863,7.550000190734863,0,JYOTISTRUC
2021-01-18,7.199999809265137,7.199999809265137,7.199999809265137,7.199999809265137,7.199999809265137,335260,JYOTISTRUC
2021-01-19,7.199999809265137,7.199999809265137,7.199999809265137,7.199999809265137,7.199999809265137,0,JYOTISTRUC
2021-01-20,7.199999809265137,7.199999809265137,7.199999809265137,7.199999809265137,7.199999809265137,0,JYOTISTRUC
2021-01-21,7.199999809265137,7.199999809265137,7.199999809265137,7.199999809265137,7.199999809265137,0,JYOTISTRUC
2021-01-22,7.199999809265137,7.199999809265137,7.199999809265137,7.199999809265137,7.199999809265137,0,JYOTISTRUC
2021-01-25,6.849999904632568,6.849999904632568,6.849999904632568,6.849999904632568,6.849999904632568,1051,JYOTISTRUC
2021-01-27,6.849999904632568,6.849999904632568,6.849999904632568,6.849999904632568,6.849999904632568,0,JYOTISTRUC
2021-01-28,6.849999904632568,6.849999904632568,6.849999904632568,6.849999904632568,6.849999904632568,0,JYOTISTRUC
2021-01-29,6.849999904632568,6.849999904632568,6.849999904632568,6.849999904632568,6.849999904632568,0,JYOTISTRUC
2021-02-01,6.550000190734863,6.550000190734863,6.550000190734863,6.550000190734863,6.550000190734863,105700,JYOTISTRUC
2021-02-02,6.550000190734863,6.550000190734863,6.550000190734863,6.550000190734863,6.550000190734863,0,JYOTISTRUC
2021-02-03,6.550000190734863,6.550000190734863,6.550000190734863,6.550000190734863,6.550000190734863,0,JYOTISTRUC
2021-02-04,6.550000190734863,6.550000190734863,6.550000190734863,6.550000190734863,6.550000190734863,0,JYOTISTRUC
2021-02-05,6.550000190734863,6.550000190734863,6.550000190734863,6.550000190734863,6.550000190734863,0,JYOTISTRUC
2021-02-08,6.25,6.25,6.25,6.25,6.25,25200,JYOTISTRUC
2021-02-09,5.949999809265137,5.949999809265137,5.949999809265137,5.949999809265137,5.949999809265137,1200,JYOTISTRUC
2021-02-10,5.949999809265137,5.949999809265137,5.949999809265137,5.949999809265137,5.949999809265137,0,JYOTISTRUC
2021-02-11,5.699999809265137,5.699999809265137,5.699999809265137,5.699999809265137,5.699999809265137,500,JYOTISTRUC
2021-02-12,5.699999809265137,5.699999809265137,5.699999809265137,5.699999809265137,5.699999809265137,0,JYOTISTRUC
2021-02-15,5.449999809265137,5.449999809265137,5.449999809265137,5.449999809265137,5.449999809265137,1000,JYOTISTRUC
2021-02-16,5.449999809265137,5.449999809265137,5.449999809265137,5.449999809265137,5.449999809265137,0,JYOTISTRUC
2021-02-17,5.449999809265137,5.449999809265137,5.449999809265137,5.449999809265137,5.449999809265137,0,JYOTISTRUC
2021-02-18,5.199999809265137,5.199999809265137,5.199999809265137,5.199999809265137,5.199999809265137,525,JYOTISTRUC
2021-02-19,5.199999809265137,5.199999809265137,5.199999809265137,5.199999809265137,5.199999809265137,0,JYOTISTRUC
2021-02-22,5.199999809265137,5.199999809265137,5.199999809265137,5.199999809265137,5.199999809265137,0,JYOTISTRUC
2021-02-23,5.199999809265137,5.199999809265137,5.199999809265137,5.199999809265137,5.199999809265137,0,JYOTISTRUC
2021-02-24,5.199999809265137,5.199999809265137,5.199999809265137,5.199999809265137,5.199999809265137,0,JYOTISTRUC
2021-02-25,4.75,4.75,4.75,4.75,4.75,100,JYOTISTRUC
2021-02-26,4.550000190734863,4.550000190734863,4.550000190734863,4.550000190734863,4.550000190734863,100,JYOTISTRUC
2021-03-01,4.550000190734863,4.550000190734863,4.550000190734863,4.550000190734863,4.550000190734863,0,JYOTISTRUC
2021-03-02,4.449999809265137,4.650000095367432,4.349999904632568,4.400000095367432,4.400000095367432,110316,JYOTISTRUC
2021-03-03,4.199999809265137,4.599999904632568,4.199999809265137,4.550000190734863,4.550000190734863,163748,JYOTISTRUC
2021-03-04,4.349999904632568,4.75,4.349999904632568,4.699999809265137,4.699999809265137,44958,JYOTISTRUC
2021-03-05,4.5,4.900000095367432,4.5,4.75,4.75,59977,JYOTISTRUC
2021-03-08,4.900000095367432,4.949999809265137,4.550000190734863,4.550000190734863,4.550000190734863,598362,JYOTISTRUC
2021-03-09,4.699999809265137,4.75,4.349999904632568,4.400000095367432,4.400000095367432,569948,JYOTISTRUC
2021-03-10,4.25,4.599999904632568,4.199999809265137,4.199999809265137,4.199999809265137,574842,JYOTISTRUC
2021-03-12,4.400000095367432,4.400000095367432,4.0,4.0,4.0,103255,JYOTISTRUC
2021-03-15,4.0,4.199999809265137,3.799999952316284,3.950000047683716,3.950000047683716,85903,JYOTISTRUC
2021-03-16,3.799999952316284,4.099999904632568,3.799999952316284,4.0,4.0,75116,JYOTISTRUC
2021-03-17,4.199999809265137,4.199999809265137,3.799999952316284,4.0,4.0,151625,JYOTISTRUC
2021-03-18,4.199999809265137,4.199999809265137,3.849999904632568,4.050000190734863,4.050000190734863,73991,JYOTISTRUC
2021-03-19,4.25,4.25,3.900000095367432,4.0,4.0,264361,JYOTISTRUC
2021-03-22,3.900000095367432,4.199999809265137,3.900000095367432,4.150000095367432,4.150000095367432,35447,JYOTISTRUC
2021-03-23,4.150000095367432,4.199999809265137,3.950000047683716,4.050000190734863,4.050000190734863,55135,JYOTISTRUC
2021-03-24,3.950000047683716,4.25,3.950000047683716,4.25,4.25,43613,JYOTISTRUC
2021-03-25,4.099999904632568,4.449999809265137,4.099999904632568,4.400000095367432,4.400000095367432,134284,JYOTISTRUC
2021-03-26,4.199999809265137,4.599999904632568,4.199999809265137,4.550000190734863,4.550000190734863,35143,JYOTISTRUC
2021-03-30,4.349999904632568,4.75,4.349999904632568,4.75,4.75,235356,JYOTISTRUC
2021-03-31,4.949999809265137,4.949999809265137,4.550000190734863,4.900000095367432,4.900000095367432,69788,JYOTISTRUC
2021-04-01,4.900000095367432,5.099999904632568,4.75,5.099999904632568,5.099999904632568,155180,JYOTISTRUC
2021-04-05,5.349999904632568,5.349999904632568,5.0,5.349999904632568,5.349999904632568,132722,JYOTISTRUC
2021-04-06,5.599999904632568,5.599999904632568,5.5,5.599999904632568,5.599999904632568,73906,JYOTISTRUC
2021-04-07,5.800000190734863,5.849999904632568,5.800000190734863,5.849999904632568,5.849999904632568,89398,JYOTISTRUC
2021-04-08,6.099999904632568,6.099999904632568,6.099999904632568,6.099999904632568,6.099999904632568,43298,JYOTISTRUC
2021-04-09,6.400000095367432,6.400000095367432,6.400000095367432,6.400000095367432,6.400000095367432,16538,JYOTISTRUC
2021-04-12,6.699999809265137,6.699999809265137,6.099999904632568,6.699999809265137,6.699999809265137,427943,JYOTISTRUC
2021-04-13,7.0,7.0,7.0,7.0,7.0,72664,JYOTISTRUC
2021-04-15,7.349999904632568,7.349999904632568,6.849999904632568,7.150000095367432,7.150000095367432,155379,JYOTISTRUC
2021-04-16,6.800000190734863,7.449999809265137,6.800000190734863,7.300000190734863,7.300000190734863,105509,JYOTISTRUC
2021-04-19,6.949999809265137,6.949999809265137,6.949999809265137,6.949999809265137,6.949999809265137,3600,JYOTISTRUC
2021-04-20,6.949999809265137,6.949999809265137,6.650000095367432,6.650000095367432,6.650000095367432,58052,JYOTISTRUC
2021-04-22,6.349999904632568,6.949999809265137,6.349999904632568,6.349999904632568,6.349999904632568,37760,JYOTISTRUC
2021-04-23,6.150000095367432,6.400000095367432,6.050000190734863,6.099999904632568,6.099999904632568,41236,JYOTISTRUC
2021-04-26,5.800000190734863,6.199999809265137,5.800000190734863,6.0,6.0,50535,JYOTISTRUC
2021-04-27,6.0,6.0,5.699999809265137,5.800000190734863,5.800000190734863,48074,JYOTISTRUC
2021-04-28,5.550000190734863,5.949999809265137,5.550000190734863,5.599999904632568,5.599999904632568,25853,JYOTISTRUC
2021-04-29,5.349999904632568,5.849999904632568,5.349999904632568,5.5,5.5,21078,JYOTISTRUC
2021-04-30,5.25,5.599999904632568,5.25,5.25,5.25,28775,JYOTISTRUC
2021-05-03,5.0,5.150000095367432,5.0,5.0,5.0,10561,JYOTISTRUC
2021-05-04,4.75,5.050000190734863,4.75,4.75,4.75,33454,JYOTISTRUC
2021-05-05,4.550000190734863,4.949999809265137,4.550000190734863,4.800000190734863,4.800000190734863,37146,JYOTISTRUC
2021-05-06,4.650000095367432,5.0,4.599999904632568,5.0,5.0,30770,JYOTISTRUC
2021-05-07,5.0,5.050000190734863,4.75,4.800000190734863,4.800000190734863,10350,JYOTISTRUC
2021-05-10,4.599999904632568,4.599999904632568,4.599999904632568,4.599999904632568,4.599999904632568,27340,JYOTISTRUC
2021-05-11,4.400000095367432,4.599999904632568,4.400000095367432,4.400000095367432,4.400000095367432,42971,JYOTISTRUC
2021-05-12,4.199999809265137,4.599999904632568,4.199999809265137,4.599999904632568,4.599999904632568,33131,JYOTISTRUC
2021-05-14,4.5,4.800000190734863,4.5,4.800000190734863,4.800000190734863,8756,JYOTISTRUC
2021-05-17,4.699999809265137,5.0,4.599999904632568,5.0,5.0,40562,JYOTISTRUC
2021-05-18,5.0,5.199999809265137,4.75,4.800000190734863,4.800000190734863,28125,JYOTISTRUC
2021-05-19,4.650000095367432,5.0,4.650000095367432,4.75,4.75,22133,JYOTISTRUC
2021-05-20,4.599999904632568,4.900000095367432,4.599999904632568,4.849999904632568,4.849999904632568,13959,JYOTISTRUC
2021-05-21,4.699999809265137,5.050000190734863,4.699999809265137,4.699999809265137,4.699999809265137,62738,JYOTISTRUC
2021-05-24,4.550000190734863,4.699999809265137,4.5,4.5,4.5,38700,JYOTISTRUC
2021-05-25,4.400000095367432,4.5,4.300000190734863,4.5,4.5,42829,JYOTISTRUC
2021-05-26,4.349999904632568,4.599999904632568,4.300000190734863,4.349999904632568,4.349999904632568,64526,JYOTISTRUC
2021-05-27,4.199999809265137,4.550000190734863,4.150000095367432,4.550000190734863,4.550000190734863,28852,JYOTISTRUC
2021-05-28,4.5,4.699999809265137,4.349999904632568,4.400000095367432,4.400000095367432,83035,JYOTISTRUC
2021-05-31,4.5,4.599999904632568,4.5,4.599999904632568,4.599999904632568,13857,JYOTISTRUC
2021-06-01,4.599999904632568,4.800000190734863,4.550000190734863,4.800000190734863,4.800000190734863,16052,JYOTISTRUC
2021-06-02,4.650000095367432,5.0,4.599999904632568,5.0,5.0,49813,JYOTISTRUC
2021-06-03,4.800000190734863,5.25,4.800000190734863,5.25,5.25,39790,JYOTISTRUC
2021-06-04,5.0,5.400000095367432,5.0,5.0,5.0,30979,JYOTISTRUC
2021-06-07,4.75,5.25,4.75,4.75,4.75,43293,JYOTISTRUC
2021-06-08,4.949999809265137,4.949999809265137,4.550000190734863,4.900000095367432,4.900000095367432,63422,JYOTISTRUC
2021-06-09,5.099999904632568,5.099999904632568,4.699999809265137,5.050000190734863,5.050000190734863,67621,JYOTISTRUC
2021-06-10,5.050000190734863,5.300000190734863,4.900000095367432,5.300000190734863,5.300000190734863,72288,JYOTISTRUC
2021-06-11,5.25,5.550000190734863,5.150000095367432,5.550000190734863,5.550000190734863,184097,JYOTISTRUC
2021-06-14,5.699999809265137,5.800000190734863,5.449999809265137,5.800000190734863,5.800000190734863,155942,JYOTISTRUC
2021-06-15,6.0,6.050000190734863,6.0,6.050000190734863,6.050000190734863,133752,JYOTISTRUC
2021-06-16,6.050000190734863,6.349999904632568,5.75,6.150000095367432,6.150000095367432,472485,JYOTISTRUC
2021-06-17,6.300000190734863,6.400000095367432,5.849999904632568,5.849999904632568,5.849999904632568,97283,JYOTISTRUC
2021-06-18,5.900000095367432,5.900000095367432,5.599999904632568,5.599999904632568,5.599999904632568,82423,JYOTISTRUC
2021-06-21,5.75,5.849999904632568,5.349999904632568,5.849999904632568,5.849999904632568,92978,JYOTISTRUC
2021-06-22,6.099999904632568,6.099999904632568,5.800000190734863,6.099999904632568,6.099999904632568,139469,JYOTISTRUC
2021-06-23,6.300000190734863,6.400000095367432,6.300000190734863,6.400000095367432,6.400000095367432,27562,JYOTISTRUC
2021-06-24,6.599999904632568,6.699999809265137,6.599999904632568,6.699999809265137,6.699999809265137,21522,JYOTISTRUC
2021-06-25,7.0,7.0,7.0,7.0,7.0,28415,JYOTISTRUC
2021-06-28,7.349999904632568,7.349999904632568,7.349999904632568,7.349999904632568,7.349999904632568,23627,JYOTISTRUC
2021-06-29,7.699999809265137,7.699999809265137,7.699999809265137,7.699999809265137,7.699999809265137,20287,JYOTISTRUC
2021-06-30,8.050000190734863,8.050000190734863,8.050000190734863,8.050000190734863,8.050000190734863,30752,JYOTISTRUC
2021-07-01,8.449999809265137,8.449999809265137,8.449999809265137,8.449999809265137,8.449999809265137,28068,JYOTISTRUC
2021-07-02,8.850000381469727,8.850000381469727,8.850000381469727,8.850000381469727,8.850000381469727,265446,JYOTISTRUC
2021-07-05,9.25,9.25,9.25,9.25,9.25,25386,JYOTISTRUC
2021-07-06,9.699999809265137,9.699999809265137,8.800000190734863,9.0,9.0,779057,JYOTISTRUC
2021-07-07,8.899999618530273,9.449999809265137,8.550000190734863,9.449999809265137,9.449999809265137,442948,JYOTISTRUC
2021-07-08,9.899999618530272,9.899999618530272,9.899999618530272,9.899999618530272,9.899999618530272,63592,JYOTISTRUC
2021-07-09,10.350000381469728,10.350000381469728,10.350000381469728,10.350000381469728,10.350000381469728,63897,JYOTISTRUC
2021-07-12,10.850000381469728,10.850000381469728,9.850000381469728,10.0,10.0,811378,JYOTISTRUC
2021-07-13,10.0,10.5,9.5,9.699999809265137,9.699999809265137,248258,JYOTISTRUC
2021-07-14,9.699999809265137,10.0,9.25,9.25,9.25,157584,JYOTISTRUC
2021-07-15,8.850000381469727,9.5,8.800000190734863,8.800000190734863,8.800000190734863,110042,JYOTISTRUC
2021-07-16,8.399999618530273,8.399999618530273,8.399999618530273,8.399999618530273,8.399999618530273,275662,JYOTISTRUC
2021-07-19,8.649999618530273,8.800000190734863,8.0,8.800000190734863,8.800000190734863,153724,JYOTISTRUC
2021-07-20,8.5,9.199999809265137,8.5,9.199999809265137,9.199999809265137,197058,JYOTISTRUC
2021-07-22,9.5,9.649999618530272,9.25,9.649999618530272,9.649999618530272,227180,JYOTISTRUC
2021-07-23,10.100000381469728,10.100000381469728,10.100000381469728,10.100000381469728,10.100000381469728,255641,JYOTISTRUC
2021-07-26,10.600000381469728,10.600000381469728,10.5,10.600000381469728,10.600000381469728,675094,JYOTISTRUC
2021-07-27,11.100000381469728,11.100000381469728,10.949999809265137,11.100000381469728,11.100000381469728,416654,JYOTISTRUC
2021-07-28,11.649999618530272,11.649999618530272,11.649999618530272,11.649999618530272,11.649999618530272,320538,JYOTISTRUC
2021-07-29,12.199999809265137,12.199999809265137,12.199999809265137,12.199999809265137,12.199999809265137,159370,JYOTISTRUC
2021-07-30,12.800000190734863,12.800000190734863,12.800000190734863,12.800000190734863,12.800000190734863,202195,JYOTISTRUC
2021-08-02,13.399999618530272,13.399999618530272,13.399999618530272,13.399999618530272,13.399999618530272,204432,JYOTISTRUC
2021-08-03,14.050000190734863,14.050000190734863,14.050000190734863,14.050000190734863,14.050000190734863,121306,JYOTISTRUC
2021-08-04,14.75,14.75,14.75,14.75,14.75,84797,JYOTISTRUC
2021-08-05,15.449999809265137,15.449999809265137,14.050000190734863,14.600000381469728,14.600000381469728,1326779,JYOTISTRUC
2021-08-06,14.949999809265137,15.0,13.899999618530272,13.899999618530272,13.899999618530272,82786,JYOTISTRUC
2021-08-09,13.25,13.25,13.25,13.25,13.25,44459,JYOTISTRUC
2021-08-10,12.600000381469728,12.600000381469728,12.600000381469728,12.600000381469728,12.600000381469728,11162,JYOTISTRUC
2021-08-11,12.0,12.0,12.0,12.0,12.0,6042,JYOTISTRUC
2021-08-12,11.399999618530272,12.600000381469728,11.399999618530272,12.600000381469728,12.600000381469728,776890,JYOTISTRUC
2021-08-13,13.050000190734863,13.199999809265137,12.0,12.0,12.0,494479,JYOTISTRUC
2021-08-16,11.449999809265137,12.600000381469728,11.399999618530272,11.899999618530272,11.899999618530272,312920,JYOTISTRUC
2021-08-17,11.5,12.399999618530272,11.350000381469728,11.350000381469728,11.350000381469728,106058,JYOTISTRUC
2021-08-18,10.800000190734863,11.850000381469728,10.800000190734863,10.800000190734863,10.800000190734863,169519,JYOTISTRUC
2021-08-20,10.350000381469728,10.75,10.300000190734863,10.300000190734863,10.300000190734863,242159,JYOTISTRUC
2021-08-23,9.800000190734863,10.300000190734863,9.800000190734863,9.800000190734863,9.800000190734863,129384,JYOTISTRUC
2021-08-24,9.350000381469728,10.25,9.350000381469728,9.550000190734863,9.550000190734863,381721,JYOTISTRUC
2021-08-25,9.800000190734863,10.0,9.800000190734863,10.0,10.0,30531,JYOTISTRUC
2021-08-26,10.5,10.5,10.5,10.5,10.5,38124,JYOTISTRUC
2021-08-27,11.0,11.0,11.0,11.0,11.0,26818,JYOTISTRUC
2021-08-30,11.550000190734863,11.550000190734863,11.550000190734863,11.550000190734863,11.550000190734863,20256,JYOTISTRUC
2021-08-31,12.100000381469728,12.100000381469728,12.100000381469728,12.100000381469728,12.100000381469728,56520,JYOTISTRUC
2021-09-01,12.699999809265137,12.699999809265137,12.699999809265137,12.699999809265137,12.699999809265137,133756,JYOTISTRUC
2021-09-02,13.300000190734863,13.300000190734863,12.100000381469728,12.899999618530272,12.899999618530272,297785,JYOTISTRUC
2021-09-03,13.449999809265137,13.449999809265137,12.350000381469728,12.5,12.5,137005,JYOTISTRUC
2021-09-06,12.850000381469728,12.899999618530272,11.899999618530272,11.899999618530272,11.899999618530272,139097,JYOTISTRUC
2021-09-07,11.899999618530272,12.449999809265137,11.550000190734863,12.199999809265137,12.199999809265137,213871,JYOTISTRUC
2021-09-08,12.199999809265137,12.800000190734863,12.199999809265137,12.800000190734863,12.800000190734863,252743,JYOTISTRUC
2021-09-09,13.399999618530272,13.399999618530272,13.399999618530272,13.399999618530272,13.399999618530272,318998,JYOTISTRUC
2021-09-13,14.050000190734863,14.050000190734863,14.050000190734863,14.050000190734863,14.050000190734863,242308,JYOTISTRUC
2021-09-14,14.75,14.75,14.75,14.75,14.75,403253,JYOTISTRUC
2021-09-15,15.449999809265137,15.449999809265137,15.449999809265137,15.449999809265137,15.449999809265137,391452,JYOTISTRUC
2021-09-16,16.200000762939453,16.200000762939453,14.850000381469728,16.049999237060547,16.049999237060547,1374856,JYOTISTRUC
2021-09-17,16.049999237060547,16.049999237060547,15.25,15.25,15.25,631360,JYOTISTRUC
2021-09-20,16.0,16.0,15.0,15.949999809265137,15.949999809265137,487612,JYOTISTRUC
2021-09-21,16.700000762939453,16.700000762939453,15.199999809265137,15.899999618530272,15.899999618530272,405531,JYOTISTRUC
2021-09-22,15.699999809265137,16.100000381469727,15.5,15.600000381469728,15.600000381469728,163501,JYOTISTRUC
2021-09-23,16.350000381469727,16.350000381469727,15.100000381469728,15.449999809265137,15.449999809265137,216953,JYOTISTRUC
2021-09-24,15.800000190734863,15.800000190734863,15.199999809265137,15.399999618530272,15.399999618530272,107155,JYOTISTRUC
2021-09-27,15.0,16.100000381469727,15.0,15.600000381469728,15.600000381469728,147091,JYOTISTRUC
2021-09-28,16.0,16.0,15.0,15.600000381469728,15.600000381469728,182846,JYOTISTRUC
2021-09-29,15.199999809265137,15.5,14.850000381469728,15.149999618530272,15.149999618530272,112523,JYOTISTRUC
2021-09-30,15.449999809265137,15.649999618530272,14.800000190734863,14.949999809265137,14.949999809265137,71929,JYOTISTRUC
2021-10-01,15.0,15.399999618530272,14.699999809265137,15.300000190734863,15.300000190734863,82418,JYOTISTRUC
2021-10-04,14.649999618530272,16.0,14.649999618530272,15.449999809265137,15.449999809265137,159067,JYOTISTRUC
2021-10-05,15.949999809265137,15.949999809265137,15.100000381469728,15.199999809265137,15.199999809265137,122975,JYOTISTRUC
2021-10-06,15.300000190734863,15.949999809265137,14.699999809265137,15.199999809265137,15.199999809265137,114090,JYOTISTRUC
2021-10-07,15.75,15.850000381469728,15.149999618530272,15.600000381469728,15.600000381469728,122261,JYOTISTRUC
2021-10-08,15.949999809265137,16.0,15.5,15.5,15.5,82234,JYOTISTRUC
2021-10-11,16.200000762939453,16.25,15.850000381469728,16.25,16.25,337563,JYOTISTRUC
2021-10-12,16.799999237060547,17.049999237060547,16.799999237060547,17.049999237060547,17.049999237060547,236910,JYOTISTRUC
2021-10-13,17.899999618530273,17.899999618530273,17.5,17.799999237060547,17.799999237060547,448392,JYOTISTRUC
2021-10-14,18.0,18.64999961853028,17.799999237060547,18.64999961853028,18.64999961853028,426830,JYOTISTRUC
2021-10-18,19.5,19.549999237060547,19.100000381469727,19.549999237060547,19.549999237060547,82319,JYOTISTRUC
2021-10-19,20.5,20.5,19.600000381469727,20.25,20.25,526675,JYOTISTRUC
2021-10-20,21.25,21.25,19.25,20.850000381469727,20.850000381469727,723093,JYOTISTRUC
2021-10-21,21.0,21.600000381469727,19.850000381469727,19.950000762939453,19.950000762939453,260447,JYOTISTRUC
2021-10-22,20.0,20.850000381469727,19.0,19.0,19.0,228750,JYOTISTRUC
2021-10-25,19.75,19.75,18.049999237060547,18.049999237060547,18.049999237060547,108406,JYOTISTRUC
2021-10-26,17.25,18.5,17.149999618530273,17.899999618530273,17.899999618530273,235298,JYOTISTRUC
2021-10-27,18.299999237060547,18.64999961853028,17.5,18.25,18.25,71873,JYOTISTRUC
2021-10-28,18.299999237060547,19.14999961853028,18.299999237060547,19.14999961853028,19.14999961853028,202747,JYOTISTRUC
2021-10-29,19.549999237060547,20.100000381469727,19.39999961853028,20.100000381469727,20.100000381469727,109006,JYOTISTRUC
2021-11-01,20.799999237060547,21.100000381469727,20.200000762939453,20.5,20.5,108715,JYOTISTRUC
2021-11-02,21.450000762939453,21.5,19.75,20.0,20.0,108059,JYOTISTRUC
2021-11-03,20.799999237060547,21.0,19.600000381469727,19.75,19.75,36123,JYOTISTRUC
2021-11-04,20.700000762939453,20.700000762939453,19.350000381469727,20.100000381469727,20.100000381469727,40699,JYOTISTRUC
2021-11-08,20.100000381469727,20.89999961853028,19.100000381469727,19.25,19.25,108551,JYOTISTRUC
2021-11-09,19.600000381469727,20.200000762939453,19.14999961853028,19.5,19.5,52694,JYOTISTRUC
2021-11-10,19.799999237060547,20.450000762939453,19.700000762939453,20.100000381469727,20.100000381469727,241823,JYOTISTRUC
2021-11-11,20.39999961853028,20.39999961853028,19.25,19.850000381469727,19.850000381469727,69411,JYOTISTRUC
2021-11-12,20.600000381469727,20.600000381469727,19.5,19.549999237060547,19.549999237060547,167745,JYOTISTRUC
2021-11-15,19.14999961853028,20.350000381469727,18.700000762939453,18.850000381469727,18.850000381469727,103894,JYOTISTRUC
2021-11-16,18.5,18.850000381469727,18.0,18.049999237060547,18.049999237060547,89781,JYOTISTRUC
2021-11-17,18.64999961853028,18.64999961853028,17.5,17.850000381469727,17.850000381469727,52766,JYOTISTRUC
2021-11-18,18.700000762939453,18.700000762939453,17.0,17.0,17.0,237103,JYOTISTRUC
2021-11-22,17.0,17.0,16.149999618530273,16.149999618530273,16.149999618530273,118485,JYOTISTRUC
2021-11-23,16.0,16.950000762939453,15.350000381469728,16.649999618530273,16.649999618530273,118658,JYOTISTRUC
2021-11-24,16.899999618530273,17.25,15.899999618530272,16.0,16.0,115869,JYOTISTRUC
2021-11-25,16.049999237060547,16.5,15.850000381469728,16.0,16.0,75260,JYOTISTRUC
2021-11-26,16.649999618530273,16.649999618530273,15.199999809265137,15.899999618530272,15.899999618530272,182049,JYOTISTRUC
2021-11-29,15.199999809265137,15.899999618530272,15.149999618530272,15.399999618530272,15.399999618530272,111349,JYOTISTRUC
2021-11-30,15.5,16.149999618530273,14.649999618530272,16.149999618530273,16.149999618530273,161752,JYOTISTRUC
2021-12-01,16.5,16.950000762939453,15.5,16.399999618530273,16.399999618530273,97195,JYOTISTRUC
2021-12-02,16.0,17.200000762939453,16.0,17.200000762939453,17.200000762939453,79188,JYOTISTRUC
2021-12-03,17.950000762939453,18.049999237060547,17.25,18.049999237060547,18.049999237060547,61741,JYOTISTRUC
2021-12-06,18.89999961853028,18.950000762939453,17.799999237060547,18.89999961853028,18.89999961853028,219806,JYOTISTRUC
2021-12-07,19.700000762939453,19.799999237060547,18.14999961853028,18.799999237060547,18.799999237060547,89616,JYOTISTRUC
2021-12-08,18.89999961853028,19.39999961853028,17.899999618530273,18.549999237060547,18.549999237060547,86019,JYOTISTRUC
2021-12-09,18.5,19.450000762939453,18.5,19.299999237060547,19.299999237060547,184010,JYOTISTRUC
2021-12-10,20.100000381469727,20.25,19.0,19.64999961853028,19.64999961853028,108154,JYOTISTRUC
2021-12-13,20.0,20.0,18.700000762939453,18.950000762939453,18.950000762939453,115955,JYOTISTRUC
2021-12-14,18.950000762939453,19.5,18.100000381469727,18.600000381469727,18.600000381469727,60032,JYOTISTRUC
2021-12-15,18.049999237060547,18.89999961853028,18.049999237060547,18.100000381469727,18.100000381469727,166582,JYOTISTRUC
2021-12-16,18.5,18.600000381469727,18.0,18.5,18.5,92402,JYOTISTRUC
2021-12-17,18.5,18.700000762939453,17.600000381469727,17.799999237060547,17.799999237060547,152672,JYOTISTRUC
2021-12-20,18.39999961853028,18.39999961853028,16.950000762939453,17.350000381469727,17.350000381469727,160513,JYOTISTRUC
2021-12-21,17.0,17.799999237060547,16.5,16.799999237060547,16.799999237060547,86371,JYOTISTRUC
2021-12-22,17.149999618530273,17.200000762939453,16.200000762939453,16.700000762939453,16.700000762939453,88395,JYOTISTRUC
2021-12-23,17.049999237060547,17.399999618530273,16.0,17.0,17.0,149010,JYOTISTRUC
2021-12-24,17.0,17.799999237060547,17.0,17.299999237060547,17.299999237060547,55784,JYOTISTRUC
2021-12-27,17.5,18.14999961853028,17.0,18.0,18.0,49296,JYOTISTRUC
2021-12-28,18.450000762939453,18.450000762939453,17.25,18.25,18.25,119370,JYOTISTRUC
2021-12-29,18.549999237060547,18.549999237060547,17.600000381469727,17.649999618530273,17.649999618530273,88328,JYOTISTRUC
2021-12-30,17.700000762939453,18.299999237060547,17.299999237060547,17.799999237060547,17.799999237060547,38270,JYOTISTRUC
2021-12-31,16.950000762939453,18.299999237060547,16.950000762939453,17.649999618530273,17.649999618530273,81973,JYOTISTRUC
2022-01-03,18.0,18.200000762939453,17.049999237060547,17.5,17.5,88397,JYOTISTRUC
2022-01-04,17.899999618530273,17.899999618530273,16.649999618530273,16.799999237060547,16.799999237060547,144769,JYOTISTRUC
2022-01-05,17.25,17.600000381469727,17.25,17.600000381469727,17.600000381469727,41490,JYOTISTRUC
2022-01-06,18.450000762939453,18.450000762939453,18.450000762939453,18.450000762939453,18.450000762939453,85874,JYOTISTRUC
2022-01-07,19.350000381469727,19.350000381469727,19.350000381469727,19.350000381469727,19.350000381469727,81783,JYOTISTRUC
2022-01-10,20.299999237060547,20.299999237060547,20.299999237060547,20.299999237060547,20.299999237060547,109114,JYOTISTRUC
2022-01-11,21.299999237060547,21.299999237060547,21.299999237060547,21.299999237060547,21.299999237060547,74414,JYOTISTRUC
2022-01-12,22.350000381469727,22.350000381469727,22.350000381469727,22.350000381469727,22.350000381469727,106825,JYOTISTRUC
2022-01-13,23.450000762939453,23.450000762939453,21.25,23.350000381469727,23.350000381469727,1120131,JYOTISTRUC
2022-01-14,24.0,24.5,22.799999237060547,23.5,23.5,465539,JYOTISTRUC
2022-01-17,24.0,24.64999961853028,23.049999237060547,23.39999961853028,23.39999961853028,742942,JYOTISTRUC
2022-01-18,22.299999237060547,24.100000381469727,22.25,22.450000762939453,22.450000762939453,312665,JYOTISTRUC
2022-01-19,23.39999961853028,23.39999961853028,21.5,22.450000762939453,22.450000762939453,241888,JYOTISTRUC
2022-01-20,23.0,23.0,21.5,22.600000381469727,22.600000381469727,277803,JYOTISTRUC
2022-01-21,22.600000381469727,22.89999961853028,21.89999961853028,22.299999237060547,22.299999237060547,102852,JYOTISTRUC
2022-01-24,22.25,22.25,21.200000762939453,21.200000762939453,21.200000762939453,180522,JYOTISTRUC
2022-01-25,21.0,21.100000381469727,20.14999961853028,20.14999961853028,20.14999961853028,159302,JYOTISTRUC
2022-01-27,19.14999961853028,19.75,19.14999961853028,19.39999961853028,19.39999961853028,176600,JYOTISTRUC
2022-01-28,20.299999237060547,20.350000381469727,19.25,20.350000381469727,20.350000381469727,110388,JYOTISTRUC
2022-01-31,21.350000381469727,21.350000381469727,21.350000381469727,21.350000381469727,21.350000381469727,27535,JYOTISTRUC
2022-02-01,22.39999961853028,22.39999961853028,22.39999961853028,22.39999961853028,22.39999961853028,28014,JYOTISTRUC
2022-02-02,23.5,23.5,23.5,23.5,23.5,64047,JYOTISTRUC
2022-02-03,24.64999961853028,24.64999961853028,24.64999961853028,24.64999961853028,24.64999961853028,93546,JYOTISTRUC
2022-02-04,25.850000381469727,25.850000381469727,23.5,23.700000762939453,23.700000762939453,391964,JYOTISTRUC
2022-02-07,23.700000762939453,24.850000381469727,23.700000762939453,24.850000381469727,24.850000381469727,497155,JYOTISTRUC
2022-02-08,24.89999961853028,25.75,23.64999961853028,24.549999237060547,24.549999237060547,307814,JYOTISTRUC
2022-02-09,25.0,25.5,23.5,23.75,23.75,143900,JYOTISTRUC
2022-02-10,23.14999961853028,24.600000381469727,22.799999237060547,23.64999961853028,23.64999961853028,169947,JYOTISTRUC
2022-02-11,23.200000762939453,24.799999237060547,22.600000381469727,23.89999961853028,23.89999961853028,171095,JYOTISTRUC
2022-02-14,23.100000381469727,24.600000381469727,22.75,23.350000381469727,23.350000381469727,135815,JYOTISTRUC
2022-02-15,23.350000381469727,23.350000381469727,22.200000762939453,22.200000762939453,22.200000762939453,73110,JYOTISTRUC
2022-02-16,22.25,22.75,21.299999237060547,22.0,22.0,44633,JYOTISTRUC
2022-02-17,22.25,22.700000762939453,21.5,22.350000381469727,22.350000381469727,44971,JYOTISTRUC
2022-02-18,21.5,22.850000381469727,21.5,22.049999237060547,22.049999237060547,41758,JYOTISTRUC
2022-02-21,22.100000381469727,22.100000381469727,20.950000762939453,20.950000762939453,20.950000762939453,56360,JYOTISTRUC
2022-02-22,19.950000762939453,20.299999237060547,19.950000762939453,20.0,20.0,84410,JYOTISTRUC
2022-02-23,19.39999961853028,21.0,19.39999961853028,20.75,20.75,83014,JYOTISTRUC
2022-02-24,20.0,20.0,19.75,19.75,19.75,15072,JYOTISTRUC
2022-02-25,18.850000381469727,20.700000762939453,18.850000381469727,20.25,20.25,88586,JYOTISTRUC
2022-02-28,20.700000762939453,21.25,19.600000381469727,20.100000381469727,20.100000381469727,79775,JYOTISTRUC
2022-03-02,20.14999961853028,20.700000762939453,19.5,20.14999961853028,20.14999961853028,36689,JYOTISTRUC
2022-03-03,20.75,21.100000381469727,20.450000762939453,20.950000762939453,20.950000762939453,69125,JYOTISTRUC
2022-03-04,20.549999237060547,21.100000381469727,19.950000762939453,20.14999961853028,20.14999961853028,68842,JYOTISTRUC
2022-03-07,19.5,19.950000762939453,19.14999961853028,19.14999961853028,19.14999961853028,110691,JYOTISTRUC
2022-03-08,19.75,19.75,18.25,18.850000381469727,18.850000381469727,78336,JYOTISTRUC
2022-03-09,19.75,19.75,18.950000762939453,19.25,19.25,121572,JYOTISTRUC
2022-03-10,20.0,20.0,18.700000762939453,18.850000381469727,18.850000381469727,99009,JYOTISTRUC
2022-03-11,18.39999961853028,19.75,18.39999961853028,19.049999237060547,19.049999237060547,129820,JYOTISTRUC
2022-03-14,19.450000762939453,19.700000762939453,18.75,19.0,19.0,81412,JYOTISTRUC
2022-03-15,19.200000762939453,19.5,18.39999961853028,18.600000381469727,18.600000381469727,67600,JYOTISTRUC
2022-03-16,18.600000381469727,19.25,18.5,18.64999961853028,18.64999961853028,32097,JYOTISTRUC
2022-03-17,18.64999961853028,19.299999237060547,18.450000762939453,18.64999961853028,18.64999961853028,100775,JYOTISTRUC
2022-03-21,18.64999961853028,18.700000762939453,17.75,18.350000381469727,18.350000381469727,174689,JYOTISTRUC
2022-03-22,18.200000762939453,18.549999237060547,17.5,18.100000381469727,18.100000381469727,193608,JYOTISTRUC
2022-03-23,17.649999618530273,18.299999237060547,17.25,17.700000762939453,17.700000762939453,124760,JYOTISTRUC
2022-03-24,18.5,18.549999237060547,17.200000762939453,18.25,18.25,110595,JYOTISTRUC
2022-03-25,18.64999961853028,19.14999961853028,18.350000381469727,19.14999961853028,19.14999961853028,107085,JYOTISTRUC
2022-03-28,20.100000381469727,20.100000381469727,20.100000381469727,20.100000381469727,20.100000381469727,42737,JYOTISTRUC
2022-03-29,21.100000381469727,21.100000381469727,21.100000381469727,21.100000381469727,21.100000381469727,37629,JYOTISTRUC
2022-03-30,22.14999961853028,22.14999961853028,22.14999961853028,22.14999961853028,22.14999961853028,33912,JYOTISTRUC
2022-03-31,23.25,23.25,21.049999237060547,22.25,22.25,443773,JYOTISTRUC
2022-04-01,21.14999961853028,22.25,21.14999961853028,21.350000381469727,21.350000381469727,121778,JYOTISTRUC
2022-04-04,21.75,22.0,21.0,21.549999237060547,21.549999237060547,106293,JYOTISTRUC
2022-04-05,22.0,22.0,21.0,21.049999237060547,21.049999237060547,64167,JYOTISTRUC
2022-04-06,21.39999961853028,21.39999961853028,20.200000762939453,20.700000762939453,20.700000762939453,67070,JYOTISTRUC
2022-04-07,21.14999961853028,21.14999961853028,20.0,20.600000381469727,20.600000381469727,64067,JYOTISTRUC
2022-04-08,21.0,21.100000381469727,20.049999237060547,20.549999237060547,20.549999237060547,59025,JYOTISTRUC
2022-04-11,21.0,21.100000381469727,19.549999237060547,20.25,20.25,115241,JYOTISTRUC
2022-04-12,20.799999237060547,20.799999237060547,19.25,19.299999237060547,19.299999237060547,101855,JYOTISTRUC
2022-04-13,19.700000762939453,20.25,19.299999237060547,19.89999961853028,19.89999961853028,103145,JYOTISTRUC
2022-04-18,19.5,20.0,19.14999961853028,19.64999961853028,19.64999961853028,54448,JYOTISTRUC
2022-04-19,19.64999961853028,20.600000381469727,19.25,20.450000762939453,20.450000762939453,129355,JYOTISTRUC
2022-04-20,20.450000762939453,21.0,19.700000762939453,19.799999237060547,19.799999237060547,70001,JYOTISTRUC
2022-04-21,19.850000381469727,20.600000381469727,19.25,20.25,20.25,45240,JYOTISTRUC
2022-04-22,19.39999961853028,20.299999237060547,19.39999961853028,20.049999237060547,20.049999237060547,25877,JYOTISTRUC
2022-04-25,19.89999961853028,19.89999961853028,19.049999237060547,19.5,19.5,56542,JYOTISTRUC
2022-04-26,19.850000381469727,20.100000381469727,19.0,19.850000381469727,19.850000381469727,47224,JYOTISTRUC
2022-04-27,20.0,20.0,19.14999961853028,19.39999961853028,19.39999961853028,31522,JYOTISTRUC
2022-04-28,19.950000762939453,20.350000381469727,19.799999237060547,20.350000381469727,20.350000381469727,185397,JYOTISTRUC
2022-04-29,21.299999237060547,21.350000381469727,20.89999961853028,21.0,21.0,151027,JYOTISTRUC
2022-05-02,21.0,21.0,19.950000762939453,19.950000762939453,19.950000762939453,53751,JYOTISTRUC
2022-05-04,20.350000381469727,20.350000381469727,19.0,19.100000381469727,19.100000381469727,78882,JYOTISTRUC
2022-05-05,19.700000762939453,19.700000762939453,18.14999961853028,18.25,18.25,168610,JYOTISTRUC
2022-05-06,18.5,18.700000762939453,17.5,18.549999237060547,18.549999237060547,158383,JYOTISTRUC
2022-05-09,18.950000762939453,18.950000762939453,17.799999237060547,17.899999618530273,17.899999618530273,180830,JYOTISTRUC
2022-05-10,18.0,18.0,17.049999237060547,17.350000381469727,17.350000381469727,226837,JYOTISTRUC
2022-05-11,17.600000381469727,17.600000381469727,16.5,16.850000381469727,16.850000381469727,158738,JYOTISTRUC
2022-05-12,16.450000762939453,16.950000762939453,16.049999237060547,16.049999237060547,16.049999237060547,160362,JYOTISTRUC
2022-05-13,16.049999237060547,16.850000381469727,15.300000190734863,16.299999237060547,16.299999237060547,86690,JYOTISTRUC
2022-05-16,16.950000762939453,16.950000762939453,15.5,15.5,15.5,79414,JYOTISTRUC
2022-05-17,15.649999618530272,16.25,14.850000381469728,16.25,16.25,55052,JYOTISTRUC
2022-05-18,16.899999618530273,17.049999237060547,16.799999237060547,17.049999237060547,17.049999237060547,20926,JYOTISTRUC
2022-05-19,17.049999237060547,17.200000762939453,16.399999618530273,17.049999237060547,17.049999237060547,40504,JYOTISTRUC
2022-05-20,17.399999618530273,17.799999237060547,16.799999237060547,17.200000762939453,17.200000762939453,46704,JYOTISTRUC
2022-05-23,17.200000762939453,18.049999237060547,17.200000762939453,17.799999237060547,17.799999237060547,114710,JYOTISTRUC
2022-05-24,17.950000762939453,18.64999961853028,17.700000762939453,18.64999961853028,18.64999961853028,88157,JYOTISTRUC
2022-05-25,19.549999237060547,19.549999237060547,19.549999237060547,19.549999237060547,19.549999237060547,97059,JYOTISTRUC
2022-05-26,20.5,20.5,18.600000381469727,18.950000762939453,18.950000762939453,84886,JYOTISTRUC
2022-05-27,19.600000381469727,19.850000381469727,18.049999237060547,19.39999961853028,19.39999961853028,74223,JYOTISTRUC
2022-05-30,19.75,19.75,18.549999237060547,19.14999961853028,19.14999961853028,33186,JYOTISTRUC
2022-05-31,19.350000381469727,19.5,18.25,18.450000762939453,18.450000762939453,48436,JYOTISTRUC
2022-06-01,18.799999237060547,18.799999237060547,17.799999237060547,18.049999237060547,18.049999237060547,22243,JYOTISTRUC
2022-06-02,18.39999961853028,18.5,17.799999237060547,17.950000762939453,17.950000762939453,32474,JYOTISTRUC
2022-06-03,18.0,18.700000762939453,17.850000381469727,18.100000381469727,18.100000381469727,59566,JYOTISTRUC
2022-06-06,18.600000381469727,18.600000381469727,17.200000762939453,17.799999237060547,17.799999237060547,64859,JYOTISTRUC
2022-06-07,18.450000762939453,18.450000762939453,17.549999237060547,17.799999237060547,17.799999237060547,12002,JYOTISTRUC
2022-06-08,18.299999237060547,18.299999237060547,16.950000762939453,17.549999237060547,17.549999237060547,39936,JYOTISTRUC
2022-06-09,17.950000762939453,17.950000762939453,17.25,17.399999618530273,17.399999618530273,21746,JYOTISTRUC
2022-06-10,17.399999618530273,18.25,17.149999618530273,18.049999237060547,18.049999237060547,63043,JYOTISTRUC
2022-06-13,18.450000762939453,18.450000762939453,17.350000381469727,17.399999618530273,17.399999618530273,118677,JYOTISTRUC
2022-06-14,17.700000762939453,17.950000762939453,17.0,17.450000762939453,17.450000762939453,50822,JYOTISTRUC
2022-06-15,16.600000381469727,17.75,16.600000381469727,16.600000381469727,16.600000381469727,208422,JYOTISTRUC
2022-06-16,16.5,16.5,15.800000190734863,15.899999618530272,15.899999618530272,117028,JYOTISTRUC
2022-06-17,16.200000762939453,16.200000762939453,15.149999618530272,15.149999618530272,15.149999618530272,79814,JYOTISTRUC
2022-06-20,15.149999618530272,15.149999618530272,14.399999618530272,14.399999618530272,14.399999618530272,93913,JYOTISTRUC
2022-06-21,13.699999809265137,14.949999809265137,13.699999809265137,13.850000381469728,13.850000381469728,60803,JYOTISTRUC
2022-06-22,13.949999809265137,14.399999618530272,13.199999809265137,13.25,13.25,126139,JYOTISTRUC
2022-06-23,12.800000190734863,13.0,12.600000381469728,12.949999809265137,12.949999809265137,59304,JYOTISTRUC
2022-06-24,13.449999809265137,13.550000190734863,12.699999809265137,13.5,13.5,32264,JYOTISTRUC
2022-06-27,14.149999618530272,14.149999618530272,13.600000381469728,14.149999618530272,14.149999618530272,13262,JYOTISTRUC
2022-06-28,14.850000381469728,14.850000381469728,14.350000381469728,14.850000381469728,14.850000381469728,22899,JYOTISTRUC
2022-06-29,15.550000190734863,15.550000190734863,15.550000190734863,15.550000190734863,15.550000190734863,5467,JYOTISTRUC
2022-06-30,16.299999237060547,16.299999237060547,16.299999237060547,16.299999237060547,16.299999237060547,14686,JYOTISTRUC
2022-07-01,17.049999237060547,17.100000381469727,15.899999618530272,17.0,17.0,306143,JYOTISTRUC
2022-07-04,17.850000381469727,17.850000381469727,17.850000381469727,17.850000381469727,17.850000381469727,576042,JYOTISTRUC
2022-07-05,18.700000762939453,18.700000762939453,18.64999961853028,18.700000762939453,18.700000762939453,362489,JYOTISTRUC
2022-07-06,19.299999237060547,19.549999237060547,17.799999237060547,18.049999237060547,18.049999237060547,300392,JYOTISTRUC
2022-07-07,18.299999237060547,18.299999237060547,17.25,17.450000762939453,17.450000762939453,90622,JYOTISTRUC
2022-07-08,17.649999618530273,17.700000762939453,17.0,17.399999618530273,17.399999618530273,62447,JYOTISTRUC
2022-07-11,17.700000762939453,17.700000762939453,16.549999237060547,16.75,16.75,113961,JYOTISTRUC
2022-07-12,17.0,17.0,15.949999809265137,16.450000762939453,16.450000762939453,109684,JYOTISTRUC
2022-07-13,16.700000762939453,16.899999618530273,15.800000190734863,16.450000762939453,16.450000762939453,90618,JYOTISTRUC
2022-07-14,16.5,16.649999618530273,15.649999618530272,15.75,15.75,102077,JYOTISTRUC
2022-07-15,15.300000190734863,16.100000381469727,15.300000190734863,15.649999618530272,15.649999618530272,88058,JYOTISTRUC
2022-07-18,15.399999618530272,16.350000381469727,15.399999618530272,16.200000762939453,16.200000762939453,163774,JYOTISTRUC
2022-07-19,15.850000381469728,16.700000762939453,15.850000381469728,16.149999618530273,16.149999618530273,68791,JYOTISTRUC
2022-07-20,16.149999618530273,16.799999237060547,16.100000381469727,16.350000381469727,16.350000381469727,60291,JYOTISTRUC
2022-07-21,16.049999237060547,16.700000762939453,15.800000190734863,16.25,16.25,84256,JYOTISTRUC
2022-07-22,15.850000381469728,16.399999618530273,15.75,15.899999618530272,15.899999618530272,54832,JYOTISTRUC
2022-07-25,15.899999618530272,16.100000381469727,15.550000190734863,15.649999618530272,15.649999618530272,67186,JYOTISTRUC
2022-07-26,15.5,16.25,15.5,15.699999809265137,15.699999809265137,25267,JYOTISTRUC
2022-07-27,15.699999809265137,16.149999618530273,15.5,15.699999809265137,15.699999809265137,51010,JYOTISTRUC
2022-07-28,15.300000190734863,15.850000381469728,15.300000190734863,15.75,15.75,48005,JYOTISTRUC
2022-07-29,15.399999618530272,15.850000381469728,15.350000381469728,15.5,15.5,87309,JYOTISTRUC
2022-08-01,15.399999618530272,15.899999618530272,15.199999809265137,15.800000190734863,15.800000190734863,173932,JYOTISTRUC
2022-08-02,15.399999618530272,16.25,15.399999618530272,15.800000190734863,15.800000190734863,43810,JYOTISTRUC
2022-08-03,16.149999618530273,16.25,15.600000381469728,16.049999237060547,16.049999237060547,61169,JYOTISTRUC
2022-08-04,16.299999237060547,16.399999618530273,15.699999809265137,16.049999237060547,16.049999237060547,49878,JYOTISTRUC
2022-08-05,16.350000381469727,16.850000381469727,15.699999809265137,16.350000381469727,16.350000381469727,139408,JYOTISTRUC
2022-08-08,16.799999237060547,16.799999237060547,15.800000190734863,15.949999809265137,15.949999809265137,96249,JYOTISTRUC
2022-08-10,15.899999618530272,16.700000762939453,15.699999809265137,16.25,16.25,100659,JYOTISTRUC
2022-08-11,16.100000381469727,16.700000762939453,15.5,16.0,16.0,75530,JYOTISTRUC
2022-08-12,15.5,16.200000762939453,15.5,15.899999618530272,15.899999618530272,47567,JYOTISTRUC
2022-08-16,16.200000762939453,16.649999618530273,16.149999618530273,16.549999237060547,16.549999237060547,169846,JYOTISTRUC
2022-08-17,16.5,17.0,16.200000762939453,16.299999237060547,16.299999237060547,53327,JYOTISTRUC
2022-08-18,16.200000762939453,16.600000381469727,15.800000190734863,16.049999237060547,16.049999237060547,43944,JYOTISTRUC
2022-08-19,16.200000762939453,16.25,15.75,15.949999809265137,15.949999809265137,41753,JYOTISTRUC
2022-08-22,16.399999618530273,16.399999618530273,15.649999618530272,15.850000381469728,15.850000381469728,32732,JYOTISTRUC
2022-08-23,15.949999809265137,16.049999237060547,15.699999809265137,15.800000190734863,15.800000190734863,63750,JYOTISTRUC
2022-08-24,15.600000381469728,16.0,15.5,15.5,15.5,68784,JYOTISTRUC
2022-08-25,15.300000190734863,16.25,15.300000190734863,16.25,16.25,41179,JYOTISTRUC
2022-08-26,16.600000381469727,16.649999618530273,16.049999237060547,16.149999618530273,16.149999618530273,92034,JYOTISTRUC
2022-08-29,15.600000381469728,16.950000762939453,15.350000381469728,16.950000762939453,16.950000762939453,696143,JYOTISTRUC
2022-08-30,17.399999618530273,17.75,17.399999618530273,17.75,17.75,133496,JYOTISTRUC
2022-09-01,18.600000381469727,18.600000381469727,17.799999237060547,18.600000381469727,18.600000381469727,169932,JYOTISTRUC
2022-09-02,19.5,19.5,19.200000762939453,19.5,19.5,792043,JYOTISTRUC
2022-09-05,19.89999961853028,20.450000762939453,18.549999237060547,19.850000381469727,19.850000381469727,532600,JYOTISTRUC
2022-09-06,20.299999237060547,20.350000381469727,18.89999961853028,19.0,19.0,127308,JYOTISTRUC
2022-09-07,18.799999237060547,19.5,18.14999961853028,18.89999961853028,18.89999961853028,72911,JYOTISTRUC
2022-09-08,18.64999961853028,19.299999237060547,18.39999961853028,19.100000381469727,19.100000381469727,92628,JYOTISTRUC
2022-09-09,19.5,19.5,18.200000762939453,18.350000381469727,18.350000381469727,65029,JYOTISTRUC
2022-09-12,18.350000381469727,19.25,18.350000381469727,19.049999237060547,19.049999237060547,146029,JYOTISTRUC
2022-09-13,18.950000762939453,19.049999237060547,18.100000381469727,18.200000762939453,18.200000762939453,243849,JYOTISTRUC
2022-09-14,17.549999237060547,18.25,17.299999237060547,17.850000381469727,17.850000381469727,398294,JYOTISTRUC
2022-09-15,18.100000381469727,18.100000381469727,17.0,17.700000762939453,17.700000762939453,165315,JYOTISTRUC
2022-09-16,17.649999618530273,18.100000381469727,17.100000381469727,17.5,17.5,80890,JYOTISTRUC
2022-09-19,17.899999618530273,18.0,16.899999618530273,17.0,17.0,182575,JYOTISTRUC
2022-09-20,17.0,17.850000381469727,16.899999618530273,17.850000381469727,17.850000381469727,80026,JYOTISTRUC
2022-09-21,17.350000381469727,18.350000381469727,17.299999237060547,18.0,18.0,57853,JYOTISTRUC
2022-09-22,17.600000381469727,18.5,17.600000381469727,17.799999237060547,17.799999237060547,72766,JYOTISTRUC
2022-09-23,18.0,18.200000762939453,17.399999618530273,17.549999237060547,17.549999237060547,73506,JYOTISTRUC
2022-09-26,17.850000381469727,18.0,16.700000762939453,16.75,16.75,165707,JYOTISTRUC
2022-09-27,17.549999237060547,17.549999237060547,17.549999237060547,17.549999237060547,17.549999237060547,81558,JYOTISTRUC
2022-09-28,17.600000381469727,17.899999618530273,17.100000381469727,17.549999237060547,17.549999237060547,80374,JYOTISTRUC
2022-09-29,17.649999618530273,18.14999961853028,17.049999237060547,17.700000762939453,17.700000762939453,72561,JYOTISTRUC
2022-09-30,17.950000762939453,17.950000762939453,17.049999237060547,17.299999237060547,17.299999237060547,73238,JYOTISTRUC
2022-10-03,17.5,17.799999237060547,16.649999618530273,17.049999237060547,17.049999237060547,73402,JYOTISTRUC
2022-10-04,16.399999618530273,17.149999618530273,16.350000381469727,16.649999618530273,16.649999618530273,122050,JYOTISTRUC
2022-10-06,16.649999618530273,17.0,16.450000762939453,16.799999237060547,16.799999237060547,90658,JYOTISTRUC
2022-10-07,16.950000762939453,16.950000762939453,16.350000381469727,16.5,16.5,53585,JYOTISTRUC
2022-10-10,16.299999237060547,16.549999237060547,16.0,16.5,16.5,80476,JYOTISTRUC
2022-10-11,16.200000762939453,16.549999237060547,16.100000381469727,16.399999618530273,16.399999618530273,53518,JYOTISTRUC
2022-10-12,16.5,16.549999237060547,15.600000381469728,15.800000190734863,15.800000190734863,119028,JYOTISTRUC
2022-10-13,15.449999809265137,15.649999618530272,15.050000190734863,15.350000381469728,15.350000381469728,289804,JYOTISTRUC
2022-10-14,15.350000381469728,15.75,15.350000381469728,15.449999809265137,15.449999809265137,86091,JYOTISTRUC
2022-10-17,15.75,15.75,14.949999809265137,15.5,15.5,86547,JYOTISTRUC
2022-10-18,15.25,15.649999618530272,14.75,14.75,14.75,207900,JYOTISTRUC
2022-10-19,14.350000381469728,14.949999809265137,14.199999809265137,14.350000381469728,14.350000381469728,125002,JYOTISTRUC
2022-10-20,14.300000190734863,15.050000190734863,14.300000190734863,15.0,15.0,86979,JYOTISTRUC
2022-10-21,15.0,15.649999618530272,14.350000381469728,14.449999809265137,14.449999809265137,151389,JYOTISTRUC
2022-10-24,14.850000381469728,15.050000190734863,14.100000381469728,14.899999618530272,14.899999618530272,42410,JYOTISTRUC
2022-10-25,14.449999809265137,14.899999618530272,14.199999809265137,14.550000190734863,14.550000190734863,105522,JYOTISTRUC
2022-10-27,14.550000190734863,14.699999809265137,13.899999618530272,14.100000381469728,14.100000381469728,90392,JYOTISTRUC
2022-10-28,14.149999618530272,14.350000381469728,13.800000190734863,14.050000190734863,14.050000190734863,37448,JYOTISTRUC
2022-10-31,14.399999618530272,14.399999618530272,13.350000381469728,13.449999809265137,13.449999809265137,156483,JYOTISTRUC
2022-11-01,13.649999618530272,14.100000381469728,12.800000190734863,14.100000381469728,14.100000381469728,292559,JYOTISTRUC
2022-11-02,14.25,14.449999809265137,13.75,14.350000381469728,14.350000381469728,30577,JYOTISTRUC
2022-11-03,14.5,14.5,14.050000190734863,14.300000190734863,14.300000190734863,57733,JYOTISTRUC
2022-11-04,14.199999809265137,14.5,13.899999618530272,14.399999618530272,14.399999618530272,71072,JYOTISTRUC
2022-11-07,14.399999618530272,14.949999809265137,14.050000190734863,14.899999618530272,14.899999618530272,68149,JYOTISTRUC
2022-11-09,14.800000190734863,15.600000381469728,14.800000190734863,15.600000381469728,15.600000381469728,80653,JYOTISTRUC
2022-11-10,15.699999809265137,16.25,15.050000190734863,15.649999618530272,15.649999618530272,47509,JYOTISTRUC
2022-11-11,15.649999618530272,15.75,14.899999618530272,15.050000190734863,15.050000190734863,125585,JYOTISTRUC
2022-11-14,14.800000190734863,14.800000190734863,14.300000190734863,14.399999618530272,14.399999618530272,172382,JYOTISTRUC
2022-11-15,14.0,14.649999618530272,13.949999809265137,14.050000190734863,14.050000190734863,44386,JYOTISTRUC
2022-11-16,14.350000381469728,14.600000381469728,14.0,14.149999618530272,14.149999618530272,92850,JYOTISTRUC
2022-11-17,14.449999809265137,14.449999809265137,13.600000381469728,13.899999618530272,13.899999618530272,125205,JYOTISTRUC
2022-11-18,13.899999618530272,14.25,13.449999809265137,13.5,13.5,70640,JYOTISTRUC
2022-11-21,13.649999618530272,13.800000190734863,12.850000381469728,12.850000381469728,12.850000381469728,147385,JYOTISTRUC
2022-11-22,12.699999809265137,12.699999809265137,12.25,12.25,12.25,233693,JYOTISTRUC
2022-11-23,11.649999618530272,12.149999618530272,11.649999618530272,11.649999618530272,11.649999618530272,190103,JYOTISTRUC
2022-11-24,11.5,12.199999809265137,11.100000381469728,12.100000381469728,12.100000381469728,216751,JYOTISTRUC
2022-11-25,11.850000381469728,12.300000190734863,11.5,11.649999618530272,11.649999618530272,197605,JYOTISTRUC
2022-11-28,11.649999618530272,11.949999809265137,11.300000190734863,11.850000381469728,11.850000381469728,119421,JYOTISTRUC
2022-11-29,11.899999618530272,12.399999618530272,11.550000190734863,12.399999618530272,12.399999618530272,73543,JYOTISTRUC
2022-11-30,13.0,13.0,12.949999809265137,13.0,13.0,74210,JYOTISTRUC
2022-12-01,13.649999618530272,13.649999618530272,13.649999618530272,13.649999618530272,13.649999618530272,12884,JYOTISTRUC
2022-12-02,14.300000190734863,14.300000190734863,13.899999618530272,14.300000190734863,14.300000190734863,344753,JYOTISTRUC
2022-12-05,14.600000381469728,15.0,14.600000381469728,15.0,15.0,229695,JYOTISTRUC
2022-12-06,15.5,15.75,15.5,15.75,15.75,311099,JYOTISTRUC
2022-12-07,15.949999809265137,16.399999618530273,15.0,15.149999618530272,15.149999618530272,303917,JYOTISTRUC
2022-12-08,15.149999618530272,15.149999618530272,14.399999618530272,14.600000381469728,14.600000381469728,95982,JYOTISTRUC
2022-12-09,14.100000381469728,15.300000190734863,14.100000381469728,15.300000190734863,15.300000190734863,421998,JYOTISTRUC
2022-12-12,16.049999237060547,16.049999237060547,15.350000381469728,15.75,15.75,269204,JYOTISTRUC
2022-12-13,15.899999618530272,16.450000762939453,15.0,16.100000381469727,16.100000381469727,324305,JYOTISTRUC
2022-12-14,16.399999618530273,16.799999237060547,15.899999618530272,16.549999237060547,16.549999237060547,356249,JYOTISTRUC
2022-12-15,16.75,17.350000381469727,16.5,17.149999618530273,17.149999618530273,596867,JYOTISTRUC
2022-12-16,17.75,17.799999237060547,16.350000381469727,16.850000381469727,16.850000381469727,357139,JYOTISTRUC
2022-12-19,16.399999618530273,17.0,16.399999618530273,16.950000762939453,16.950000762939453,177244,JYOTISTRUC
2022-12-20,17.0,17.0,16.200000762939453,16.350000381469727,16.350000381469727,204960,JYOTISTRUC
2022-12-21,16.700000762939453,16.850000381469727,15.550000190734863,15.550000190734863,15.550000190734863,306121,JYOTISTRUC
2022-12-22,15.0,15.5,14.800000190734863,14.800000190734863,14.800000190734863,188130,JYOTISTRUC
2022-12-23,14.5,14.5,14.100000381469728,14.100000381469728,14.100000381469728,58721,JYOTISTRUC
2022-12-26,14.100000381469728,14.800000190734863,13.600000381469728,14.75,14.75,214426,JYOTISTRUC
2022-12-27,14.25,15.25,14.25,15.0,15.0,146720,JYOTISTRUC
2022-12-28,14.25,14.649999618530272,14.25,14.25,14.25,385996,JYOTISTRUC
2022-12-29,13.550000190734863,13.550000190734863,13.550000190734863,13.550000190734863,13.550000190734863,222419,JYOTISTRUC
2022-12-30,12.899999618530272,12.899999618530272,12.899999618530272,12.899999618530272,12.899999618530272,162849,JYOTISTRUC
2023-01-02,12.300000190734863,12.300000190734863,12.300000190734863,12.300000190734863,12.300000190734863,181245,JYOTISTRUC
2023-01-03,11.699999809265137,11.699999809265137,11.699999809265137,11.699999809265137,11.699999809265137,169870,JYOTISTRUC
2023-01-04,11.149999618530272,11.149999618530272,11.149999618530272,11.149999618530272,11.149999618530272,138313,JYOTISTRUC
2023-01-05,10.600000381469728,10.600000381469728,10.600000381469728,10.600000381469728,10.600000381469728,204675,JYOTISTRUC
2023-01-06,10.100000381469728,10.100000381469728,10.100000381469728,10.100000381469728,10.100000381469728,378567,JYOTISTRUC
2023-01-09,9.600000381469728,9.600000381469728,9.600000381469728,9.600000381469728,9.600000381469728,183838,JYOTISTRUC
2023-01-10,9.149999618530272,9.149999618530272,9.149999618530272,9.149999618530272,9.149999618530272,148663,JYOTISTRUC
2023-01-11,8.699999809265137,8.699999809265137,8.699999809265137,8.699999809265137,8.699999809265137,178440,JYOTISTRUC
2023-01-12,8.300000190734863,8.300000190734863,8.300000190734863,8.300000190734863,8.300000190734863,277111,JYOTISTRUC
2023-01-13,7.900000095367432,8.699999809265137,7.900000095367432,8.699999809265137,8.699999809265137,11823399,JYOTISTRUC
2023-01-16,8.949999809265137,9.100000381469728,8.300000190734863,9.100000381469728,9.100000381469728,9233379,JYOTISTRUC
2023-01-17,9.550000190734863,9.550000190734863,8.649999618530273,9.300000190734863,9.300000190734863,6909894,JYOTISTRUC
2023-01-18,9.25,9.75,8.850000381469727,9.75,9.75,5251853,JYOTISTRUC
2023-01-19,10.0,10.199999809265137,10.0,10.199999809265137,10.199999809265137,2384113,JYOTISTRUC
2023-01-20,10.699999809265137,10.699999809265137,10.399999618530272,10.699999809265137,10.699999809265137,1702799,JYOTISTRUC
2023-01-23,11.199999809265137,11.199999809265137,11.0,11.199999809265137,11.199999809265137,2302422,JYOTISTRUC
2023-01-24,11.5,11.5,10.649999618530272,10.649999618530272,10.649999618530272,2642315,JYOTISTRUC
2023-01-25,10.199999809265137,10.199999809265137,10.149999618530272,10.149999618530272,10.149999618530272,588728,JYOTISTRUC
2023-01-27,9.699999809265137,10.149999618530272,9.649999618530272,9.649999618530272,9.649999618530272,1073496,JYOTISTRUC
2023-01-30,9.199999809265137,9.199999809265137,9.199999809265137,9.199999809265137,9.199999809265137,455232,JYOTISTRUC
2023-01-31,8.75,9.649999618530272,8.75,9.649999618530272,9.649999618530272,3215256,JYOTISTRUC
2023-02-01,10.050000190734863,10.050000190734863,9.199999809265137,9.199999809265137,9.199999809265137,1924371,JYOTISTRUC
2023-02-02,8.75,9.300000190734863,8.75,8.75,8.75,1347771,JYOTISTRUC
2023-02-03,8.649999618530273,8.649999618530273,8.350000381469727,8.350000381469727,8.350000381469727,845829,JYOTISTRUC
2023-02-06,8.600000381469727,8.699999809265137,8.0,8.449999809265137,8.449999809265137,724463,JYOTISTRUC
2023-02-07,8.350000381469727,8.699999809265137,8.100000381469727,8.25,8.25,365238,JYOTISTRUC
2023-02-08,8.300000190734863,8.649999618530273,8.050000190734863,8.25,8.25,972124,JYOTISTRUC
2023-02-09,8.25,8.399999618530273,7.949999809265137,8.199999809265137,8.199999809265137,479646,JYOTISTRUC
2023-02-10,8.25,8.600000381469727,8.0,8.600000381469727,8.600000381469727,797694,JYOTISTRUC
2023-02-13,8.949999809265137,9.0,8.399999618530273,8.600000381469727,8.600000381469727,314633,JYOTISTRUC
2023-02-14,8.800000190734863,8.949999809265137,8.199999809265137,8.300000190734863,8.300000190734863,646687,JYOTISTRUC
2023-02-15,8.449999809265137,8.449999809265137,7.900000095367432,7.900000095367432,7.900000095367432,1224773,JYOTISTRUC
2023-02-16,8.0,8.149999618530273,7.800000190734863,8.050000190734863,8.050000190734863,530739,JYOTISTRUC
2023-02-17,7.900000095367432,8.199999809265137,7.650000095367432,7.75,7.75,702110,JYOTISTRUC
2023-02-20,7.900000095367432,7.900000095367432,7.400000095367432,7.400000095367432,7.400000095367432,746367,JYOTISTRUC
2023-02-21,7.199999809265137,7.300000190734863,7.050000190734863,7.050000190734863,7.050000190734863,569615,JYOTISTRUC
2023-02-22,6.800000190734863,6.900000095367432,6.699999809265137,6.699999809265137,6.699999809265137,514281,JYOTISTRUC
2023-02-23,6.5,7.0,6.5,7.0,7.0,790867,JYOTISTRUC
2023-02-24,7.349999904632568,7.349999904632568,7.050000190734863,7.349999904632568,7.349999904632568,778108,JYOTISTRUC
2023-02-27,7.400000095367432,7.550000190734863,7.0,7.199999809265137,7.199999809265137,295861,JYOTISTRUC
2023-02-28,7.349999904632568,7.5,7.0,7.25,7.25,547170,JYOTISTRUC
2023-03-01,7.0,7.5,7.0,7.449999809265137,7.449999809265137,200121,JYOTISTRUC
2023-03-02,7.599999904632568,7.599999904632568,7.099999904632568,7.150000095367432,7.150000095367432,260583,JYOTISTRUC
2023-03-03,7.099999904632568,7.349999904632568,6.849999904632568,7.25,7.25,691312,JYOTISTRUC
2023-03-06,7.0,7.300000190734863,7.0,7.050000190734863,7.050000190734863,435767,JYOTISTRUC
2023-03-08,7.050000190734863,7.199999809265137,7.0,7.099999904632568,7.099999904632568,554474,JYOTISTRUC
2023-03-09,7.150000095367432,7.300000190734863,7.0,7.099999904632568,7.099999904632568,616235,JYOTISTRUC
2023-03-10,7.0,7.199999809265137,6.949999809265137,7.0,7.0,432557,JYOTISTRUC
2023-03-13,7.0,7.199999809265137,6.800000190734863,6.949999809265137,6.949999809265137,350727,JYOTISTRUC
2023-03-14,7.099999904632568,7.099999904632568,6.75,6.800000190734863,6.800000190734863,707758,JYOTISTRUC
2023-03-15,6.900000095367432,6.949999809265137,6.5,6.5,6.5,492112,JYOTISTRUC
2023-03-16,6.5,6.800000190734863,6.349999904632568,6.800000190734863,6.800000190734863,326429,JYOTISTRUC
2023-03-17,7.0,7.099999904632568,7.0,7.099999904632568,7.099999904632568,833373,JYOTISTRUC
2023-03-20,7.0,7.25,6.75,6.800000190734863,6.800000190734863,1030779,JYOTISTRUC
2023-03-21,6.75,6.900000095367432,6.5,6.5,6.5,1168877,JYOTISTRUC
2023-03-22,6.400000095367432,6.800000190734863,6.400000095367432,6.75,6.75,1009771,JYOTISTRUC
2023-03-23,6.75,7.0,6.449999809265137,6.449999809265137,6.449999809265137,1669106,JYOTISTRUC
2023-03-24,6.449999809265137,6.550000190734863,6.150000095367432,6.150000095367432,6.150000095367432,828344,JYOTISTRUC
2023-03-27,6.150000095367432,6.150000095367432,5.849999904632568,5.849999904632568,5.849999904632568,1250352,JYOTISTRUC
2023-03-28,6.0,6.0,5.550000190734863,5.550000190734863,5.550000190734863,626061,JYOTISTRUC
2023-03-29,5.5,5.800000190734863,5.300000190734863,5.400000095367432,5.400000095367432,1205060,JYOTISTRUC
2023-03-31,5.5,5.650000095367432,5.150000095367432,5.25,5.25,1501232,JYOTISTRUC
2023-04-03,5.400000095367432,5.5,5.300000190734863,5.449999809265137,5.449999809265137,1254570,JYOTISTRUC
2023-04-05,5.550000190734863,5.699999809265137,5.5,5.699999809265137,5.699999809265137,2851140,JYOTISTRUC
2023-04-06,5.949999809265137,5.949999809265137,5.949999809265137,5.949999809265137,5.949999809265137,23045,JYOTISTRUC
2023-04-10,6.199999809265137,6.199999809265137,6.199999809265137,6.199999809265137,6.199999809265137,18375,JYOTISTRUC
2023-04-11,6.5,6.5,6.5,6.5,6.5,152576,JYOTISTRUC
2023-04-12,6.699999809265137,6.800000190734863,6.550000190734863,6.800000190734863,6.800000190734863,1049328,JYOTISTRUC
2023-04-13,7.099999904632568,7.099999904632568,6.949999809265137,7.050000190734863,7.050000190734863,1031160,JYOTISTRUC
2023-04-17,7.199999809265137,7.400000095367432,7.0,7.199999809265137,7.199999809265137,760028,JYOTISTRUC
2023-04-18,7.25,7.449999809265137,6.900000095367432,7.0,7.0,467377,JYOTISTRUC
2023-04-19,7.099999904632568,7.349999904632568,6.900000095367432,7.099999904632568,7.099999904632568,465576,JYOTISTRUC
2023-04-20,7.199999809265137,7.400000095367432,6.949999809265137,7.0,7.0,506394,JYOTISTRUC
2023-04-21,6.900000095367432,7.099999904632568,6.75,6.949999809265137,6.949999809265137,272466,JYOTISTRUC
2023-04-24,6.900000095367432,7.150000095367432,6.599999904632568,6.599999904632568,6.599999904632568,617146,JYOTISTRUC
2023-04-25,6.5,6.800000190734863,6.349999904632568,6.550000190734863,6.550000190734863,205958,JYOTISTRUC
2023-04-26,6.400000095367432,6.849999904632568,6.400000095367432,6.849999904632568,6.849999904632568,325171,JYOTISTRUC
2023-04-27,7.150000095367432,7.150000095367432,6.949999809265137,7.099999904632568,7.099999904632568,767320,JYOTISTRUC
2023-04-28,6.900000095367432,7.0,6.75,6.949999809265137,6.949999809265137,535250,JYOTISTRUC
2023-05-02,7.150000095367432,7.25,6.849999904632568,6.949999809265137,6.949999809265137,725295,JYOTISTRUC
2023-05-03,6.949999809265137,7.050000190734863,6.75,7.0,7.0,379068,JYOTISTRUC
2023-05-04,7.050000190734863,7.050000190734863,6.650000095367432,6.699999809265137,6.699999809265137,660133,JYOTISTRUC
2023-05-05,6.5,6.949999809265137,6.449999809265137,6.650000095367432,6.650000095367432,753717,JYOTISTRUC
2023-05-08,6.550000190734863,6.949999809265137,6.550000190734863,6.900000095367432,6.900000095367432,673355,JYOTISTRUC
2023-05-09,7.150000095367432,7.150000095367432,6.800000190734863,6.849999904632568,6.849999904632568,577663,JYOTISTRUC
2023-05-10,7.0,7.0,6.75,6.849999904632568,6.849999904632568,264981,JYOTISTRUC
2023-05-11,6.699999809265137,6.949999809265137,6.5,6.650000095367432,6.650000095367432,1145516,JYOTISTRUC
2023-05-12,6.550000190734863,6.699999809265137,6.349999904632568,6.400000095367432,6.400000095367432,676540,JYOTISTRUC
2023-05-15,6.449999809265137,6.5,6.099999904632568,6.300000190734863,6.300000190734863,640954,JYOTISTRUC
2023-05-16,6.300000190734863,6.5,6.150000095367432,6.25,6.25,1647653,JYOTISTRUC
2023-05-17,6.300000190734863,6.449999809265137,6.199999809265137,6.199999809265137,6.199999809265137,219068,JYOTISTRUC
2023-05-18,6.300000190734863,6.349999904632568,6.199999809265137,6.199999809265137,6.199999809265137,356508,JYOTISTRUC
2023-05-19,6.300000190734863,6.400000095367432,6.199999809265137,6.349999904632568,6.349999904632568,226119,JYOTISTRUC
2023-05-22,6.349999904632568,6.650000095367432,6.349999904632568,6.650000095367432,6.650000095367432,260595,JYOTISTRUC
2023-05-23,6.949999809265137,6.949999809265137,6.949999809265137,6.949999809265137,6.949999809265137,586727,JYOTISTRUC
2023-05-24,7.0,7.25,6.849999904632568,7.25,7.25,2116894,JYOTISTRUC
2023-05-25,7.550000190734863,7.599999904632568,7.449999809265137,7.599999904632568,7.599999904632568,1217452,JYOTISTRUC
2023-05-26,7.949999809265137,7.949999809265137,7.900000095367432,7.949999809265137,7.949999809265137,919282,JYOTISTRUC
2023-05-29,8.300000190734863,8.300000190734863,8.300000190734863,8.300000190734863,8.300000190734863,138497,JYOTISTRUC
2023-05-30,8.699999809265137,8.699999809265137,8.699999809265137,8.699999809265137,8.699999809265137,112512,JYOTISTRUC
2023-05-31,9.100000381469728,9.100000381469728,9.100000381469728,9.100000381469728,9.100000381469728,378635,JYOTISTRUC
2023-06-01,9.550000190734863,9.550000190734863,9.100000381469728,9.550000190734863,9.550000190734863,3164209,JYOTISTRUC
2023-06-02,9.5,10.0,9.100000381469728,9.149999618530272,9.149999618530272,5581314,JYOTISTRUC
2023-06-05,9.100000381469728,9.5,8.699999809265137,8.699999809265137,8.699999809265137,2519485,JYOTISTRUC
2023-06-06,8.300000190734863,9.100000381469728,8.300000190734863,9.100000381469728,9.100000381469728,3388084,JYOTISTRUC
2023-06-07,9.449999809265137,9.550000190734863,9.399999618530272,9.550000190734863,9.550000190734863,2082160,JYOTISTRUC
2023-06-08,10.0,10.0,9.149999618530272,9.600000381469728,9.600000381469728,6459092,JYOTISTRUC
2023-06-09,9.25,9.649999618530272,9.149999618530272,9.149999618530272,9.149999618530272,3448387,JYOTISTRUC
2023-06-12,8.800000190734863,9.5,8.699999809265137,8.75,8.75,15152281,JYOTISTRUC
2023-06-13,8.350000381469727,8.649999618530273,8.350000381469727,8.350000381469727,8.350000381469727,4282379,JYOTISTRUC
2023-06-14,7.949999809265137,7.949999809265137,7.949999809265137,7.949999809265137,7.949999809265137,406287,JYOTISTRUC
2023-06-15,7.550000190734863,7.550000190734863,7.550000190734863,7.550000190734863,7.550000190734863,456546,JYOTISTRUC
2023-06-16,7.199999809265137,7.199999809265137,7.199999809265137,7.199999809265137,7.199999809265137,1137567,JYOTISTRUC
2023-06-19,6.849999904632568,7.550000190734863,6.849999904632568,7.550000190734863,7.550000190734863,9590592,JYOTISTRUC
2023-06-20,7.900000095367432,7.900000095367432,7.900000095367432,7.900000095367432,7.900000095367432,1383958,JYOTISTRUC
2023-06-21,8.25,8.25,7.900000095367432,8.25,8.25,7956188,JYOTISTRUC
2023-06-22,8.5,8.550000190734863,7.849999904632568,7.849999904632568,7.849999904632568,2914429,JYOTISTRUC
2023-06-23,7.550000190734863,8.0,7.449999809265137,7.949999809265137,7.949999809265137,2865444,JYOTISTRUC
2023-06-26,7.949999809265137,8.300000190734863,7.949999809265137,8.300000190734863,8.300000190734863,1565358,JYOTISTRUC
2023-06-27,8.699999809265137,8.699999809265137,8.600000381469727,8.699999809265137,8.699999809265137,1179606,JYOTISTRUC
2023-06-28,9.100000381469728,9.100000381469728,8.5,8.600000381469727,8.600000381469727,2442001,JYOTISTRUC
2023-06-30,8.899999618530273,9.0,8.5,9.0,9.0,2831947,JYOTISTRUC
2023-07-03,9.050000190734863,9.300000190734863,8.699999809265137,8.850000381469727,8.850000381469727,1993303,JYOTISTRUC
2023-07-04,8.949999809265137,8.949999809265137,8.399999618530273,8.449999809265137,8.449999809265137,2273060,JYOTISTRUC
2023-07-05,8.399999618530273,8.850000381469727,8.350000381469727,8.75,8.75,1720273,JYOTISTRUC
2023-07-06,8.75,8.75,8.350000381469727,8.449999809265137,8.449999809265137,2163186,JYOTISTRUC
2023-07-07,8.399999618530273,8.600000381469727,8.050000190734863,8.350000381469727,8.350000381469727,2390591,JYOTISTRUC
2023-07-10,8.600000381469727,8.600000381469727,8.199999809265137,8.25,8.25,1401823,JYOTISTRUC
2023-07-11,8.399999618530273,8.649999618530273,8.300000190734863,8.649999618530273,8.649999618530273,1304520,JYOTISTRUC
2023-07-12,8.899999618530273,9.050000190734863,8.75,8.800000190734863,8.800000190734863,5989130,JYOTISTRUC
2023-07-13,8.899999618530273,9.0,8.550000190734863,8.600000381469727,8.600000381469727,2182309,JYOTISTRUC
2023-07-14,8.800000190734863,8.899999618530273,8.350000381469727,8.600000381469727,8.600000381469727,1158319,JYOTISTRUC
2023-07-17,8.800000190734863,9.0,8.800000190734863,9.0,9.0,3349427,JYOTISTRUC
2023-07-18,9.449999809265137,9.449999809265137,8.899999618530273,9.050000190734863,9.050000190734863,3152818,JYOTISTRUC
2023-07-19,9.0,9.0,8.649999618530273,8.899999618530273,8.899999618530273,1555056,JYOTISTRUC
2023-07-20,8.899999618530273,9.300000190734863,8.649999618530273,9.300000190734863,9.300000190734863,7734437,JYOTISTRUC
2023-07-21,9.5,9.600000381469728,9.050000190734863,9.199999809265137,9.199999809265137,3871550,JYOTISTRUC
2023-07-24,9.300000190734863,9.649999618530272,8.899999618530273,9.0,9.0,4915160,JYOTISTRUC
2023-07-25,9.25,9.399999618530272,9.0,9.199999809265137,9.199999809265137,2024352,JYOTISTRUC
2023-07-26,9.399999618530272,9.449999809265137,9.199999809265137,9.300000190734863,9.300000190734863,2604779,JYOTISTRUC
2023-07-27,8.899999618530273,9.399999618530272,8.899999618530273,9.25,9.25,2495448,JYOTISTRUC
2023-07-28,9.350000381469728,9.449999809265137,8.850000381469727,9.149999618530272,9.149999618530272,1689238,JYOTISTRUC
2023-07-31,9.399999618530272,9.600000381469728,9.199999809265137,9.600000381469728,9.600000381469728,3713898,JYOTISTRUC
2023-08-01,10.050000190734863,10.050000190734863,9.800000190734863,10.050000190734863,10.050000190734863,3558377,JYOTISTRUC
2023-08-02,10.550000190734863,10.550000190734863,10.550000190734863,10.550000190734863,10.550000190734863,1348207,JYOTISTRUC
2023-08-03,11.050000190734863,11.050000190734863,11.050000190734863,11.050000190734863,11.050000190734863,907988,JYOTISTRUC
2023-08-04,11.600000381469728,11.600000381469728,11.600000381469728,11.600000381469728,11.600000381469728,1126780,JYOTISTRUC
2023-08-07,11.800000190734863,11.800000190734863,11.800000190734863,11.800000190734863,11.800000190734863,2538558,JYOTISTRUC
2023-08-08,11.600000381469728,12.0,11.600000381469728,11.600000381469728,11.600000381469728,6370498,JYOTISTRUC
2023-08-09,11.800000190734863,11.800000190734863,11.399999618530272,11.800000190734863,11.800000190734863,3580305,JYOTISTRUC
2023-08-10,12.0,12.0,12.0,12.0,12.0,796378,JYOTISTRUC
2023-08-11,12.0,12.0,11.800000190734863,12.0,12.0,3139072,JYOTISTRUC
2023-08-14,12.0,12.199999809265137,12.0,12.0,12.0,1828644,JYOTISTRUC
2023-08-16,11.800000190734863,11.899999618530272,11.800000190734863,11.800000190734863,11.800000190734863,356868,JYOTISTRUC
2023-08-17,11.600000381469728,11.600000381469728,11.600000381469728,11.600000381469728,11.600000381469728,219866,JYOTISTRUC
2023-08-18,11.399999618530272,11.399999618530272,11.399999618530272,11.399999618530272,11.399999618530272,1121297,JYOTISTRUC
2023-08-21,11.199999809265137,11.199999809265137,11.199999809265137,11.199999809265137,11.199999809265137,140670,JYOTISTRUC
2023-08-22,11.0,11.0,11.0,11.0,11.0,586920,JYOTISTRUC
2023-08-23,11.199999809265137,11.199999809265137,10.800000190734863,11.199999809265137,11.199999809265137,3266855,JYOTISTRUC
2023-08-24,11.0,11.399999618530272,11.0,11.0,11.0,1567667,JYOTISTRUC
2023-08-25,10.800000190734863,10.800000190734863,10.800000190734863,10.800000190734863,10.800000190734863,200975,JYOTISTRUC
2023-08-28,10.600000381469728,10.600000381469728,10.600000381469728,10.600000381469728,10.600000381469728,191165,JYOTISTRUC
2023-08-29,10.399999618530272,10.399999618530272,10.399999618530272,10.399999618530272,10.399999618530272,295802,JYOTISTRUC
2023-08-30,10.25,10.25,10.199999809265137,10.25,10.25,1351217,JYOTISTRUC
2023-08-31,10.050000190734863,10.399999618530272,10.050000190734863,10.050000190734863,10.050000190734863,876822,JYOTISTRUC
2023-09-01,10.25,10.25,10.25,10.25,10.25,1625170,JYOTISTRUC
2023-09-04,10.399999618530272,10.449999809265137,10.399999618530272,10.399999618530272,10.399999618530272,1197098,JYOTISTRUC
2023-09-05,10.600000381469728,10.600000381469728,10.600000381469728,10.600000381469728,10.600000381469728,1225364,JYOTISTRUC
2023-09-06,10.800000190734863,10.800000190734863,10.800000190734863,10.800000190734863,10.800000190734863,528031,JYOTISTRUC
2023-09-07,11.0,11.0,11.0,11.0,11.0,419604,JYOTISTRUC
2023-09-08,10.800000190734863,11.199999809265137,10.800000190734863,10.800000190734863,10.800000190734863,13045914,JYOTISTRUC
2023-09-11,10.300000190734863,11.300000190734863,10.300000190734863,11.300000190734863,11.300000190734863,9781560,JYOTISTRUC
2023-09-12,11.699999809265137,11.850000381469728,10.800000190734863,11.0,11.0,7509692,JYOTISTRUC
2023-09-13,11.0,11.550000190734863,10.899999618530272,11.550000190734863,11.550000190734863,7075771,JYOTISTRUC
2023-09-14,12.100000381469728,12.100000381469728,12.0,12.100000381469728,12.100000381469728,5853967,JYOTISTRUC
2023-09-15,12.699999809265137,12.699999809265137,12.699999809265137,12.699999809265137,12.699999809265137,3087329,JYOTISTRUC
2023-09-18,13.300000190734863,13.300000190734863,13.300000190734863,13.300000190734863,13.300000190734863,3929933,JYOTISTRUC
2023-09-20,13.0,13.949999809265137,12.649999618530272,13.949999809265137,13.949999809265137,16660489,JYOTISTRUC
2023-09-21,13.699999809265137,13.699999809265137,13.699999809265137,13.699999809265137,13.699999809265137,2972298,JYOTISTRUC
2023-09-22,13.449999809265137,13.449999809265137,13.449999809265137,13.449999809265137,13.449999809265137,1369672,JYOTISTRUC
2023-09-25,13.699999809265137,13.699999809265137,13.699999809265137,13.699999809265137,13.699999809265137,1865720,JYOTISTRUC
2023-09-26,13.949999809265137,13.949999809265137,13.949999809265137,13.949999809265137,13.949999809265137,808491,JYOTISTRUC
2023-09-27,14.199999809265137,14.199999809265137,14.199999809265137,14.199999809265137,14.199999809265137,497213,JYOTISTRUC
2023-09-28,14.449999809265137,14.449999809265137,14.449999809265137,14.449999809265137,14.449999809265137,232990,JYOTISTRUC
2023-09-29,14.699999809265137,14.699999809265137,14.699999809265137,14.699999809265137,14.699999809265137,441799,JYOTISTRUC
2023-10-03,14.949999809265137,14.949999809265137,14.550000190734863,14.949999809265137,14.949999809265137,3287165,JYOTISTRUC
2023-10-04,15.199999809265137,15.199999809265137,15.199999809265137,15.199999809265137,15.199999809265137,1835472,JYOTISTRUC
2023-10-05,15.5,15.5,15.5,15.5,15.5,530599,JYOTISTRUC
2023-10-06,15.800000190734863,15.800000190734863,15.800000190734863,15.800000190734863,15.800000190734863,166131,JYOTISTRUC
2023-10-09,16.100000381469727,16.100000381469727,15.850000381469728,16.100000381469727,16.100000381469727,3952564,JYOTISTRUC
2023-10-10,15.800000190734863,16.350000381469727,15.800000190734863,15.800000190734863,15.800000190734863,2557565,JYOTISTRUC
2023-10-11,15.5,15.5,15.5,15.5,15.5,562236,JYOTISTRUC
2023-10-12,15.199999809265137,15.199999809265137,15.199999809265137,15.199999809265137,15.199999809265137,368748,JYOTISTRUC
2023-10-13,14.899999618530272,14.899999618530272,14.899999618530272,14.899999618530272,14.899999618530272,543045,JYOTISTRUC
2023-10-16,15.149999618530272,15.149999618530272,14.800000190734863,15.149999618530272,15.149999618530272,4566603,JYOTISTRUC
2023-10-17,14.850000381469728,15.350000381469728,14.850000381469728,14.850000381469728,14.850000381469728,1942994,JYOTISTRUC
2023-10-18,14.550000190734863,14.550000190734863,14.550000190734863,14.550000190734863,14.550000190734863,467442,JYOTISTRUC
2023-10-19,14.25,14.25,14.25,14.25,14.25,895644,JYOTISTRUC
2023-10-20,14.0,14.5,14.0,14.0,14.0,2995451,JYOTISTRUC
2023-10-23,13.75,13.75,13.75,13.75,13.75,433377,JYOTISTRUC
2023-10-25,13.5,13.5,13.5,13.5,13.5,168295,JYOTISTRUC
2023-10-26,13.25,13.25,13.25,13.25,13.25,306002,JYOTISTRUC
2023-10-27,13.0,13.300000190734863,13.0,13.0,13.0,5470309,JYOTISTRUC
2023-10-30,12.550000190734863,13.350000381469728,12.350000381469728,12.399999618530272,12.399999618530272,9014421,JYOTISTRUC
2023-10-31,12.149999618530272,12.399999618530272,11.800000190734863,11.800000190734863,11.800000190734863,4540913,JYOTISTRUC
2023-11-01,11.800000190734863,11.949999809265137,11.25,11.25,11.25,5106395,JYOTISTRUC
2023-11-02,11.699999809265137,11.800000190734863,11.600000381469728,11.800000190734863,11.800000190734863,1909877,JYOTISTRUC
2023-11-03,12.350000381469728,12.350000381469728,12.350000381469728,12.350000381469728,12.350000381469728,116811,JYOTISTRUC
2023-11-06,12.949999809265137,12.949999809265137,12.949999809265137,12.949999809265137,12.949999809265137,63316,JYOTISTRUC
2023-11-07,13.550000190734863,13.550000190734863,13.550000190734863,13.550000190734863,13.550000190734863,2211434,JYOTISTRUC
2023-11-08,14.199999809265137,14.199999809265137,14.199999809265137,14.199999809265137,14.199999809265137,274199,JYOTISTRUC
2023-11-09,13.949999809265137,14.399999618530272,13.949999809265137,13.949999809265137,13.949999809265137,5300725,JYOTISTRUC
2023-11-10,13.699999809265137,13.699999809265137,13.699999809265137,13.699999809265137,13.699999809265137,1255343,JYOTISTRUC
2023-11-13,14.199999809265137,14.199999809265137,14.199999809265137,14.199999809265137,14.199999809265137,552083,JYOTISTRUC
2023-11-15,14.449999809265137,14.449999809265137,14.449999809265137,14.449999809265137,14.449999809265137,199939,JYOTISTRUC
2023-11-16,14.699999809265137,14.699999809265137,14.699999809265137,14.699999809265137,14.699999809265137,183417,JYOTISTRUC
2023-11-17,14.949999809265137,14.949999809265137,14.949999809265137,14.949999809265137,14.949999809265137,79368,JYOTISTRUC
2023-11-20,15.199999809265137,15.199999809265137,15.199999809265137,15.199999809265137,15.199999809265137,185398,JYOTISTRUC
2023-11-21,15.5,15.5,15.5,15.5,15.5,186926,JYOTISTRUC
2023-11-22,15.800000190734863,15.800000190734863,15.800000190734863,15.800000190734863,15.800000190734863,226338,JYOTISTRUC
2023-11-23,16.100000381469727,16.100000381469727,16.100000381469727,16.100000381469727,16.100000381469727,140872,JYOTISTRUC
2023-11-24,16.399999618530273,16.399999618530273,16.399999618530273,16.399999618530273,16.399999618530273,99100,JYOTISTRUC
2023-11-28,16.700000762939453,16.700000762939453,16.700000762939453,16.700000762939453,16.700000762939453,200622,JYOTISTRUC
2023-11-29,17.0,17.0,17.0,17.0,17.0,261273,JYOTISTRUC
2023-11-30,17.299999237060547,17.299999237060547,17.299999237060547,17.299999237060547,17.299999237060547,358026,JYOTISTRUC
2023-12-01,17.600000381469727,17.600000381469727,17.600000381469727,17.600000381469727,17.600000381469727,273785,JYOTISTRUC
2023-12-04,17.950000762939453,17.950000762939453,17.899999618530273,17.950000762939453,17.950000762939453,3365772,JYOTISTRUC
2023-12-05,18.299999237060547,18.299999237060547,18.200000762939453,18.299999237060547,18.299999237060547,5888014,JYOTISTRUC
2023-12-06,18.64999961853028,18.64999961853028,18.64999961853028,18.64999961853028,18.64999961853028,773765,JYOTISTRUC
2023-12-07,19.0,19.0,19.0,19.0,19.0,2521160,JYOTISTRUC
2023-12-08,18.64999961853028,19.350000381469727,18.64999961853028,18.64999961853028,18.64999961853028,3037111,JYOTISTRUC
2023-12-11,19.0,19.0,18.39999961853028,19.0,19.0,3467029,JYOTISTRUC
2023-12-12,19.350000381469727,19.350000381469727,19.350000381469727,19.350000381469727,19.350000381469727,272555,JYOTISTRUC
2023-12-13,19.700000762939453,19.700000762939453,19.700000762939453,19.700000762939453,19.700000762939453,284982,JYOTISTRUC
2023-12-14,20.049999237060547,20.049999237060547,20.049999237060547,20.049999237060547,20.049999237060547,363271,JYOTISTRUC
2023-12-15,20.450000762939453,20.450000762939453,20.450000762939453,20.450000762939453,20.450000762939453,297002,JYOTISTRUC
2023-12-18,20.049999237060547,20.799999237060547,20.049999237060547,20.049999237060547,20.049999237060547,2060607,JYOTISTRUC
2023-12-19,19.64999961853028,19.64999961853028,19.64999961853028,19.64999961853028,19.64999961853028,1559929,JYOTISTRUC
2023-12-20,19.25,19.549999237060547,19.25,19.25,19.25,1901231,JYOTISTRUC
2023-12-21,18.89999961853028,18.89999961853028,18.89999961853028,18.89999961853028,18.89999961853028,1266992,JYOTISTRUC
2023-12-22,19.25,19.25,18.64999961853028,19.25,19.25,4836433,JYOTISTRUC
2023-12-26,19.0,19.600000381469727,19.0,19.0,19.0,1485701,JYOTISTRUC
2023-12-27,18.64999961853028,18.64999961853028,18.64999961853028,18.64999961853028,18.64999961853028,950926,JYOTISTRUC
2023-12-28,19.0,19.0,18.350000381469727,19.0,19.0,1137829,JYOTISTRUC
2023-12-29,19.350000381469727,19.350000381469727,19.0,19.350000381469727,19.350000381469727,1521977,JYOTISTRUC
2024-01-01,19.64999961853028,19.64999961853028,19.600000381469727,19.64999961853028,19.64999961853028,1175906,JYOTISTRUC
2024-01-02,19.5,19.600000381469727,19.25,19.5,19.5,848322,JYOTISTRUC
2024-01-03,19.200000762939453,19.600000381469727,19.200000762939453,19.200000762939453,19.200000762939453,516790,JYOTISTRUC
2024-01-04,19.299999237060547,19.5,19.200000762939453,19.299999237060547,19.299999237060547,681591,JYOTISTRUC
2024-01-05,19.39999961853028,19.39999961853028,18.950000762939453,19.39999961853028,19.39999961853028,1817917,JYOTISTRUC
2024-01-08,20.25,20.350000381469727,19.850000381469727,20.350000381469727,20.350000381469727,5738184,JYOTISTRUC
2024-01-09,21.25,21.350000381469727,20.75,21.350000381469727,21.350000381469727,8726798,JYOTISTRUC
2024-01-10,22.39999961853028,22.39999961853028,20.89999961853028,22.39999961853028,22.39999961853028,7042420,JYOTISTRUC
2024-01-11,23.5,23.5,23.5,23.5,23.5,827877,JYOTISTRUC
2024-01-12,24.64999961853028,24.64999961853028,22.549999237060547,23.850000381469727,23.850000381469727,15667836,JYOTISTRUC
2024-01-15,23.39999961853028,24.0,22.64999961853028,22.950000762939453,22.950000762939453,5240078,JYOTISTRUC
2024-01-16,22.799999237060547,22.950000762939453,21.799999237060547,21.799999237060547,21.799999237060547,4312784,JYOTISTRUC
2024-01-17,21.0,22.850000381469727,20.75,22.75,22.75,3172999,JYOTISTRUC
2024-01-18,23.700000762939453,23.850000381469727,21.75,23.850000381469727,23.850000381469727,2626635,JYOTISTRUC
2024-01-19,25.0,25.0,25.0,25.0,25.0,529676,JYOTISTRUC
2024-01-23,27.549999237060547,27.549999237060547,25.75,27.100000381469727,27.100000381469727,10620791,JYOTISTRUC
2024-01-24,28.200000762939453,28.450000762939453,26.75,28.450000762939453,28.450000762939453,4722917,JYOTISTRUC
2024-01-25,29.850000381469727,29.850000381469727,28.450000762939453,29.850000381469727,29.850000381469727,11099487,JYOTISTRUC
2024-01-29,31.299999237060547,31.299999237060547,30.350000381469727,31.299999237060547,31.299999237060547,4791366,JYOTISTRUC
2024-01-30,32.29999923706055,32.849998474121094,31.5,32.849998474121094,32.849998474121094,8179499,JYOTISTRUC
2024-01-31,33.25,33.900001525878906,31.200000762939453,31.200000762939453,31.200000762939453,12979735,JYOTISTRUC
2024-02-01,29.64999961853028,29.64999961853028,29.64999961853028,29.64999961853028,29.64999961853028,2090330,JYOTISTRUC
2024-02-02,28.75,31.100000381469727,28.700000762939453,30.89999961853028,30.89999961853028,4016334,JYOTISTRUC
2024-02-05,30.700000762939453,32.400001525878906,29.350000381469727,31.75,31.75,5515689,JYOTISTRUC
2024-02-06,32.400001525878906,32.849998474121094,30.700000762939453,31.299999237060547,31.299999237060547,3427185,JYOTISTRUC
2024-02-07,31.89999961853028,32.849998474121094,31.549999237060547,32.849998474121094,32.849998474121094,6523290,JYOTISTRUC
2024-02-08,33.900001525878906,34.45000076293945,32.25,33.650001525878906,33.650001525878906,5437096,JYOTISTRUC
2024-02-09,35.25,35.29999923706055,32.04999923706055,34.150001525878906,34.150001525878906,4519262,JYOTISTRUC
2024-02-12,34.45000076293945,34.900001525878906,32.45000076293945,32.45000076293945,32.45000076293945,2706881,JYOTISTRUC
2024-02-13,30.850000381469727,32.0,30.850000381469727,31.25,31.25,3247692,JYOTISTRUC
2024-02-14,29.700000762939453,29.700000762939453,29.700000762939453,29.700000762939453,29.700000762939453,894321,JYOTISTRUC
2024-02-15,28.25,31.14999961853028,28.25,31.14999961853028,31.14999961853028,6084598,JYOTISTRUC
2024-02-16,32.400001525878906,32.400001525878906,29.600000381469727,29.700000762939453,29.700000762939453,3184850,JYOTISTRUC
2024-02-19,29.700000762939453,31.14999961853028,28.75,30.049999237060547,30.049999237060547,1911098,JYOTISTRUC
2024-02-20,29.950000762939453,30.950000762939453,29.200000762939453,29.600000381469727,29.600000381469727,1552307,JYOTISTRUC
2024-02-21,30.0,30.5,28.14999961853028,28.299999237060547,28.299999237060547,2630532,JYOTISTRUC
2024-02-22,28.799999237060547,29.25,26.89999961853028,28.700000762939453,28.700000762939453,2109138,JYOTISTRUC
2024-02-23,28.549999237060547,28.850000381469727,27.299999237060547,27.5,27.5,1720649,JYOTISTRUC
2024-02-26,27.950000762939453,27.950000762939453,26.14999961853028,26.950000762939453,26.950000762939453,1611264,JYOTISTRUC
2024-02-27,27.0,27.600000381469727,25.64999961853028,27.049999237060547,27.049999237060547,2853308,JYOTISTRUC
2024-02-28,27.100000381469727,27.100000381469727,25.700000762939453,25.850000381469727,25.850000381469727,1932033,JYOTISTRUC
2024-02-29,25.299999237060547,27.100000381469727,24.549999237060547,27.0,27.0,3645275,JYOTISTRUC
2024-03-01,26.700000762939453,27.5,25.799999237060547,26.14999961853028,26.14999961853028,1640485,JYOTISTRUC
2024-03-04,26.75,26.89999961853028,25.200000762939453,25.200000762939453,25.200000762939453,1535691,JYOTISTRUC
2024-03-05,24.299999237060547,25.25,24.0,24.75,24.75,1833202,JYOTISTRUC
2024-03-06,24.549999237060547,25.89999961853028,23.549999237060547,23.89999961853028,23.89999961853028,2701389,JYOTISTRUC
2024-03-07,22.799999237060547,24.25,22.799999237060547,23.64999961853028,23.64999961853028,1841159,JYOTISTRUC
2024-03-11,23.64999961853028,23.64999961853028,22.5,22.5,22.5,1564956,JYOTISTRUC
2024-03-12,20.34043502807617,20.34043502807617,20.34043502807617,20.34043502807617,20.34043502807617,454801,JYOTISTRUC
2024-03-13,19.34242248535156,21.33844757080078,19.34242248535156,19.34242248535156,19.34242248535156,4434996,JYOTISTRUC
2024-03-14,18.391935348510746,20.292909622192383,18.391935348510746,20.292909622192383,20.292909622192383,8170700,JYOTISTRUC
2024-03-15,20.292909622192383,21.290922164916992,19.7701416015625,21.290922164916992,21.290922164916992,3036236,JYOTISTRUC
2024-03-18,22.33645820617676,22.33645820617676,21.90873908996582,22.33645820617676,22.33645820617676,1420019,JYOTISTRUC
2024-03-19,23.429519653320312,23.429519653320312,21.813690185546875,23.239421844482425,23.239421844482425,3821775,JYOTISTRUC
2024-03-20,23.239421844482425,24.18990898132324,22.09883689880371,22.09883689880371,22.09883689880371,3960676,JYOTISTRUC
2024-03-21,21.049999237060547,22.0,21.0,21.0,21.0,2026202,JYOTISTRUC
2024-03-22,19.950000762939453,22.049999237060547,19.950000762939453,22.049999237060547,22.049999237060547,4136855,JYOTISTRUC
2024-03-26,22.700000762939453,22.700000762939453,20.950000762939453,20.950000762939453,20.950000762939453,2459103,JYOTISTRUC
2024-03-27,20.850000381469727,21.200000762939453,19.89999961853028,19.89999961853028,19.89999961853028,2671442,JYOTISTRUC
2024-03-28,19.89999961853028,20.850000381469727,19.799999237060547,20.850000381469727,20.850000381469727,1508352,JYOTISTRUC
2024-04-01,21.549999237060547,21.850000381469727,21.299999237060547,21.850000381469727,21.850000381469727,624839,JYOTISTRUC
2024-04-02,22.89999961853028,22.89999961853028,22.89999961853028,22.89999961853028,22.89999961853028,894788,JYOTISTRUC
2024-04-03,23.5,24.0,23.100000381469727,24.0,24.0,1971094,JYOTISTRUC
2024-04-04,25.200000762939453,25.200000762939453,23.549999237060547,25.14999961853028,25.14999961853028,3946394,JYOTISTRUC
2024-04-05,25.25,25.25,24.049999237060547,24.450000762939453,24.450000762939453,2919437,JYOTISTRUC
2024-04-08,24.850000381469727,24.89999961853028,23.25,23.25,23.25,1807189,JYOTISTRUC
2024-04-09,23.0,23.0,22.100000381469727,22.5,22.5,1941154,JYOTISTRUC
2024-04-10,23.25,23.600000381469727,22.700000762939453,23.600000381469727,23.600000381469727,1504170,JYOTISTRUC
2024-04-12,23.0,23.25,22.549999237060547,22.75,22.75,1819692,JYOTISTRUC
2024-04-15,22.0,22.14999961853028,21.64999961853028,21.700000762939453,21.700000762939453,1760582,JYOTISTRUC
2024-04-16,21.39999961853028,22.5,21.100000381469727,22.25,22.25,2159548,JYOTISTRUC
2024-04-18,22.600000381469727,23.350000381469727,22.600000381469727,23.299999237060547,23.299999237060547,8398546,JYOTISTRUC
2024-04-19,22.14999961853028,22.89999961853028,22.14999961853028,22.299999237060547,22.299999237060547,4616478,JYOTISTRUC
2024-04-22,22.799999237060547,23.350000381469727,21.89999961853028,22.0,22.0,2789182,JYOTISTRUC
2024-04-23,22.450000762939453,23.100000381469727,21.5,23.0,23.0,5420979,JYOTISTRUC
2024-04-24,23.350000381469727,23.39999961853028,22.14999961853028,22.64999961853028,22.64999961853028,2701604,JYOTISTRUC
2024-04-25,22.799999237060547,23.350000381469727,22.299999237060547,23.0,23.0,2844265,JYOTISTRUC
2024-04-26,23.299999237060547,24.14999961853028,23.200000762939453,24.14999961853028,24.14999961853028,3387392,JYOTISTRUC
2024-04-29,25.350000381469727,25.350000381469727,24.950000762939453,25.350000381469727,25.350000381469727,3734688,JYOTISTRUC
2024-04-30,26.5,26.600000381469727,26.14999961853028,26.600000381469727,26.600000381469727,2879050,JYOTISTRUC
2024-05-02,27.89999961853028,27.89999961853028,27.89999961853028,27.89999961853028,27.89999961853028,1495785,JYOTISTRUC
2024-05-03,29.25,29.25,27.0,28.0,28.0,11219332,JYOTISTRUC
2024-05-06,27.850000381469727,27.850000381469727,26.600000381469727,26.600000381469727,26.600000381469727,2412707,JYOTISTRUC
2024-05-07,25.299999237060547,26.600000381469727,25.299999237060547,25.299999237060547,25.299999237060547,3895761,JYOTISTRUC
2024-05-08,24.14999961853028,24.75,24.049999237060547,24.049999237060547,24.049999237060547,5606005,JYOTISTRUC
2024-05-09,23.799999237060547,25.25,22.850000381469727,23.850000381469727,23.850000381469727,5213325,JYOTISTRUC
2024-05-10,23.600000381469727,24.75,23.5,24.299999237060547,24.299999237060547,3030889,JYOTISTRUC
2024-05-13,24.299999237060547,25.5,23.25,25.5,25.5,4437236,JYOTISTRUC
2024-05-14,26.75,26.75,25.450000762939453,25.799999237060547,25.799999237060547,7150837,JYOTISTRUC
2024-05-15,25.950000762939453,26.64999961853028,24.89999961853028,26.14999961853028,26.14999961853028,3079200,JYOTISTRUC
2024-05-16,26.600000381469727,26.600000381469727,25.600000381469727,25.950000762939453,25.950000762939453,1903925,JYOTISTRUC
2024-05-17,25.600000381469727,26.14999961853028,25.299999237060547,25.700000762939453,25.700000762939453,2231493,JYOTISTRUC
2024-05-21,25.950000762939453,27.200000762939453,25.39999961853028,27.200000762939453,27.200000762939453,2852879,JYOTISTRUC
2024-05-22,27.799999237060547,28.100000381469727,26.25,27.14999961853028,27.14999961853028,3802837,JYOTISTRUC
2024-05-23,27.5,27.600000381469727,26.200000762939453,27.299999237060547,27.299999237060547,2338976,JYOTISTRUC
2024-05-24,27.5,27.5,25.950000762939453,26.049999237060547,26.049999237060547,3291434,JYOTISTRUC
2024-05-27,26.100000381469727,26.799999237060547,24.75,25.200000762939453,25.200000762939453,2662323,JYOTISTRUC
2024-05-28,25.350000381469727,26.450000762939453,25.049999237060547,25.450000762939453,25.450000762939453,1788815,JYOTISTRUC
2024-05-29,25.5,26.700000762939453,24.600000381469727,26.5,26.5,3727553,JYOTISTRUC
2024-05-30,27.799999237060547,27.799999237060547,26.5,26.700000762939453,26.700000762939453,6607737,JYOTISTRUC
2024-05-31,26.600000381469727,26.89999961853028,25.39999961853028,25.450000762939453,25.450000762939453,3822294,JYOTISTRUC
2024-06-03,26.700000762939453,26.700000762939453,25.100000381469727,26.14999961853028,26.14999961853028,4595364,JYOTISTRUC
2024-06-04,27.450000762939453,27.450000762939453,24.850000381469727,24.850000381469727,24.850000381469727,3385709,JYOTISTRUC
2024-06-05,23.600000381469727,25.200000762939453,23.600000381469727,24.100000381469727,24.100000381469727,3465485,JYOTISTRUC
2024-06-06,24.39999961853028,25.299999237060547,23.39999961853028,23.75,23.75,3286701,JYOTISTRUC
2024-06-07,23.75,24.89999961853028,23.299999237060547,24.89999961853028,24.89999961853028,2151266,JYOTISTRUC
2024-06-10,25.5,25.940000534057617,24.5,24.90999984741211,24.90999984741211,2710426,JYOTISTRUC
2024-06-11,24.989999771118164,25.690000534057617,24.5,25.07999992370605,25.07999992370605,2227725,JYOTISTRUC
2024-06-12,25.25,26.32999992370605,25.0,25.729999542236328,25.729999542236328,6275897,JYOTISTRUC
2024-06-13,25.75,26.09000015258789,25.14999961853028,25.549999237060547,25.549999237060547,2300915,JYOTISTRUC
2024-06-14,25.59000015258789,26.5,25.51000022888184,26.229999542236328,26.229999542236328,3200487,JYOTISTRUC
2024-06-18,26.799999237060547,27.540000915527344,25.850000381469727,27.530000686645508,27.530000686645508,9538133,JYOTISTRUC
2024-06-19,27.75,28.89999961853028,26.89999961853028,28.89999961853028,28.89999961853028,10374477,JYOTISTRUC
2024-06-20,30.34000015258789,30.34000015258789,29.059999465942383,29.770000457763672,29.770000457763672,15317619,JYOTISTRUC
2024-06-21,30.39999961853028,30.739999771118164,28.280000686645508,28.280000686645508,28.280000686645508,8296375,JYOTISTRUC
2024-06-24,29.68000030517578,29.690000534057617,27.56999969482422,28.020000457763672,28.020000457763672,16415037,JYOTISTRUC
2024-06-25,28.350000381469727,29.420000076293945,28.020000457763672,28.739999771118164,28.739999771118164,7735435,JYOTISTRUC
2024-06-26,29.09000015258789,29.59000015258789,28.26000022888184,28.739999771118164,28.739999771118164,5507083,JYOTISTRUC
2024-06-27,28.75,29.489999771118164,27.5,28.049999237060547,28.049999237060547,4086356,JYOTISTRUC
2024-06-28,27.59000015258789,28.25,27.15999984741211,27.51000022888184,27.51000022888184,1937085,JYOTISTRUC
2024-07-01,27.739999771118164,28.75,27.01000022888184,27.239999771118164,27.239999771118164,2472487,JYOTISTRUC
2024-07-02,27.59000015258789,27.690000534057617,26.3799991607666,26.89999961853028,26.89999961853028,2659823,JYOTISTRUC
2024-07-03,26.989999771118164,27.280000686645508,26.13999938964844,26.51000022888184,26.51000022888184,2710303,JYOTISTRUC
2024-07-04,26.700000762939453,27.82999992370605,26.270000457763672,27.76000022888184,27.76000022888184,3005923,JYOTISTRUC
2024-07-05,27.940000534057617,27.950000762939453,26.68000030517578,26.90999984741211,26.90999984741211,2400875,JYOTISTRUC
2024-07-08,27.0,27.299999237060547,26.0,26.11000061035156,26.11000061035156,2088429,JYOTISTRUC
2024-07-09,26.01000022888184,26.57999992370605,25.6200008392334,25.950000762939453,25.950000762939453,2175214,JYOTISTRUC
2024-07-10,25.89999961853028,26.100000381469727,24.65999984741211,25.18000030517578,25.18000030517578,2347743,JYOTISTRUC
2024-07-11,25.18000030517578,26.43000030517578,24.799999237060547,26.43000030517578,26.43000030517578,2270449,JYOTISTRUC
2024-07-12,26.950000762939453,27.450000762939453,26.0,26.049999237060547,26.049999237060547,2603561,JYOTISTRUC
2024-07-15,26.059999465942383,26.489999771118164,25.6299991607666,25.780000686645508,25.780000686645508,1366355,JYOTISTRUC
2024-07-16,25.88999938964844,27.059999465942383,25.31999969482422,27.059999465942383,27.059999465942383,4257878,JYOTISTRUC
2024-07-18,27.200000762939453,27.200000762939453,26.0,26.07999992370605,26.07999992370605,3612900,JYOTISTRUC
2024-07-19,26.0,26.07999992370605,25.0,25.75,25.75,2532970,JYOTISTRUC
2024-07-22,25.739999771118164,26.5,25.049999237060547,25.3700008392334,25.3700008392334,2203525,JYOTISTRUC
2024-07-23,25.540000915527344,25.850000381469727,24.100000381469727,25.549999237060547,25.549999237060547,3843045,JYOTISTRUC
2024-07-24,25.64999961853028,26.81999969482422,25.61000061035156,26.700000762939453,26.700000762939453,4773210,JYOTISTRUC
2024-07-25,26.11000061035156,27.989999771118164,26.020000457763672,27.31999969482422,27.31999969482422,5511349,JYOTISTRUC
2024-07-26,27.799999237060547,28.39999961853028,27.100000381469727,27.479999542236328,27.479999542236328,4504035,JYOTISTRUC
2024-07-29,27.950000762939453,28.36000061035156,26.690000534057617,26.940000534057617,26.940000534057617,3315301,JYOTISTRUC
2024-07-30,26.950000762939453,28.280000686645508,26.63999938964844,28.280000686645508,28.280000686645508,6718656,JYOTISTRUC
2024-07-31,28.75,29.690000534057617,28.75,29.690000534057617,29.690000534057617,11811469,JYOTISTRUC
2024-08-01,29.950000762939453,30.0,28.200000762939453,28.34000015258789,28.34000015258789,10276155,JYOTISTRUC
2024-08-02,28.01000022888184,29.75,27.31999969482422,29.71999931335449,29.71999931335449,11266169,JYOTISTRUC
2024-08-05,28.299999237060547,29.32999992370605,28.229999542236328,28.229999542236328,28.229999542236328,6230466,JYOTISTRUC
2024-08-06,28.39999961853028,28.950000762939453,26.809999465942383,26.809999465942383,26.809999465942383,6743454,JYOTISTRUC
2024-08-07,27.299999237060547,28.06999969482422,26.059999465942383,27.989999771118164,27.989999771118164,5218210,JYOTISTRUC
2024-08-08,27.979999542236328,28.63999938964844,27.299999237060547,27.65999984741211,27.65999984741211,3440468,JYOTISTRUC
2024-08-09,28.0,29.0,27.270000457763672,28.63999938964844,28.63999938964844,5532393,JYOTISTRUC
2024-08-12,27.200000762939453,28.14999961853028,27.200000762939453,27.200000762939453,27.200000762939453,5937955,JYOTISTRUC
2024-08-13,26.600000381469727,27.1200008392334,25.84000015258789,25.84000015258789,25.84000015258789,4465810,JYOTISTRUC
2024-08-14,25.770000457763672,25.770000457763672,24.540000915527344,24.690000534057617,24.690000534057617,7544326,JYOTISTRUC
2024-08-16,24.540000915527344,25.920000076293945,23.989999771118164,25.770000457763672,25.770000457763672,4791938,JYOTISTRUC
2024-08-19,26.0,27.040000915527344,26.0,26.63999938964844,26.63999938964844,3475996,JYOTISTRUC
2024-08-20,26.89999961853028,27.290000915527344,26.56999969482422,26.76000022888184,26.76000022888184,2369410,JYOTISTRUC
2024-08-21,26.790000915527344,27.5,26.3700008392334,26.729999542236328,26.729999542236328,3281769,JYOTISTRUC
2024-08-22,27.75,28.059999465942383,26.96999931335449,28.059999465942383,28.059999465942383,6440581,JYOTISTRUC
2024-08-23,28.600000381469727,29.459999084472656,28.100000381469727,29.09000015258789,29.09000015258789,10408293,JYOTISTRUC
2024-08-26,28.739999771118164,30.489999771118164,28.530000686645508,29.57999992370605,29.57999992370605,13384733,JYOTISTRUC
2024-08-27,30.0,30.280000686645508,28.5,28.6200008392334,28.6200008392334,3398101,JYOTISTRUC
2024-08-28,28.739999771118164,29.950000762939453,28.21999931335449,29.530000686645508,29.530000686645508,5996750,JYOTISTRUC
2024-08-29,29.850000381469727,31.0,28.600000381469727,29.1200008392334,29.1200008392334,10724952,JYOTISTRUC
2024-08-30,29.5,29.940000534057617,28.559999465942383,28.700000762939453,28.700000762939453,3436980,JYOTISTRUC
2024-09-02,28.84000015258789,29.040000915527344,27.5,27.739999771118164,27.739999771118164,3833686,JYOTISTRUC
2024-09-03,27.8799991607666,28.290000915527344,27.5,27.8799991607666,27.8799991607666,2569803,JYOTISTRUC
2024-09-04,27.5,27.920000076293945,26.64999961853028,27.15999984741211,27.15999984741211,3975702,JYOTISTRUC
2024-09-05,27.290000915527344,27.790000915527344,27.15999984741211,27.459999084472656,27.459999084472656,2177914,JYOTISTRUC
2024-09-06,27.57999992370605,27.81999969482422,26.64999961853028,26.86000061035156,26.86000061035156,2918901,JYOTISTRUC
2024-09-09,26.8799991607666,27.100000381469727,26.25,26.559999465942383,26.559999465942383,1948270,JYOTISTRUC
2024-09-10,26.71999931335449,27.100000381469727,26.06999969482422,26.18000030517578,26.18000030517578,3581071,JYOTISTRUC
2024-09-11,26.39999961853028,27.479999542236328,26.11000061035156,27.290000915527344,27.290000915527344,4502480,JYOTISTRUC
2024-09-12,27.5,28.64999961853028,27.11000061035156,28.64999961853028,28.64999961853028,7931403,JYOTISTRUC
2024-09-13,29.0,29.049999237060547,27.790000915527344,27.89999961853028,27.89999961853028,4953463,JYOTISTRUC
2024-09-16,28.25,28.31999969482422,27.5,27.65999984741211,27.65999984741211,3032942,JYOTISTRUC
2024-09-17,27.790000915527344,27.88999938964844,26.520000457763672,26.600000381469727,26.600000381469727,4535903,JYOTISTRUC
2024-09-18,26.670000076293945,27.93000030517578,26.450000762939453,27.93000030517578,27.93000030517578,5553329,JYOTISTRUC
2024-09-19,28.14999961853028,29.0,26.530000686645508,26.89999961853028,26.89999961853028,7479073,JYOTISTRUC
2024-09-20,27.200000762939453,28.239999771118164,26.700000762939453,28.200000762939453,28.200000762939453,6887773,JYOTISTRUC
2024-09-23,28.440000534057617,29.18000030517578,27.8700008392334,28.450000762939453,28.450000762939453,7233733,JYOTISTRUC
2024-09-24,28.540000915527344,28.690000534057617,27.850000381469727,28.200000762939453,28.200000762939453,3167880,JYOTISTRUC
2024-09-25,28.34000015258789,28.88999938964844,26.950000762939453,27.07999992370605,27.07999992370605,6297822,JYOTISTRUC
2024-09-26,27.200000762939453,27.299999237060547,26.420000076293945,26.540000915527344,26.540000915527344,4522033,JYOTISTRUC
2024-09-27,26.690000534057617,27.86000061035156,26.549999237060547,27.01000022888184,27.01000022888184,4786351,JYOTISTRUC
2024-09-30,27.020000457763672,27.09000015258789,25.89999961853028,26.280000686645508,26.280000686645508,6114221,JYOTISTRUC
2024-10-01,26.32999992370605,26.739999771118164,25.75,25.920000076293945,25.920000076293945,4730406,JYOTISTRUC
2024-10-03,25.71999931335449,26.39999961853028,25.0,25.32999992370605,25.32999992370605,6919015,JYOTISTRUC
2024-10-04,25.299999237060547,26.0,24.76000022888184,25.43000030517578,25.43000030517578,5170766,JYOTISTRUC
2024-10-07,25.61000061035156,26.700000762939453,24.14999961853028,26.64999961853028,26.64999961853028,16669249,JYOTISTRUC
2024-10-08,27.799999237060547,29.309999465942383,27.299999237060547,29.15999984741211,29.15999984741211,45123990,JYOTISTRUC
2024-10-09,28.63999938964844,32.06999969482422,28.5,32.06999969482422,32.06999969482422,59917609,JYOTISTRUC
2024-10-10,32.70000076293945,34.900001525878906,30.799999237060547,33.65999984741211,33.65999984741211,52333038,JYOTISTRUC
2024-10-11,33.650001525878906,34.5,32.150001525878906,32.529998779296875,32.529998779296875,21225741,JYOTISTRUC
2024-10-14,32.880001068115234,32.95000076293945,31.200000762939453,31.34000015258789,31.34000015258789,12097098,JYOTISTRUC
2024-10-15,31.799999237060547,32.900001525878906,31.01000022888184,32.880001068115234,32.880001068115234,26776265,JYOTISTRUC
2024-10-16,33.0,33.54999923706055,32.189998626708984,32.970001220703125,32.970001220703125,15567955,JYOTISTRUC
2024-10-17,33.290000915527344,33.439998626708984,31.31999969482422,31.36000061035156,31.36000061035156,17243218,JYOTISTRUC
2024-10-18,31.0,31.950000762939453,30.14999961853028,31.350000381469727,31.350000381469727,8249981,JYOTISTRUC
2024-10-21,31.979999542236328,32.400001525878906,30.26000022888184,30.6200008392334,30.6200008392334,7043015,JYOTISTRUC
2024-10-22,30.799999237060547,31.57999992370605,29.700000762939453,30.3700008392334,30.3700008392334,12383928,JYOTISTRUC
2024-10-23,30.3700008392334,31.8799991607666,30.3700008392334,31.8700008392334,31.8700008392334,30996265,JYOTISTRUC
2024-10-24,32.29999923706055,33.459999084472656,31.059999465942383,33.130001068115234,33.130001068115234,28310820,JYOTISTRUC
2024-10-25,33.130001068115234,33.400001525878906,31.46999931335449,31.559999465942383,31.559999465942383,17881194,JYOTISTRUC
2024-10-28,32.099998474121094,33.130001068115234,31.1299991607666,33.06999969482422,33.06999969482422,17829755,JYOTISTRUC
2024-10-29,33.31999969482422,34.720001220703125,31.8799991607666,34.709999084472656,34.709999084472656,28197856,JYOTISTRUC
2024-10-30,34.880001068115234,36.43999862670898,34.56999969482422,36.43000030517578,36.43000030517578,36751353,JYOTISTRUC
2024-10-31,36.900001525878906,37.79999923706055,35.70000076293945,36.33000183105469,36.33000183105469,24155078,JYOTISTRUC
2024-11-01,36.79999923706055,38.13999938964844,36.0,38.11000061035156,38.11000061035156,11213482,JYOTISTRUC
2024-11-04,39.15999984741211,40.0099983215332,38.25,40.0099983215332,40.0099983215332,55878293,JYOTISTRUC
2024-11-05,40.29999923706055,41.34000015258789,38.0,38.0,38.0,35357162,JYOTISTRUC
2024-11-06,37.5,39.290000915527344,36.619998931884766,38.290000915527344,38.290000915527344,22256741,JYOTISTRUC
2024-11-07,36.810001373291016,37.06999969482422,36.369998931884766,36.369998931884766,36.369998931884766,18820104,JYOTISTRUC
2024-11-08,35.189998626708984,35.4900016784668,34.54999923706055,35.099998474121094,35.099998474121094,33979215,JYOTISTRUC
2024-11-11,34.70000076293945,34.79999923706055,33.34000015258789,33.34000015258789,33.34000015258789,14253787,JYOTISTRUC
2024-11-12,33.0,34.849998474121094,32.36000061035156,32.61000061035156,32.61000061035156,17855782,JYOTISTRUC
2024-11-13,32.61000061035156,33.099998474121094,31.25,31.440000534057617,31.440000534057617,14414854,JYOTISTRUC
2024-11-14,31.5,33.0099983215332,31.14999961853028,31.950000762939453,31.950000762939453,16343123,JYOTISTRUC
2024-11-18,32.09000015258789,32.2400016784668,30.520000457763672,31.020000457763672,31.020000457763672,9854278,JYOTISTRUC
2024-11-19,31.600000381469727,32.56999969482422,30.5,30.71999931335449,30.71999931335449,23717326,JYOTISTRUC
2024-11-21,30.600000381469727,30.600000381469727,29.18000030517578,29.18000030517578,29.18000030517578,13144474,JYOTISTRUC
2024-11-22,28.46999931335449,29.670000076293945,28.15999984741211,28.979999542236328,28.979999542236328,13579667,JYOTISTRUC
2024-11-25,29.799999237060547,30.200000762939453,28.549999237060547,29.34000015258789,29.34000015258789,13111954,JYOTISTRUC
2024-11-26,29.299999237060547,29.38999938964844,28.059999465942383,28.450000762939453,28.450000762939453,9323192,JYOTISTRUC
2024-11-27,28.799999237060547,29.8700008392334,28.350000381469727,29.8700008392334,29.8700008392334,7570624,JYOTISTRUC
2024-11-28,30.39999961853028,31.190000534057617,30.01000022888184,30.21999931335449,30.21999931335449,13127878,JYOTISTRUC
2024-11-29,30.479999542236328,30.5,29.170000076293945,29.36000061035156,29.36000061035156,6526393,JYOTISTRUC
2024-12-02,29.63999938964844,30.81999969482422,29.049999237060547,30.81999969482422,30.81999969482422,5796111,JYOTISTRUC
2024-12-03,32.310001373291016,32.36000061035156,31.450000762939453,32.15999984741211,32.15999984741211,24672542,JYOTISTRUC
2024-12-04,32.77000045776367,32.77000045776367,31.39999961853028,31.799999237060547,31.799999237060547,9166258,JYOTISTRUC
2024-12-05,31.950000762939453,32.13999938964844,31.200000762939453,31.51000022888184,31.51000022888184,6044728,JYOTISTRUC
2024-12-06,32.150001525878906,34.65999984741211,31.920000076293945,34.029998779296875,34.029998779296875,30065319,JYOTISTRUC
2024-12-09,34.5099983215332,35.599998474121094,34.099998474121094,34.29999923706055,34.29999923706055,15837190,JYOTISTRUC
2024-12-10,34.439998626708984,34.47999954223633,32.11000061035156,32.5,32.5,10131637,JYOTISTRUC
2024-12-11,32.5,34.25,32.27000045776367,33.97999954223633,33.97999954223633,10093909,JYOTISTRUC
2024-12-12,34.29999923706055,34.400001525878906,33.0099983215332,33.65999984741211,33.65999984741211,5683303,JYOTISTRUC
2024-12-13,33.849998474121094,33.90999984741211,32.41999816894531,33.709999084472656,33.709999084472656,6469456,JYOTISTRUC
2024-12-16,33.849998474121094,35.25,33.59000015258789,33.90999984741211,33.90999984741211,7964756,JYOTISTRUC
2024-12-17,34.0,34.040000915527344,32.75,33.0099983215332,33.0099983215332,5191515,JYOTISTRUC
2024-12-18,33.0,33.59000015258789,32.310001373291016,32.58000183105469,32.58000183105469,5743268,JYOTISTRUC
2024-12-19,31.950000762939453,32.61000061035156,31.51000022888184,31.86000061035156,31.86000061035156,5988047,JYOTISTRUC
2024-12-20,31.75,32.20000076293945,30.25,30.40999984741211,30.40999984741211,7463806,JYOTISTRUC
2024-12-23,31.0,31.440000534057617,30.020000457763672,30.209999084472656,30.209999084472656,4756099,JYOTISTRUC
2024-12-24,30.0,30.850000381469727,29.96999931335449,30.309999465942383,30.309999465942383,3934082,JYOTISTRUC
2024-12-26,30.39999961853028,30.68000030517578,29.64999961853028,29.84000015258789,29.84000015258789,3660849,JYOTISTRUC
2024-12-27,29.84000015258789,30.170000076293945,29.5,29.65999984741211,29.65999984741211,4439429,JYOTISTRUC
2024-12-30,29.5,29.600000381469727,28.6299991607666,28.770000457763672,28.770000457763672,6059933,JYOTISTRUC
2024-12-31,28.600000381469727,28.780000686645508,27.5,27.950000762939453,27.950000762939453,10488555,JYOTISTRUC
2025-01-01,27.88999938964844,29.13999938964844,27.5,28.61000061035156,28.61000061035156,15307857,JYOTISTRUC
2025-01-02,28.8799991607666,28.89999961853028,27.450000762939453,27.56999969482422,27.56999969482422,10833086,JYOTISTRUC
2025-01-03,27.71999931335449,28.690000534057617,27.38999938964844,27.530000686645508,27.530000686645508,14724691,JYOTISTRUC
2025-01-06,27.64999961853028,27.76000022888184,25.14999961853028,25.549999237060547,25.549999237060547,22378495,JYOTISTRUC
2025-01-07,25.850000381469727,26.43000030517578,25.440000534057617,25.68000030517578,25.68000030517578,8225177,JYOTISTRUC
2025-01-08,25.68000030517578,25.84000015258789,24.739999771118164,25.14999961853028,25.14999961853028,16913984,JYOTISTRUC
2025-01-09,24.81999969482422,27.440000534057617,24.81999969482422,25.5,25.5,33427722,JYOTISTRUC
2025-01-10,25.64999961853028,25.64999961853028,23.850000381469727,24.1200008392334,24.1200008392334,12783037,JYOTISTRUC
2025-01-13,23.65999984741211,24.1200008392334,21.81999969482422,22.21999931335449,22.21999931335449,18811972,JYOTISTRUC
2025-01-14,22.21999931335449,23.549999237060547,22.06999969482422,23.280000686645508,23.280000686645508,9360132,JYOTISTRUC
2025-01-15,23.600000381469727,25.100000381469727,22.57999992370605,22.75,22.75,10972211,JYOTISTRUC
2025-01-16,23.15999984741211,24.06999969482422,23.15999984741211,23.31999969482422,23.31999969482422,10517181,JYOTISTRUC
2025-01-17,23.31999969482422,23.76000022888184,23.0,23.549999237060547,23.549999237060547,6999837,JYOTISTRUC
2025-01-20,23.6200008392334,24.299999237060547,23.1200008392334,24.040000915527344,24.040000915527344,6352812,JYOTISTRUC
2025-01-21,24.14999961853028,24.350000381469727,23.049999237060547,23.239999771118164,23.239999771118164,5650214,JYOTISTRUC
2025-01-22,23.299999237060547,23.299999237060547,22.0,22.61000061035156,22.61000061035156,6415994,JYOTISTRUC
2025-01-23,22.61000061035156,23.049999237060547,22.350000381469727,22.559999465942383,22.559999465942383,4070068,JYOTISTRUC
2025-01-24,24.63999938964844,24.809999465942383,24.11000061035156,24.809999465942383,24.809999465942383,22898276,JYOTISTRUC
2025-01-27,24.459999084472656,24.63999938964844,22.809999465942383,23.25,23.25,13398709,JYOTISTRUC
2025-01-28,23.440000534057617,23.5,21.36000061035156,22.46999931335449,22.46999931335449,12618574,JYOTISTRUC
2025-01-29,23.200000762939453,23.600000381469727,22.850000381469727,23.3799991607666,23.3799991607666,6837879,JYOTISTRUC
2025-01-30,23.76000022888184,23.790000915527344,22.39999961853028,22.6299991607666,22.6299991607666,7244685,JYOTISTRUC
2025-01-31,22.75,23.5,22.290000915527344,23.290000915527344,23.290000915527344,6713960,JYOTISTRUC
2025-02-01,21.05140686035156,21.49930953979492,20.451217651367188,20.943910598754883,20.943910598754883,6599973,JYOTISTRUC
2025-02-03,20.621421813964844,23.03113555908203,20.281015396118164,23.03113555908203,23.03113555908203,16303166,JYOTISTRUC
2025-02-04,23.58653450012207,25.028778076171875,22.48469352722168,22.735519409179688,22.735519409179688,37161086,JYOTISTRUC
2025-02-05,23.290918350219727,25.00190544128418,22.421987533569336,24.509212493896484,24.509212493896484,35313930,JYOTISTRUC
2025-02-06,24.88545036315918,25.243772506713867,24.02547836303711,24.81378555297852,24.81378555297852,19496686,JYOTISTRUC
2025-02-07,24.7779541015625,24.7779541015625,23.02217674255371,24.09714126586914,24.09714126586914,23845473,JYOTISTRUC
2025-02-10,23.459999084472656,23.459999084472656,22.100000381469727,22.63999938964844,22.63999938964844,19085843,JYOTISTRUC
2025-02-11,22.489999771118164,22.5,20.600000381469727,21.13999938964844,21.13999938964844,11992895,JYOTISTRUC
2025-02-12,21.26000022888184,22.11000061035156,19.670000076293945,21.790000915527344,21.790000915527344,16032683,JYOTISTRUC
2025-02-13,21.790000915527344,22.0,20.56999969482422,20.709999084472656,20.709999084472656,9142272,JYOTISTRUC
2025-02-14,20.739999771118164,20.8799991607666,18.520000457763672,19.239999771118164,19.239999771118164,14681800,JYOTISTRUC
2025-02-17,19.100000381469727,19.39999961853028,17.90999984741211,18.520000457763672,18.520000457763672,17311573,JYOTISTRUC
2025-02-18,18.690000534057617,18.940000534057617,17.3700008392334,18.030000686645508,18.030000686645508,21545003,JYOTISTRUC
2025-02-19,18.030000686645508,18.979999542236328,17.75,18.170000076293945,18.170000076293945,14605679,JYOTISTRUC
2025-02-20,18.100000381469727,18.489999771118164,17.93000030517578,18.010000228881836,18.010000228881836,11691129,JYOTISTRUC
2025-02-21,18.14999961853028,18.3700008392334,17.700000762939453,18.0,18.0,16744782,JYOTISTRUC
2025-02-24,17.8799991607666,17.8799991607666,17.079999923706055,17.299999237060547,17.299999237060547,9532694,JYOTISTRUC
2025-02-25,17.049999237060547,17.549999237060547,16.809999465942383,16.93000030517578,16.93000030517578,16601560,JYOTISTRUC
2025-02-27,17.299999237060547,18.309999465942383,17.100000381469727,17.350000381469727,17.350000381469727,20416980,JYOTISTRUC
2025-02-28,17.0,17.280000686645508,16.559999465942383,16.950000762939453,16.950000762939453,14262310,JYOTISTRUC
2025-03-03,17.200000762939453,17.229999542236328,16.049999237060547,16.850000381469727,16.850000381469727,21132607,JYOTISTRUC
2025-03-04,16.5,17.780000686645508,16.459999084472656,16.93000030517578,16.93000030517578,17231020,JYOTISTRUC
2025-03-05,17.0,17.549999237060547,17.0,17.40999984741211,17.40999984741211,14400218,JYOTISTRUC
2025-03-06,17.75,18.010000228881836,17.170000076293945,17.440000534057617,17.440000534057617,17359689,JYOTISTRUC
2025-03-07,17.299999237060547,17.829999923706055,17.219999313354492,17.299999237060547,17.299999237060547,13266704,JYOTISTRUC
2025-03-10,17.25,17.469999313354492,16.170000076293945,16.25,16.25,17196612,JYOTISTRUC
2025-03-11,16.09000015258789,16.229999542236328,15.699999809265137,15.93000030517578,15.93000030517578,15154568,JYOTISTRUC
2025-03-12,15.9399995803833,16.469999313354492,15.9399995803833,16.15999984741211,16.15999984741211,10331164,JYOTISTRUC
2025-03-13,16.360000610351562,16.360000610351562,15.800000190734863,15.890000343322754,15.890000343322754,10847871,JYOTISTRUC
2025-03-17,15.890000343322754,16.100000381469727,15.25,15.789999961853027,15.789999961853027,13789402,JYOTISTRUC
2025-03-18,15.789999961853027,15.789999961853027,15.789999961853027,15.789999961853027,15.789999961853027,0,JYOTISTRUC
2025-03-19,17.729999542236328,18.520000457763672,17.600000381469727,18.39999961853028,18.39999961853028,19776581,JYOTISTRUC
2025-03-20,18.690000534057617,18.96999931335449,18.299999237060547,18.59000015258789,18.59000015258789,13669340,JYOTISTRUC
2025-03-21,18.63999938964844,19.530000686645508,18.40999984741211,18.950000762939453,18.950000762939453,16045281,JYOTISTRUC
2025-03-24,18.40999984741211,19.14999961853028,17.84000015258789,17.90999984741211,17.90999984741211,29907973,JYOTISTRUC
2025-03-25,17.920000076293945,18.13999938964844,16.709999084472656,16.799999237060547,16.799999237060547,19242026,JYOTISTRUC
2025-03-26,16.93000030517578,17.170000076293945,16.399999618530273,16.520000457763672,16.520000457763672,15364851,JYOTISTRUC
2025-03-27,16.5,17.139999389648438,16.329999923706055,16.889999389648438,16.889999389648438,25409531,JYOTISTRUC
2025-03-28,17.100000381469727,17.489999771118164,16.899999618530273,17.059999465942383,17.059999465942383,15592239,JYOTISTRUC
2025-04-01,17.0,17.15999984741211,16.700000762939453,16.84000015258789,16.84000015258789,11245853,JYOTISTRUC
2025-04-02,17.030000686645508,17.149999618530273,16.440000534057617,16.90999984741211,16.90999984741211,9888409,JYOTISTRUC
2025-04-03,16.75,17.290000915527344,16.700000762939453,17.100000381469727,17.100000381469727,7822097,JYOTISTRUC
2025-04-04,17.100000381469727,17.239999771118164,16.0,16.170000076293945,16.170000076293945,12011955,JYOTISTRUC
2025-04-07,14.5,15.279999732971191,13.949999809265137,15.050000190734863,15.050000190734863,14034145,JYOTISTRUC
2025-04-08,15.369999885559082,15.93000030517578,15.279999732971191,15.699999809265137,15.699999809265137,7958057,JYOTISTRUC
2025-04-09,15.8100004196167,15.970000267028809,15.25,15.68000030517578,15.68000030517578,6861021,JYOTISTRUC
2025-04-11,16.309999465942383,16.31999969482422,15.859999656677246,16.149999618530273,16.149999618530273,7467826,JYOTISTRUC
2025-04-15,16.639999389648438,17.31999969482422,16.559999465942383,16.950000762939453,16.950000762939453,9273393,JYOTISTRUC
2025-04-16,17.100000381469727,17.18000030517578,16.719999313354492,16.860000610351562,16.860000610351562,6670241,JYOTISTRUC
2025-04-17,16.790000915527344,17.760000228881836,16.709999084472656,17.649999618530273,17.649999618530273,16868277,JYOTISTRUC
2025-04-21,17.739999771118164,18.700000762939453,17.420000076293945,18.5,18.5,15835831,JYOTISTRUC
2025-04-22,18.739999771118164,19.11000061035156,18.32999992370605,18.76000022888184,18.76000022888184,12204037,JYOTISTRUC
2025-04-23,18.979999542236328,21.600000381469727,18.25,21.229999542236328,21.229999542236328,53977717,JYOTISTRUC
2025-04-24,21.450000762939453,22.18000030517578,21.200000762939453,21.690000534057617,21.690000534057617,31612085,JYOTISTRUC
2025-04-25,21.5,21.68000030517578,19.780000686645508,20.299999237060547,20.299999237060547,27256290,JYOTISTRUC
2025-04-28,20.600000381469727,20.690000534057617,19.020000457763672,19.26000022888184,19.26000022888184,12648033,JYOTISTRUC
2025-04-29,19.39999961853028,19.989999771118164,18.959999084472656,19.11000061035156,19.11000061035156,11145677,JYOTISTRUC
2025-04-30,19.01000022888184,19.39999961853028,18.1200008392334,18.209999084472656,18.209999084472656,9363746,JYOTISTRUC
2025-05-02,18.209999084472656,18.549999237060547,17.75,17.809999465942383,17.809999465942383,5521765,JYOTISTRUC
2025-05-05,17.899999618530273,18.450000762939453,17.75,17.860000610351562,17.860000610351562,6067970,JYOTISTRUC
2025-05-06,17.979999542236328,18.100000381469727,16.8700008392334,17.0,17.0,7322813,JYOTISTRUC
2025-05-07,16.559999465942383,17.940000534057617,16.420000076293945,17.75,17.75,9173606,JYOTISTRUC
2025-05-08,17.899999618530273,18.190000534057617,16.93000030517578,17.040000915527344,17.040000915527344,13664046,JYOTISTRUC
2025-05-09,16.549999237060547,17.139999389648438,16.510000228881836,16.93000030517578,16.93000030517578,7825733,JYOTISTRUC
2025-05-12,17.950000762939453,18.799999237060547,17.6200008392334,18.56999969482422,18.56999969482422,10526495,JYOTISTRUC
2025-05-13,18.559999465942383,19.81999969482422,18.299999237060547,19.57999992370605,19.57999992370605,16226530,JYOTISTRUC
2025-05-14,19.799999237060547,20.57999992370605,19.5,20.25,20.25,14363535,JYOTISTRUC
2025-05-15,20.299999237060547,20.700000762939453,19.780000686645508,20.14999961853028,20.14999961853028,12015335,JYOTISTRUC
2025-05-16,20.15999984741211,20.600000381469727,19.950000762939453,20.049999237060547,20.049999237060547,8709001,JYOTISTRUC
2025-05-19,20.100000381469727,20.450000762939453,19.600000381469727,19.690000534057617,19.690000534057617,10699602,JYOTISTRUC
2025-05-20,19.75,20.1200008392334,19.06999969482422,19.13999938964844,19.13999938964844,9516306,JYOTISTRUC
2025-05-21,19.13999938964844,19.34000015258789,18.799999237060547,19.01000022888184,19.01000022888184,7011646,JYOTISTRUC
2025-05-22,19.0,20.0,18.90999984741211,19.61000061035156,19.61000061035156,8050067,JYOTISTRUC
2025-05-23,19.65999984741211,20.89999961853028,19.40999984741211,20.530000686645508,20.530000686645508,17679171,JYOTISTRUC
2025-05-26,20.530000686645508,20.799999237060547,20.100000381469727,20.25,20.25,6652684,JYOTISTRUC
2025-05-27,20.280000686645508,21.64999961853028,20.100000381469727,21.39999961853028,21.39999961853028,17990545,JYOTISTRUC
2025-05-28,21.59000015258789,21.780000686645508,21.040000915527344,21.479999542236328,21.479999542236328,11506329,JYOTISTRUC
2025-05-29,21.309999465942383,21.450000762939453,19.89999961853028,19.989999771118164,19.989999771118164,14735202,JYOTISTRUC
2025-05-30,20.100000381469727,20.6299991607666,19.950000762939453,20.06999969482422,20.06999969482422,10853897,JYOTISTRUC
2025-06-02,20.049999237060547,20.3700008392334,19.61000061035156,19.690000534057617,19.690000534057617,9525569,JYOTISTRUC
2025-06-03,19.799999237060547,19.979999542236328,19.25,19.31999969482422,19.31999969482422,5680737,JYOTISTRUC
2025-06-04,19.31999969482422,19.64999961853028,19.309999465942383,19.489999771118164,19.489999771118164,5522515,JYOTISTRUC
2025-06-05,19.489999771118164,19.799999237060547,19.38999938964844,19.520000457763672,19.520000457763672,6185225,JYOTISTRUC
2025-06-06,19.520000457763672,19.56999969482422,19.239999771118164,19.36000061035156,19.36000061035156,4205578,JYOTISTRUC
2025-06-09,19.479999542236328,20.200000762939453,19.46999931335449,19.81999969482422,19.81999969482422,10413059,JYOTISTRUC
2025-06-10,19.81999969482422,19.89999961853028,18.75,19.239999771118164,19.239999771118164,12171035,JYOTISTRUC
2025-06-11,19.25,20.65999984741211,19.239999771118164,20.06999969482422,20.06999969482422,27865778,JYOTISTRUC
2025-06-12,20.040000915527344,20.18000030517578,19.100000381469727,19.459999084472656,19.459999084472656,12033788,JYOTISTRUC
2025-06-13,18.950000762939453,19.34000015258789,18.81999969482422,19.09000015258789,19.09000015258789,6585120,JYOTISTRUC
2025-06-16,19.09000015258789,19.780000686645508,18.51000022888184,19.559999465942383,19.559999465942383,10156121,JYOTISTRUC
2025-06-17,19.5,19.71999931335449,19.0,19.059999465942383,19.059999465942383,6670362,JYOTISTRUC
2025-06-18,18.90999984741211,19.21999931335449,18.809999465942383,18.93000030517578,18.93000030517578,5632352,JYOTISTRUC
2025-06-19,18.93000030517578,19.11000061035156,18.0,18.229999542236328,18.229999542236328,8422027,JYOTISTRUC
2025-06-20,18.020000457763672,18.64999961853028,18.020000457763672,18.34000015258789,18.34000015258789,8799609,JYOTISTRUC
2025-06-23,18.14999961853028,18.450000762939453,18.049999237060547,18.239999771118164,18.239999771118164,5204472,JYOTISTRUC
2025-06-24,18.600000381469727,19.270000457763672,18.36000061035156,18.459999084472656,18.459999084472656,9452846,JYOTISTRUC
2025-06-25,18.559999465942383,19.31999969482422,18.3700008392334,19.030000686645508,19.030000686645508,10636002,JYOTISTRUC
2025-06-26,19.0,19.14999961853028,18.549999237060547,18.6200008392334,18.6200008392334,7343335,JYOTISTRUC
2025-06-27,18.709999084472656,18.950000762939453,18.39999961853028,18.459999084472656,18.459999084472656,9284008,JYOTISTRUC
2025-06-30,18.5,18.540000915527344,18.100000381469727,18.15999984741211,18.15999984741211,7691834,JYOTISTRUC
2025-07-01,18.15999984741211,18.309999465942383,17.649999618530273,17.739999771118164,17.739999771118164,9903173,JYOTISTRUC
2025-07-02,17.739999771118164,18.18000030517578,17.520000457763672,17.6299991607666,17.6299991607666,7703082,JYOTISTRUC
2025-07-03,17.760000228881836,17.790000915527344,17.360000610351562,17.549999237060547,17.549999237060547,6530612,JYOTISTRUC
2025-07-04,17.489999771118164,18.71999931335449,17.389999389648438,18.51000022888184,18.51000022888184,11967976,JYOTISTRUC
2025-07-07,18.600000381469727,18.61000061035156,17.81999969482422,17.969999313354492,17.969999313354492,10455635,JYOTISTRUC
2025-07-08,18.0,18.100000381469727,17.520000457763672,17.770000457763672,17.770000457763672,7881435,JYOTISTRUC
2025-07-09,17.770000457763672,20.200000762939453,17.600000381469727,19.690000534057617,19.690000534057617,99272281,JYOTISTRUC
2025-07-10,19.959999084472656,20.6200008392334,19.56999969482422,20.3700008392334,20.3700008392334,40357073,JYOTISTRUC
2025-07-11,20.209999084472656,20.38999938964844,19.739999771118164,19.989999771118164,19.989999771118164,16987950,JYOTISTRUC
2025-07-14,20.190000534057617,20.190000534057617,19.51000022888184,19.89999961853028,19.89999961853028,16266445,JYOTISTRUC
2025-07-15,19.989999771118164,20.64999961853028,19.51000022888184,19.670000076293945,19.670000076293945,12291048,JYOTISTRUC
2025-07-16,19.75,19.8799991607666,19.21999931335449,19.270000457763672,19.270000457763672,7762097,JYOTISTRUC
2025-07-17,19.290000915527344,19.38999938964844,18.86000061035156,19.06999969482422,19.06999969482422,8455267,JYOTISTRUC
2025-07-18,19.1200008392334,19.190000534057617,18.57999992370605,18.780000686645508,18.780000686645508,6294854,JYOTISTRUC
2025-07-21,18.780000686645508,18.799999237060547,17.850000381469727,17.959999084472656,17.959999084472656,14673006,JYOTISTRUC
2025-07-22,18.010000228881836,18.09000015258789,17.799999237060547,17.940000534057617,17.940000534057617,6397107,JYOTISTRUC
2025-07-23,17.940000534057617,18.010000228881836,17.579999923706055,17.760000228881836,17.760000228881836,8036741,JYOTISTRUC
2025-07-24,17.760000228881836,17.90999984741211,17.149999618530273,17.229999542236328,17.229999542236328,11323814,JYOTISTRUC
2025-07-25,17.31999969482422,17.540000915527344,16.899999618530273,16.950000762939453,16.950000762939453,7451692,JYOTISTRUC
2025-07-28,17.030000686645508,17.290000915527344,16.649999618530273,17.1299991607666,17.1299991607666,6925267,JYOTISTRUC
2025-07-29,17.1299991607666,17.270000457763672,16.739999771118164,17.1200008392334,17.1200008392334,5108090,JYOTISTRUC
2025-07-30,17.3799991607666,17.3799991607666,16.90999984741211,16.940000534057617,16.940000534057617,3104964,JYOTISTRUC
2025-07-31,16.600000381469727,17.030000686645508,16.489999771118164,16.84000015258789,16.84000015258789,4392601,JYOTISTRUC
2025-08-01,16.770000457763672,17.040000915527344,16.450000762939453,16.530000686645508,16.530000686645508,3794130,JYOTISTRUC
2025-08-04,16.649999618530273,16.959999084472656,16.420000076293945,16.59000015258789,16.59000015258789,5797618,JYOTISTRUC
2025-08-05,16.65999984741211,16.770000457763672,16.299999237060547,16.329999923706055,16.329999923706055,4263059,JYOTISTRUC
2025-08-06,16.389999389648438,16.450000762939453,15.81999969482422,16.260000228881836,16.260000228881836,4392054,JYOTISTRUC
2025-08-07,16.270000457763672,16.940000534057617,15.920000076293944,16.649999618530273,16.649999618530273,4191510,JYOTISTRUC
2025-08-08,16.780000686645508,17.219999313354492,16.5,16.729999542236328,16.729999542236328,5735582,JYOTISTRUC
2025-08-11,17.530000686645508,17.989999771118164,16.459999084472656,16.6299991607666,16.6299991607666,12292925,JYOTISTRUC
2025-08-12,16.899999618530273,16.940000534057617,16.0,16.1200008392334,16.1200008392334,8620024,JYOTISTRUC
2025-08-13,16.219999313354492,16.350000381469727,16.059999465942383,16.110000610351562,16.110000610351562,5953549,JYOTISTRUC
2025-08-14,16.25,16.389999389648438,15.949999809265137,16.100000381469727,16.100000381469727,9644328,JYOTISTRUC
2025-08-18,16.68000030517578,16.700000762939453,15.90999984741211,15.979999542236328,15.979999542236328,8907225,JYOTISTRUC
2025-08-19,15.989999771118164,16.219999313354492,15.699999809265137,16.149999618530273,16.149999618530273,8585570,JYOTISTRUC
2025-08-20,16.15999984741211,16.520000457763672,15.899999618530272,15.9399995803833,15.9399995803833,7439813,JYOTISTRUC
2025-08-21,16.040000915527344,16.329999923706055,15.869999885559082,15.90999984741211,15.90999984741211,8149139,JYOTISTRUC
2025-08-22,15.920000076293944,16.040000915527344,15.8100004196167,15.84000015258789,15.84000015258789,3103710,JYOTISTRUC
2025-08-25,15.949999809265137,15.989999771118164,15.699999809265137,15.779999732971191,15.779999732971191,4670282,JYOTISTRUC
2025-08-26,15.779999732971191,15.800000190734863,15.4399995803833,15.609999656677246,15.609999656677246,3498107,JYOTISTRUC
2025-08-28,15.649999618530272,15.6899995803833,15.010000228881836,15.039999961853027,15.039999961853027,7215345,JYOTISTRUC
2025-08-29,15.06999969482422,15.289999961853027,14.949999809265137,15.050000190734863,15.050000190734863,3593735,JYOTISTRUC
2025-09-01,15.140000343322754,15.279999732971191,14.920000076293944,15.050000190734863,15.050000190734863,4391865,JYOTISTRUC
2025-09-02,15.15999984741211,16.270000457763672,15.050000190734863,15.619999885559082,15.619999885559082,11736385,JYOTISTRUC
2025-09-03,15.84000015258789,16.530000686645508,15.68000030517578,16.3700008392334,16.3700008392334,9569029,JYOTISTRUC
2025-09-04,16.770000457763672,16.770000457763672,16.049999237060547,16.18000030517578,16.18000030517578,5954088,JYOTISTRUC
2025-09-05,16.280000686645508,16.280000686645508,15.800000190734863,15.890000343322754,15.890000343322754,2548857,JYOTISTRUC
2025-09-08,15.970000267028809,16.260000228881836,15.75,15.8100004196167,15.8100004196167,4075930,JYOTISTRUC
2025-09-09,15.869999885559082,15.90999984741211,15.420000076293944,15.510000228881836,15.510000228881836,2620989,JYOTISTRUC
2025-09-10,15.59000015258789,15.90999984741211,15.15999984741211,15.460000038146973,15.460000038146973,6704110,JYOTISTRUC
2025-09-11,15.479999542236328,16.450000762939453,15.479999542236328,16.309999465942383,16.309999465942383,9181946,JYOTISTRUC
2025-09-12,16.700000762939453,16.889999389648438,16.18000030517578,16.6299991607666,16.6299991607666,11018687,JYOTISTRUC
2025-09-15,16.649999618530273,16.68000030517578,16.25,16.280000686645508,16.280000686645508,5741149,JYOTISTRUC
2025-09-16,16.280000686645508,16.649999618530273,16.040000915527344,16.1200008392334,16.1200008392334,4697209,JYOTISTRUC
2025-09-17,16.200000762939453,16.940000534057617,16.100000381469727,16.709999084472656,16.709999084472656,10419899,JYOTISTRUC
2025-09-18,16.8799991607666,17.420000076293945,16.799999237060547,17.079999923706055,17.079999923706055,12221099,JYOTISTRUC
2025-09-19,17.149999618530273,17.190000534057617,16.610000610351562,16.65999984741211,16.65999984741211,6310547,JYOTISTRUC
2025-09-22,16.65999984741211,16.8799991607666,16.40999984741211,16.459999084472656,16.459999084472656,3304337,JYOTISTRUC
2025-09-23,16.5,16.520000457763672,16.139999389648438,16.170000076293945,16.170000076293945,2952752,JYOTISTRUC
2025-09-24,16.200000762939453,16.209999084472656,15.960000038146973,16.020000457763672,16.020000457763672,3664399,JYOTISTRUC
2025-09-25,16.040000915527344,16.06999969482422,15.510000228881836,15.600000381469728,15.600000381469728,3153930,JYOTISTRUC
2025-09-26,15.56999969482422,15.640000343322754,15.09000015258789,15.149999618530272,15.149999618530272,6509653,JYOTISTRUC
2025-09-29,15.25,15.270000457763672,14.770000457763672,14.81999969482422,14.81999969482422,4484624,JYOTISTRUC
2025-09-30,14.890000343322754,15.09000015258789,14.770000457763672,14.960000038146973,14.960000038146973,2946462,JYOTISTRUC
2025-10-01,15.0,15.199999809265137,14.949999809265137,15.079999923706056,15.079999923706056,3003075,JYOTISTRUC
2025-10-03,15.170000076293944,15.420000076293944,15.079999923706056,15.329999923706056,15.329999923706056,3787207,JYOTISTRUC
2025-10-06,15.4399995803833,15.489999771118164,14.949999809265137,15.020000457763672,15.020000457763672,3506350,JYOTISTRUC
2025-10-07,15.06999969482422,15.140000343322754,14.8100004196167,14.899999618530272,14.899999618530272,3736807,JYOTISTRUC
2025-10-08,14.899999618530272,15.029999732971191,14.699999809265137,14.789999961853027,14.789999961853027,3191811,JYOTISTRUC
2025-10-09,14.800000190734863,14.880000114440918,14.279999732971191,14.329999923706056,14.329999923706056,6082951,JYOTISTRUC
2025-10-10,14.699999809265137,15.020000457763672,14.460000038146973,14.600000381469728,14.600000381469728,7712289,JYOTISTRUC
2025-10-13,14.40999984741211,14.609999656677246,14.130000114440918,14.350000381469728,14.350000381469728,5145188,JYOTISTRUC
2025-10-14,14.550000190734863,14.59000015258789,13.399999618530272,13.510000228881836,13.510000228881836,10907357,JYOTISTRUC
2025-10-15,13.630000114440918,14.75,13.359999656677246,14.609999656677246,14.609999656677246,17230822,JYOTISTRUC
2025-10-16,14.989999771118164,15.029999732971191,14.460000038146973,14.619999885559082,14.619999885559082,9965314,JYOTISTRUC
2025-10-17,14.5,14.600000381469728,13.770000457763672,13.84000015258789,13.84000015258789,8315080,JYOTISTRUC
2025-10-20,13.850000381469728,13.970000267028809,13.600000381469728,13.670000076293944,13.670000076293944,3802748,JYOTISTRUC
2025-10-21,13.649999618530273,14.0,13.649999618530273,13.850000381469727,13.850000381469727,1539198,JYOTISTRUC
