date,open,high,low,close,adj_close,volume,symbol
2017-11-14,730.0,739.6500244140625,680.0,688.8499755859375,684.8981323242188,2894448,KHADIM
2017-11-15,675.0,704.0,662.0,696.7999877929688,692.8025512695312,836598,KHADIM
2017-11-16,700.0,705.75,680.0,693.2000122070312,689.2232055664062,215907,KHADIM
2017-11-17,693.0499877929688,698.0,663.5999755859375,671.0,667.1505737304688,132397,KHADIM
2017-11-20,667.9000244140625,686.0,663.0499877929688,683.4000244140625,679.4794921875,150465,KHADIM
2017-11-21,685.0,699.9500122070312,681.6500244140625,690.0499877929688,686.0912475585938,123293,KHADIM
2017-11-22,700.0,711.0,695.0999755859375,697.9500122070312,693.9459838867188,300459,KHADIM
2017-11-23,701.0,703.5,690.0,691.1500244140625,687.1849975585938,40037,KHADIM
2017-11-24,687.1500244140625,698.0999755859375,687.1500244140625,695.7999877929688,691.8082885742188,50803,KHADIM
2017-11-27,690.1500244140625,699.0,689.0,691.4500122070312,687.4832763671875,32564,KHADIM
2017-11-28,687.0,696.9500122070312,687.0,690.4500122070312,686.489013671875,30166,KHADIM
2017-11-29,688.0499877929688,692.9500122070312,679.0499877929688,681.5999755859375,677.689697265625,19975,KHADIM
2017-11-30,680.0,703.0,676.5999755859375,690.75,686.7872924804688,42182,KHADIM
2017-12-01,690.75,694.9500122070312,682.2999877929688,688.7000122070312,684.7490234375,32253,KHADIM
2017-12-04,680.0999755859375,692.2000122070312,675.0,690.2999877929688,686.33984375,43587,KHADIM
2017-12-05,682.2000122070312,693.0,682.0499877929688,689.7000122070312,685.7432861328125,24329,KHADIM
2017-12-06,685.0,693.7000122070312,684.2999877929688,688.25,684.3015747070312,21424,KHADIM
2017-12-07,683.0999755859375,689.9000244140625,683.0999755859375,688.0,684.0530395507812,15366,KHADIM
2017-12-08,682.1500244140625,693.0,682.1500244140625,690.75,686.7872924804688,24858,KHADIM
2017-12-11,685.2999877929688,693.0,681.0,683.7999877929688,679.8771362304688,109782,KHADIM
2017-12-12,688.0,688.0,666.0,668.7999877929688,664.963134765625,27798,KHADIM
2017-12-13,668.7999877929688,681.0,666.5,672.0,668.1448364257812,37198,KHADIM
2017-12-14,668.5,676.9500122070312,663.0,664.7999877929688,660.9861450195312,19097,KHADIM
2017-12-15,670.0,684.0,662.2000122070312,674.8499755859375,670.9784545898438,164092,KHADIM
2017-12-18,660.0499877929688,677.0,650.0,672.1500244140625,668.2940063476562,50224,KHADIM
2017-12-19,675.0,675.0,665.5,667.8499755859375,664.0186157226562,18773,KHADIM
2017-12-20,665.0,675.5,665.0,672.4500122070312,668.5922241210938,89241,KHADIM
2017-12-21,672.2000122070312,673.1500244140625,666.0,667.25,663.4220581054688,15494,KHADIM
2017-12-22,667.0,670.0,664.0,666.0999755859375,662.2786254882812,14963,KHADIM
2017-12-26,664.0,668.5999755859375,660.0,660.9000244140625,657.1085205078125,12412,KHADIM
2017-12-27,665.6500244140625,665.6500244140625,655.0,655.9500122070312,652.1868896484375,17573,KHADIM
2017-12-28,660.0,660.0,650.5999755859375,654.3499755859375,650.5960693359375,18886,KHADIM
2017-12-29,659.0,684.0,652.4500122070312,679.9000244140625,675.99951171875,72651,KHADIM
2018-01-01,672.2000122070312,680.0,672.2000122070312,675.9500122070312,672.0722045898438,21904,KHADIM
2018-01-02,671.0,679.4000244140625,663.0,665.2000122070312,661.3838500976562,59700,KHADIM
2018-01-03,663.0,669.9500122070312,663.0,664.8499755859375,661.0358276367188,11446,KHADIM
2018-01-04,664.0,671.0,661.0,670.0499877929688,666.2059936523438,17722,KHADIM
2018-01-05,666.75,679.9000244140625,662.0,672.0499877929688,668.1945190429688,34957,KHADIM
2018-01-08,669.0,687.0,666.0999755859375,679.7000122070312,675.8007202148438,38227,KHADIM
2018-01-09,679.7000122070312,704.0,675.2000122070312,690.5999755859375,686.6381225585938,120933,KHADIM
2018-01-10,685.3499755859375,702.0,680.0,690.4000244140625,686.4392700195312,30573,KHADIM
2018-01-11,683.25,698.7999877929688,680.0,688.7000122070312,684.7490234375,29182,KHADIM
2018-01-12,690.0,696.0,688.0,692.0999755859375,688.1295166015625,24419,KHADIM
2018-01-15,693.0,702.0,687.7000122070312,699.4500122070312,695.4373779296875,58768,KHADIM
2018-01-16,700.0,730.4000244140625,697.0,722.9500122070312,718.8025512695312,190417,KHADIM
2018-01-17,725.0,740.0,705.0999755859375,735.3499755859375,731.1314086914062,98389,KHADIM
2018-01-18,730.0,735.9000244140625,716.3499755859375,718.9500122070312,714.8255004882812,39248,KHADIM
2018-01-19,708.25,718.0,700.0,705.1500244140625,701.1046752929688,14055,KHADIM
2018-01-22,700.0,712.7000122070312,695.0,702.0999755859375,698.0720825195312,13496,KHADIM
2018-01-23,704.0499877929688,722.5999755859375,704.0499877929688,720.0,715.8694458007812,35808,KHADIM
2018-01-24,705.0,724.8499755859375,705.0,720.0499877929688,715.919189453125,21489,KHADIM
2018-01-25,710.2000122070312,717.8499755859375,692.0,695.5999755859375,691.609375,13096,KHADIM
2018-01-29,691.0,700.8499755859375,691.0,699.5,695.487060546875,17587,KHADIM
2018-01-30,692.0,705.6500244140625,692.0,699.75,695.7356567382812,9017,KHADIM
2018-01-31,700.0,700.0,689.0,693.0,689.0243530273438,9148,KHADIM
2018-02-01,693.5,703.4500122070312,678.0,698.5,694.4927978515625,12151,KHADIM
2018-02-02,703.7999877929688,723.7999877929688,698.9500122070312,706.4000244140625,702.3475341796875,107471,KHADIM
2018-02-05,704.0,704.0,675.5499877929688,681.5499877929688,677.6400756835938,10586,KHADIM
2018-02-06,668.0,674.2999877929688,659.9500122070312,666.5,662.6763916015625,16658,KHADIM
2018-02-07,679.9500122070312,706.0,679.9500122070312,703.5,699.464111328125,36481,KHADIM
2018-02-08,709.4000244140625,709.4000244140625,687.5,694.7000122070312,690.714599609375,33520,KHADIM
2018-02-09,691.25,701.9500122070312,685.25,699.75,695.7356567382812,93888,KHADIM
2018-02-12,701.0499877929688,715.0,695.0,701.4500122070312,697.4259033203125,7321,KHADIM
2018-02-14,700.0,711.0,700.0,703.75,699.7127075195312,10535,KHADIM
2018-02-15,704.2999877929688,708.0,700.0,705.6500244140625,701.6018676757812,9336,KHADIM
2018-02-16,701.9500122070312,708.0,698.4500122070312,705.9500122070312,701.9000854492188,13724,KHADIM
2018-02-19,702.6500244140625,712.0,684.7000122070312,702.0499877929688,698.0223999023438,8482,KHADIM
2018-02-20,694.0499877929688,704.2999877929688,691.5,701.5499877929688,697.5252685546875,6115,KHADIM
2018-02-21,698.2999877929688,706.25,692.0999755859375,703.7999877929688,699.7623901367188,16175,KHADIM
2018-02-22,696.8499755859375,702.5499877929688,695.0499877929688,699.4500122070312,695.4373779296875,7694,KHADIM
2018-02-23,697.25,701.5999755859375,695.6500244140625,699.2000122070312,695.1888427734375,4869,KHADIM
2018-02-26,695.0499877929688,698.9000244140625,676.3499755859375,684.9500122070312,681.0205688476562,16469,KHADIM
2018-02-27,680.0,694.0,680.0,690.9500122070312,686.986083984375,7419,KHADIM
2018-02-28,684.5,708.0,681.2000122070312,702.0999755859375,698.0720825195312,17670,KHADIM
2018-03-01,705.0,705.0,692.9500122070312,694.0999755859375,690.1180419921875,3741,KHADIM
2018-03-05,691.75,695.1500244140625,685.7999877929688,688.1500244140625,684.2022094726562,2792,KHADIM
2018-03-06,687.2999877929688,694.75,686.0,688.1500244140625,684.2022094726562,4001,KHADIM
2018-03-07,690.0,690.0,670.0,671.3499755859375,667.49853515625,4356,KHADIM
2018-03-08,675.0,679.9000244140625,661.0,667.0,663.1735229492188,5318,KHADIM
2018-03-09,666.0,680.0,662.5,674.0999755859375,670.2327880859375,5745,KHADIM
2018-03-12,670.0499877929688,675.2000122070312,665.0,667.4000244140625,663.5712890625,5753,KHADIM
2018-03-13,665.0999755859375,690.0,664.0,684.2000122070312,680.27490234375,7097,KHADIM
2018-03-14,680.0499877929688,690.9000244140625,672.2999877929688,683.25,679.330322265625,7879,KHADIM
2018-03-15,677.7000122070312,682.0,670.0,679.4000244140625,675.50244140625,7501,KHADIM
2018-03-16,673.0,680.9000244140625,673.0,677.0999755859375,673.2155151367188,2640,KHADIM
2018-03-19,671.0999755859375,678.2999877929688,671.0999755859375,676.9000244140625,673.0167846679688,5133,KHADIM
2018-03-20,675.7000122070312,677.5499877929688,667.8499755859375,676.5499877929688,672.668701171875,2944,KHADIM
2018-03-21,670.0499877929688,689.0,670.0499877929688,682.2000122070312,678.2863159179688,7424,KHADIM
2018-03-22,680.0,690.0,678.2999877929688,686.5499877929688,682.611328125,5842,KHADIM
2018-03-23,679.9500122070312,689.5,679.9500122070312,686.5999755859375,682.6610717773438,9048,KHADIM
2018-03-26,681.0,721.0,681.0,711.5999755859375,707.5176391601562,29794,KHADIM
2018-03-27,705.2000122070312,728.0,705.2000122070312,725.4500122070312,721.2882080078125,87733,KHADIM
2018-03-28,712.0,739.0,712.0,730.7000122070312,726.5081176757812,76827,KHADIM
2018-04-02,709.0,735.0,709.0,733.6500244140625,729.441162109375,25084,KHADIM
2018-04-03,720.0499877929688,754.5,720.0,739.0499877929688,734.8101806640625,41616,KHADIM
2018-04-04,738.5,741.0499877929688,717.2000122070312,726.75,722.5807495117188,13100,KHADIM
2018-04-05,726.4500122070312,738.0,721.0,728.0,723.8235473632812,11021,KHADIM
2018-04-06,723.75,733.0,720.0499877929688,729.75,725.5635375976562,5837,KHADIM
2018-04-09,724.2999877929688,737.0,721.0,730.6500244140625,726.4584350585938,8494,KHADIM
2018-04-10,730.0,735.0,722.25,727.0499877929688,722.8789672851562,8310,KHADIM
2018-04-11,721.5,726.7999877929688,712.0,724.7999877929688,720.6419067382812,6850,KHADIM
2018-04-12,725.0,727.0,714.7000122070312,723.2999877929688,719.1505737304688,6315,KHADIM
2018-04-13,724.5,724.5,715.0,719.9000244140625,715.77001953125,3710,KHADIM
2018-04-16,715.1500244140625,738.9000244140625,715.1500244140625,727.9500122070312,723.7738647460938,6769,KHADIM
2018-04-17,727.0,749.0,724.2000122070312,745.4000244140625,741.123779296875,36998,KHADIM
2018-04-18,737.0499877929688,756.5,735.4500122070312,752.0999755859375,747.7852783203125,82612,KHADIM
2018-04-19,748.9500122070312,765.0,745.0,754.8499755859375,750.51953125,63067,KHADIM
2018-04-20,750.2000122070312,774.0,750.0,769.2000122070312,764.7872314453125,85693,KHADIM
2018-04-23,761.0499877929688,786.0,760.5499877929688,775.8499755859375,771.3990478515625,76951,KHADIM
2018-04-24,776.25,782.0499877929688,765.2000122070312,775.3499755859375,770.90185546875,46070,KHADIM
2018-04-25,779.0,782.0,765.0,779.9500122070312,775.4755249023438,54484,KHADIM
2018-04-26,780.0999755859375,780.1500244140625,765.0,770.2999877929688,765.8809204101562,29361,KHADIM
2018-04-27,771.0,786.0,765.0,776.5,772.0452880859375,39605,KHADIM
2018-04-30,775.0,781.5499877929688,767.0,769.1500244140625,764.7374877929688,26911,KHADIM
2018-05-02,770.0,775.0,760.0499877929688,762.0,757.6285400390625,11983,KHADIM
2018-05-03,758.1500244140625,794.4000244140625,758.1500244140625,782.5499877929688,778.0606079101562,31802,KHADIM
2018-05-04,790.0,818.0,786.9500122070312,809.6500244140625,805.005126953125,129023,KHADIM
2018-05-07,810.0,835.9500122070312,803.9500122070312,815.1500244140625,810.4736328125,39063,KHADIM
2018-05-08,815.0,825.4500122070312,801.0,821.0499877929688,816.3397216796875,23851,KHADIM
2018-05-09,812.0,835.0,810.2000122070312,830.0,825.2384643554688,41704,KHADIM
2018-05-10,815.0499877929688,852.0,810.0999755859375,815.25,810.572998046875,78098,KHADIM
2018-05-11,821.3499755859375,821.3499755859375,799.2999877929688,815.7999877929688,811.119873046875,24987,KHADIM
2018-05-14,802.0,842.0,795.7999877929688,826.5999755859375,821.8578491210938,43860,KHADIM
2018-05-15,812.0499877929688,821.4500122070312,812.0499877929688,815.2999877929688,810.6226806640625,11058,KHADIM
2018-05-16,803.0,821.0,801.0,807.7999877929688,803.1657104492188,26846,KHADIM
2018-05-17,811.25,814.0,802.8499755859375,811.0499877929688,806.3970947265625,51438,KHADIM
2018-05-18,811.0999755859375,822.0,806.7000122070312,820.2000122070312,815.49462890625,21955,KHADIM
2018-05-21,827.0,829.9000244140625,811.0,818.2999877929688,813.6055297851562,29400,KHADIM
2018-05-22,811.0499877929688,830.0,808.2999877929688,822.6500244140625,817.9305419921875,20493,KHADIM
2018-05-23,819.25,835.0,815.0,828.9500122070312,824.1944580078125,17271,KHADIM
2018-05-24,829.9500122070312,834.0,817.25,821.7999877929688,817.0853881835938,32108,KHADIM
2018-05-25,814.2000122070312,827.2999877929688,814.2000122070312,820.9000244140625,816.1906127929688,8815,KHADIM
2018-05-28,821.7000122070312,842.0,818.0499877929688,839.4000244140625,834.58447265625,40067,KHADIM
2018-05-29,843.0,844.0,825.0999755859375,842.5,837.6666870117188,48165,KHADIM
2018-05-30,838.9000244140625,847.0,832.5999755859375,840.25,835.4296264648438,14306,KHADIM
2018-05-31,838.0,847.0,837.0,840.0999755859375,835.2804565429688,6484,KHADIM
2018-06-01,839.5999755859375,841.2000122070312,805.0999755859375,811.2000122070312,806.5462646484375,57287,KHADIM
2018-06-04,805.1500244140625,815.0,755.2999877929688,777.75,773.2881469726562,25918,KHADIM
2018-06-05,765.75,796.0499877929688,730.6500244140625,783.1500244140625,778.6572265625,85645,KHADIM
2018-06-06,783.5,789.9500122070312,775.0,778.3499755859375,773.8847045898438,7168,KHADIM
2018-06-07,783.0,794.4500122070312,758.0499877929688,763.25,758.871337890625,7791,KHADIM
2018-06-08,764.2000122070312,805.0,764.2000122070312,796.0499877929688,791.483154296875,14022,KHADIM
2018-06-11,809.9000244140625,809.9000244140625,785.0,795.7000122070312,791.13525390625,7493,KHADIM
2018-06-12,795.8499755859375,801.0,788.0,799.6500244140625,795.0625,4494,KHADIM
2018-06-13,785.0,795.2000122070312,771.5,779.0,774.531005859375,5438,KHADIM
2018-06-14,779.5499877929688,789.9000244140625,777.0499877929688,785.0499877929688,780.5462646484375,4426,KHADIM
2018-06-15,786.0,793.2000122070312,778.0,791.0499877929688,786.5119018554688,4880,KHADIM
2018-06-18,790.9500122070312,819.0,783.0,811.2000122070312,806.5462646484375,36805,KHADIM
2018-06-19,811.0,862.7000122070312,784.0,796.2999877929688,791.7317504882812,121595,KHADIM
2018-06-20,792.0499877929688,822.7999877929688,775.1500244140625,797.9000244140625,793.3225708007812,53455,KHADIM
2018-06-21,795.5999755859375,799.9500122070312,784.0499877929688,788.0999755859375,783.5787963867188,10604,KHADIM
2018-06-22,790.0,790.3499755859375,775.5,780.4000244140625,775.9229736328125,8645,KHADIM
2018-06-25,778.7000122070312,789.8499755859375,778.7000122070312,783.8499755859375,779.3531494140625,8472,KHADIM
2018-06-26,789.9000244140625,800.0,762.0,791.9500122070312,787.40673828125,11307,KHADIM
2018-06-27,792.0,795.0,770.7000122070312,777.4500122070312,772.9898681640625,10389,KHADIM
2018-06-28,774.0499877929688,796.0,760.0999755859375,789.4500122070312,784.9210205078125,10295,KHADIM
2018-06-29,794.9000244140625,824.0,779.0499877929688,817.2000122070312,812.5118408203125,16875,KHADIM
2018-07-02,805.0,809.0,787.0999755859375,801.8499755859375,797.2498779296875,7186,KHADIM
2018-07-03,794.0,801.7999877929688,791.0,795.2999877929688,790.7374877929688,3859,KHADIM
2018-07-04,797.0,798.5499877929688,787.0,789.6500244140625,785.1199340820312,3296,KHADIM
2018-07-05,788.5,800.0,778.0,792.0999755859375,787.5557861328125,4868,KHADIM
2018-07-06,790.0,805.0,780.3499755859375,786.25,781.7394409179688,3750,KHADIM
2018-07-09,777.3499755859375,794.9000244140625,777.3499755859375,783.4500122070312,778.9555053710938,3006,KHADIM
2018-07-10,789.9500122070312,796.4000244140625,780.0,780.4500122070312,775.97265625,4020,KHADIM
2018-07-11,777.0,786.0,771.4500122070312,780.5999755859375,776.121826171875,6068,KHADIM
2018-07-12,781.0499877929688,794.0,781.0,785.1500244140625,780.645751953125,5313,KHADIM
2018-07-13,785.1500244140625,788.0,785.0,785.3499755859375,780.8445434570312,2942,KHADIM
2018-07-16,780.0,787.0,780.0,785.3499755859375,780.8445434570312,3736,KHADIM
2018-07-17,772.0,787.0999755859375,772.0,783.25,778.756591796875,10259,KHADIM
2018-07-18,778.7000122070312,787.0,755.0,768.9500122070312,764.5386352539062,14560,KHADIM
2018-07-19,772.75,776.0499877929688,756.0999755859375,770.0,765.5825805664062,6415,KHADIM
2018-07-20,765.0499877929688,769.0,746.3499755859375,758.7000122070312,754.347412109375,4472,KHADIM
2018-07-23,774.0,816.2000122070312,774.0,810.1500244140625,805.5023193359375,99946,KHADIM
2018-07-24,815.0,815.0,787.5,806.7000122070312,802.0720825195312,8496,KHADIM
2018-07-25,802.7999877929688,803.0,782.0999755859375,789.4500122070312,784.9210205078125,4367,KHADIM
2018-07-26,785.5999755859375,802.0,779.0999755859375,796.6500244140625,792.0797119140625,5475,KHADIM
2018-07-27,800.0,801.0,785.25,799.1500244140625,794.5654296875,4830,KHADIM
2018-07-30,787.3499755859375,803.8499755859375,787.3499755859375,789.5,784.9707641601562,3520,KHADIM
2018-07-31,795.0,819.0,785.0999755859375,811.0999755859375,806.4468383789062,10862,KHADIM
2018-08-01,795.0499877929688,819.0,792.0,805.4500122070312,800.8292846679688,9585,KHADIM
2018-08-02,797.0,819.0,794.0,802.4500122070312,797.846435546875,4886,KHADIM
2018-08-03,799.0499877929688,804.9500122070312,791.0,795.6500244140625,791.0855102539062,3576,KHADIM
2018-08-06,792.0499877929688,795.0,775.0,783.75,779.2537231445312,9761,KHADIM
2018-08-07,776.0499877929688,782.2999877929688,765.0999755859375,767.4000244140625,762.99755859375,5887,KHADIM
2018-08-08,764.5999755859375,784.0,755.0,764.7000122070312,760.3130493164062,7514,KHADIM
2018-08-09,764.5999755859375,777.0,748.7000122070312,769.9000244140625,765.4832153320312,8017,KHADIM
2018-08-10,779.9000244140625,791.2999877929688,770.0499877929688,786.5999755859375,782.0873413085938,10678,KHADIM
2018-08-13,791.9500122070312,792.0,771.2999877929688,774.0,769.5596923828125,7251,KHADIM
2018-08-14,780.0,780.0,761.0,764.6500244140625,760.2633666992188,19284,KHADIM
2018-08-16,760.0,770.5,734.8499755859375,760.0499877929688,755.689697265625,15796,KHADIM
2018-08-17,752.0999755859375,774.0,752.0999755859375,768.0499877929688,763.643798828125,5161,KHADIM
2018-08-20,770.0499877929688,789.9500122070312,770.0,775.0999755859375,770.6533813476562,10710,KHADIM
2018-08-21,773.0499877929688,779.5499877929688,765.0,768.75,764.33984375,6122,KHADIM
2018-08-23,769.0499877929688,792.0,768.7999877929688,776.0,771.5482177734375,6777,KHADIM
2018-08-24,768.7999877929688,782.9000244140625,768.7999877929688,780.0,775.5252075195312,4649,KHADIM
2018-08-27,785.0,785.0,770.0499877929688,770.2999877929688,765.8809204101562,4386,KHADIM
2018-08-28,768.9500122070312,782.0,768.0499877929688,773.8499755859375,769.4105224609375,2946,KHADIM
2018-08-29,770.0499877929688,784.9000244140625,761.0499877929688,766.75,763.337646484375,59318,KHADIM
2018-08-30,766.9500122070312,782.9500122070312,760.0,762.9000244140625,759.5048217773438,2729,KHADIM
2018-08-31,760.0,775.0,757.0,767.2000122070312,763.7857055664062,4111,KHADIM
2018-09-03,778.0,778.0,755.0999755859375,759.2999877929688,755.9208374023438,3480,KHADIM
2018-09-04,759.0,764.0499877929688,745.2999877929688,749.0999755859375,745.7661743164062,2735,KHADIM
2018-09-05,745.9500122070312,763.9500122070312,716.1500244140625,757.8499755859375,754.4772338867188,6450,KHADIM
2018-09-06,749.9500122070312,772.0,746.0499877929688,765.4500122070312,762.04345703125,4302,KHADIM
2018-09-07,751.0499877929688,774.9500122070312,751.0499877929688,759.9000244140625,756.5181884765625,3028,KHADIM
2018-09-10,759.0,772.0,721.3499755859375,764.9500122070312,761.5457153320312,14792,KHADIM
2018-09-11,758.7999877929688,762.0,745.0,749.4500122070312,746.1146850585938,2071,KHADIM
2018-09-12,748.4000244140625,751.7999877929688,742.0,743.9500122070312,740.63916015625,1133,KHADIM
2018-09-14,744.5,753.0,731.1500244140625,740.25,736.9556274414062,3591,KHADIM
2018-09-17,749.2000122070312,749.2000122070312,736.0999755859375,741.25,737.951171875,1568,KHADIM
2018-09-18,740.0499877929688,751.9500122070312,726.0,743.7000122070312,740.3902587890625,4541,KHADIM
2018-09-19,741.1500244140625,753.9500122070312,730.0,736.0,732.7245483398438,4224,KHADIM
2018-09-21,739.9500122070312,746.0,735.0,735.0499877929688,731.7787475585938,4897,KHADIM
2018-09-24,730.3499755859375,740.0,722.25,730.25,727.0001220703125,4260,KHADIM
2018-09-25,731.0,738.3499755859375,711.5999755859375,734.2999877929688,731.0320434570312,35166,KHADIM
2018-09-26,723.2999877929688,725.0,691.0499877929688,703.8499755859375,700.7175903320312,5857,KHADIM
2018-09-27,695.0999755859375,720.8499755859375,670.0,674.1500244140625,671.1497802734375,6277,KHADIM
2018-09-28,697.0,700.0,638.9500122070312,687.5499877929688,684.4901123046875,31645,KHADIM
2018-10-01,673.7999877929688,694.5999755859375,651.1500244140625,657.0499877929688,654.1258544921875,4356,KHADIM
2018-10-03,652.5999755859375,665.0499877929688,634.0,640.75,637.8984375,3017,KHADIM
2018-10-04,640.4000244140625,642.0,630.9500122070312,635.9000244140625,633.0700073242188,6115,KHADIM
2018-10-05,631.6500244140625,640.2999877929688,625.0,627.25,624.45849609375,1319,KHADIM
2018-10-08,627.25,628.0,606.0,611.0999755859375,608.38037109375,4220,KHADIM
2018-10-09,635.0,635.0,605.0,610.0999755859375,607.3848266601562,6690,KHADIM
2018-10-10,619.6500244140625,644.0,606.0,636.9000244140625,634.0655517578125,5983,KHADIM
2018-10-11,633.75,646.0499877929688,612.9000244140625,639.5999755859375,636.7535400390625,2497,KHADIM
2018-10-12,630.0,661.2999877929688,630.0,644.25,641.3828125,2749,KHADIM
2018-10-15,630.0,670.0,630.0,648.9500122070312,646.0619506835938,2991,KHADIM
2018-10-16,665.7000122070312,665.75,638.0,646.9000244140625,644.0210571289062,4744,KHADIM
2018-10-17,650.0,650.0,623.0999755859375,632.75,629.9340209960938,17156,KHADIM
2018-10-19,621.2000122070312,659.7999877929688,569.9500122070312,634.0,631.178466796875,9627,KHADIM
2018-10-22,656.0,656.0,615.0,616.2999877929688,613.5571899414062,38476,KHADIM
2018-10-23,618.7000122070312,618.7000122070312,605.0,607.5499877929688,604.8461303710938,995,KHADIM
2018-10-24,607.5499877929688,621.9500122070312,601.0499877929688,608.2000122070312,605.4932861328125,1048,KHADIM
2018-10-25,605.2999877929688,619.9500122070312,605.0,609.2000122070312,606.4888305664062,51627,KHADIM
2018-10-26,606.2999877929688,606.2999877929688,588.0,594.0,591.3564453125,56480,KHADIM
2018-10-29,597.0,598.25,585.0,588.8499755859375,586.2293701171875,2557,KHADIM
2018-10-30,586.5999755859375,595.9500122070312,584.0499877929688,590.1500244140625,587.5236206054688,8980,KHADIM
2018-10-31,590.0999755859375,595.5,587.2999877929688,588.7999877929688,586.1796264648438,10688,KHADIM
2018-11-01,588.8499755859375,597.4000244140625,585.5,593.0499877929688,590.4107055664062,5222,KHADIM
2018-11-02,594.0,594.0,587.0,590.1500244140625,587.5236206054688,50969,KHADIM
2018-11-05,594.0,605.0,586.0499877929688,590.4000244140625,587.7725219726562,8463,KHADIM
2018-11-06,592.0499877929688,602.0,580.4500122070312,585.25,582.6453857421875,192915,KHADIM
2018-11-07,602.0999755859375,603.0,586.6500244140625,596.3499755859375,593.6959838867188,1239,KHADIM
2018-11-09,596.3499755859375,596.9500122070312,587.25,589.9500122070312,587.3245239257812,109742,KHADIM
2018-11-12,599.0,599.0,585.5,590.0,587.374267578125,20324,KHADIM
2018-11-13,600.5499877929688,601.0,585.5999755859375,588.2999877929688,585.6818237304688,30941,KHADIM
2018-11-14,588.2999877929688,589.9500122070312,581.7999877929688,585.0999755859375,582.4960327148438,62332,KHADIM
2018-11-15,586.5,590.3499755859375,584.9500122070312,586.2999877929688,583.6907348632812,2656,KHADIM
2018-11-16,594.9500122070312,594.9500122070312,584.9000244140625,586.3499755859375,583.740478515625,9183,KHADIM
2018-11-19,593.8499755859375,599.0,587.25,592.2000122070312,589.5645141601562,3198,KHADIM
2018-11-20,580.5,602.3499755859375,580.5,589.5,586.8765258789062,1542,KHADIM
2018-11-21,597.9500122070312,597.9500122070312,588.0,594.25,591.6053466796875,1265,KHADIM
2018-11-22,591.4000244140625,596.6500244140625,590.4500122070312,592.2999877929688,589.6640014648438,1058,KHADIM
2018-11-26,595.0999755859375,603.9000244140625,586.0,597.5,594.8408813476562,1337,KHADIM
2018-11-27,596.0,603.0,591.25,600.7999877929688,598.126220703125,1177,KHADIM
2018-11-28,601.0,602.25,589.8499755859375,590.0999755859375,587.4738159179688,3376,KHADIM
2018-11-29,594.9500122070312,595.0,585.0,589.5499877929688,586.92626953125,5188,KHADIM
2018-11-30,596.1500244140625,597.0999755859375,589.5499877929688,590.25,587.6231689453125,1408,KHADIM
2018-12-03,593.1500244140625,593.9000244140625,580.0499877929688,581.5,578.912109375,1939,KHADIM
2018-12-04,585.5499877929688,590.0,580.0499877929688,581.4500122070312,578.8623657226562,1673,KHADIM
2018-12-05,580.0,590.25,575.0,577.5999755859375,575.0294189453125,748,KHADIM
2018-12-06,577.0,577.0499877929688,572.0,572.9000244140625,570.3504028320312,622,KHADIM
2018-12-07,574.0,580.0,569.0499877929688,576.25,573.6854858398438,1657,KHADIM
2018-12-10,573.4500122070312,577.0,560.0,561.9000244140625,559.3993530273438,6416,KHADIM
2018-12-11,559.1500244140625,574.4000244140625,545.0,566.8499755859375,564.3272705078125,756,KHADIM
2018-12-12,566.4000244140625,585.5,565.2000122070312,566.7000122070312,564.177978515625,1475,KHADIM
2018-12-13,568.0499877929688,569.0,558.0,558.9000244140625,556.4127197265625,3702,KHADIM
2018-12-14,558.0,572.7000122070312,545.5999755859375,548.2000122070312,545.7603149414062,4519,KHADIM
2018-12-17,548.2999877929688,557.9000244140625,548.2999877929688,553.7999877929688,551.3353881835938,1783,KHADIM
2018-12-18,570.0,570.9500122070312,548.0,551.4000244140625,548.9461059570312,8755,KHADIM
2018-12-19,556.4000244140625,558.2999877929688,538.4000244140625,544.9000244140625,542.4750366210938,10487,KHADIM
2018-12-20,559.0,559.0,535.5999755859375,538.7000122070312,536.3026123046875,6550,KHADIM
2018-12-21,549.9000244140625,549.9000244140625,527.0,530.0,527.6412963867188,97964,KHADIM
2018-12-24,539.3499755859375,540.0,526.6500244140625,531.25,528.8857421875,3604,KHADIM
2018-12-26,532.0,536.8499755859375,520.1500244140625,526.4500122070312,524.1071166992188,71388,KHADIM
2018-12-27,520.0,541.0,520.0,531.7999877929688,529.4332885742188,3720,KHADIM
2018-12-28,530.0,538.0,522.0499877929688,531.2999877929688,528.9354858398438,2423,KHADIM
2018-12-31,530.0,558.9000244140625,519.5999755859375,548.0,545.5612182617188,9992,KHADIM
2019-01-01,548.4000244140625,548.4000244140625,534.7999877929688,546.75,544.3167724609375,3910,KHADIM
2019-01-02,544.0499877929688,554.0,542.9000244140625,544.7000122070312,542.27587890625,3836,KHADIM
2019-01-03,542.4500122070312,545.6500244140625,535.0,536.7999877929688,534.4110107421875,934,KHADIM
2019-01-04,534.2000122070312,539.6500244140625,521.5499877929688,532.9500122070312,530.5781860351562,855,KHADIM
2019-01-07,532.9500122070312,541.0,524.4000244140625,528.4500122070312,526.0982055664062,1964,KHADIM
2019-01-08,525.8499755859375,531.0999755859375,522.0,525.2000122070312,522.8626708984375,1162,KHADIM
2019-01-09,522.1500244140625,528.9500122070312,519.0,519.7000122070312,517.3871459960938,2439,KHADIM
2019-01-10,517.1500244140625,520.5,514.0,519.2999877929688,516.9888916015625,6783,KHADIM
2019-01-11,519.9000244140625,520.0,510.7999877929688,511.9500122070313,509.671630859375,2308,KHADIM
2019-01-14,520.0,520.0,499.0,499.6000061035156,497.3765869140625,5092,KHADIM
2019-01-15,499.1000061035156,502.3999938964844,497.0499877929688,498.1000061035156,495.8832702636719,9203,KHADIM
2019-01-16,500.0,500.0,499.0,499.5499877929688,497.3268127441406,3005,KHADIM
2019-01-17,500.0,500.0,491.4500122070313,492.1499938964844,489.9597473144531,2353,KHADIM
2019-01-18,492.1499938964844,493.0,480.0,481.7000122070313,479.5562744140625,3647,KHADIM
2019-01-21,480.0,500.0,479.1000061035156,494.7000122070313,492.4984130859375,4009,KHADIM
2019-01-22,493.8500061035156,496.0,486.25,490.0,487.8193054199219,3162,KHADIM
2019-01-23,486.4500122070313,493.8999938964844,485.1499938964844,486.2000122070313,484.0362243652344,1672,KHADIM
2019-01-24,480.3999938964844,492.0,480.3999938964844,488.8500061035156,486.6744384765625,1198,KHADIM
2019-01-25,488.0,489.0,481.0,482.8500061035156,480.7011413574219,2389,KHADIM
2019-01-28,481.0,481.1499938964844,468.0,478.6499938964844,476.5198059082031,3614,KHADIM
2019-01-29,478.6499938964844,484.7999877929688,451.7999877929688,454.2000122070313,452.17864990234375,3386,KHADIM
2019-01-30,469.0,469.0,446.0,450.0499877929688,448.0470886230469,3263,KHADIM
2019-01-31,450.0499877929688,454.75,442.8500061035156,446.75,444.76177978515625,2577,KHADIM
2019-02-01,444.5499877929688,452.7999877929688,443.4500122070313,450.3999938964844,448.3955383300781,1187,KHADIM
2019-02-04,440.0,453.8999938964844,436.0,438.0499877929688,436.1004943847656,1134,KHADIM
2019-02-05,441.0,441.0,430.5499877929688,435.6000061035156,433.6614074707031,2019,KHADIM
2019-02-06,435.0,438.8999938964844,426.0,435.0499877929688,433.1138610839844,6155,KHADIM
2019-02-07,433.0,454.0,432.9500122070313,450.8500061035156,448.8435668945313,2660,KHADIM
2019-02-08,417.1499938964844,421.0,371.4500122070313,384.3500061035156,382.6394958496094,98092,KHADIM
2019-02-11,389.8500061035156,389.8999938964844,375.0,377.7000122070313,376.0191040039063,7594,KHADIM
2019-02-12,377.0,390.0,371.1000061035156,384.5,382.788818359375,9116,KHADIM
2019-02-14,370.0,378.8999938964844,367.0499877929688,374.0499877929688,372.3853149414063,10788,KHADIM
2019-02-15,378.0,378.0,360.0,361.6499938964844,360.04052734375,5364,KHADIM
2019-02-18,361.6499938964844,377.6499938964844,361.6499938964844,370.0499877929688,368.4031372070313,6915,KHADIM
2019-02-19,370.0499877929688,375.0,369.1000061035156,372.5,370.84222412109375,3586,KHADIM
2019-02-20,372.6000061035156,376.0,365.25,367.7999877929688,366.16314697265625,3151,KHADIM
2019-02-21,372.8999938964844,372.8999938964844,360.0,360.75,359.14453125,5531,KHADIM
2019-02-22,368.8999938964844,369.0,360.25,363.2000122070313,361.5836486816406,4657,KHADIM
2019-02-25,361.3999938964844,374.1000061035156,361.3999938964844,364.6000061035156,362.9773864746094,3637,KHADIM
2019-02-26,362.7999877929688,368.8999938964844,355.0,363.3999938964844,361.78271484375,3574,KHADIM
2019-02-27,370.0,370.0,361.6000061035156,363.3500061035156,361.7329711914063,2641,KHADIM
2019-02-28,370.0,375.9500122070313,355.04998779296875,362.7000122070313,361.0858459472656,5744,KHADIM
2019-03-01,367.8500061035156,370.1000061035156,355.04998779296875,367.6499938964844,366.0138244628906,7395,KHADIM
2019-03-05,366.0,394.9500122070313,366.0,387.6000061035156,385.8750305175781,8744,KHADIM
2019-03-06,395.0,424.0,380.1000061035156,410.7999877929688,408.9717712402344,38802,KHADIM
2019-03-07,418.0,453.7000122070313,414.6499938964844,437.8999938964844,435.951171875,97271,KHADIM
2019-03-08,444.0,469.8999938964844,442.0499877929688,462.2999877929688,460.2425842285156,40658,KHADIM
2019-03-11,483.0,483.0,470.0,479.0499877929688,476.91802978515625,21770,KHADIM
2019-03-12,478.0,480.0,450.5,470.5499877929688,468.4558715820313,20811,KHADIM
2019-03-13,479.7999877929688,479.7999877929688,459.1000061035156,462.8999938964844,460.83990478515625,5948,KHADIM
2019-03-14,464.8999938964844,464.8999938964844,454.0,455.8999938964844,453.8710632324219,3352,KHADIM
2019-03-15,447.0,460.1499938964844,447.0,450.0499877929688,448.0470886230469,2470,KHADIM
2019-03-18,448.0,459.9500122070313,440.0,441.6000061035156,439.63470458984375,3362,KHADIM
2019-03-19,440.0,449.0499877929688,440.0,442.0499877929688,440.0827026367188,4086,KHADIM
2019-03-20,450.0,450.0,439.75,440.3500061035156,438.3902893066406,1529,KHADIM
2019-03-22,435.6499938964844,454.0,422.4500122070313,446.5,444.5129089355469,3928,KHADIM
2019-03-25,457.0,457.0,439.7000122070313,441.7999877929688,439.8338012695313,3153,KHADIM
2019-03-26,442.0,447.5,433.2999877929688,436.7000122070313,434.7565307617188,2767,KHADIM
2019-03-27,436.7000122070313,444.0,435.6499938964844,438.7000122070313,436.7476196289063,224110,KHADIM
2019-03-28,448.7000122070313,524.0,448.7000122070313,491.3500061035156,489.1632995605469,394390,KHADIM
2019-04-01,485.0,493.9500122070313,470.0,472.7000122070313,470.5963134765625,34139,KHADIM
2019-04-02,472.7000122070313,479.3999938964844,464.0,467.1499938964844,465.0709838867188,8515,KHADIM
2019-04-03,466.9500122070313,471.5,455.0,456.1499938964844,454.1199645996094,14051,KHADIM
2019-04-04,459.5,459.5,448.5499877929688,451.2000122070313,449.1919860839844,5049,KHADIM
2019-04-05,449.1000061035156,452.0,440.0499877929688,442.0499877929688,440.0827026367188,15708,KHADIM
2019-04-08,448.8999938964844,448.8999938964844,430.0,439.1000061035156,437.1458435058594,10386,KHADIM
2019-04-09,437.0,443.6000061035156,437.0,437.7999877929688,435.85162353515625,2929,KHADIM
2019-04-10,438.8999938964844,438.8999938964844,430.0,431.6499938964844,429.7289733886719,4175,KHADIM
2019-04-11,437.0,437.0,431.3999938964844,432.0499877929688,430.127197265625,3673,KHADIM
2019-04-12,432.0499877929688,464.7000122070313,430.7999877929688,441.75,439.7840576171875,36053,KHADIM
2019-04-15,441.8500061035156,452.3999938964844,436.3999938964844,448.5,446.5039978027344,11868,KHADIM
2019-04-16,448.5,455.5499877929688,444.0499877929688,446.6000061035156,444.6124572753906,12588,KHADIM
2019-04-18,441.0,446.6000061035156,435.7999877929688,438.0,436.05072021484375,8203,KHADIM
2019-04-22,440.0,440.0,426.2999877929688,427.6000061035156,425.697021484375,5370,KHADIM
2019-04-23,425.8500061035156,432.5499877929688,419.0,420.9500122070313,419.0766296386719,7314,KHADIM
2019-04-24,420.0,425.25,416.1000061035156,418.1000061035156,416.2392883300781,5841,KHADIM
2019-04-25,419.8999938964844,419.8999938964844,410.1499938964844,414.1499938964844,412.3068542480469,6229,KHADIM
2019-04-26,415.0,424.0,408.6499938964844,417.3500061035156,415.4926452636719,5863,KHADIM
2019-04-30,417.0,424.25,397.0,399.5,397.7220764160156,8255,KHADIM
2019-05-02,408.6499938964844,408.6499938964844,392.2000122070313,401.1000061035156,399.3149719238281,4032,KHADIM
2019-05-03,399.1000061035156,408.8999938964844,396.1000061035156,398.2999877929688,396.52740478515625,4989,KHADIM
2019-05-06,396.2999877929688,401.7999877929688,392.5,394.25,392.4954223632813,2727,KHADIM
2019-05-07,394.1499938964844,399.0,389.0,393.6000061035156,391.8483276367188,2776,KHADIM
2019-05-08,393.5499877929688,395.9500122070313,383.0,386.25,384.5310363769531,2114,KHADIM
2019-05-09,388.25,388.8999938964844,380.0,381.1499938964844,379.4537353515625,2782,KHADIM
2019-05-10,381.1499938964844,391.3500061035156,380.0,381.3999938964844,379.7026062011719,2175,KHADIM
2019-05-13,380.2000122070313,388.7999877929688,375.2000122070313,375.8500061035156,374.1773376464844,2190,KHADIM
2019-05-14,374.0,375.9500122070313,362.6000061035156,368.5499877929688,366.9097900390625,4122,KHADIM
2019-05-15,369.2999877929688,380.0,369.0499877929688,377.2999877929688,375.620849609375,93023,KHADIM
2019-05-16,375.3999938964844,384.9500122070313,374.0,375.9500122070313,374.2768859863281,2431,KHADIM
2019-05-17,375.0,378.0,368.0,369.4500122070313,367.8058166503906,2733,KHADIM
2019-05-20,370.5,372.0,331.29998779296875,354.54998779296875,352.9721069335937,34518,KHADIM
2019-05-21,344.04998779296875,379.9500122070313,340.70001220703125,352.5,350.9312438964844,28975,KHADIM
2019-05-22,352.0,362.3999938964844,350.0,352.79998779296875,351.2298889160156,4422,KHADIM
2019-05-23,351.5,364.7000122070313,340.0,345.75,344.2112731933594,10803,KHADIM
2019-05-24,354.0,355.04998779296875,343.20001220703125,351.0,349.4379272460937,6543,KHADIM
2019-05-27,355.8999938964844,365.6000061035156,351.0,356.8500061035156,355.26190185546875,12239,KHADIM
2019-05-28,368.0,368.0,351.5,352.20001220703125,350.6325988769531,7729,KHADIM
2019-05-29,357.6000061035156,359.45001220703125,345.20001220703125,347.29998779296875,345.7543640136719,8378,KHADIM
2019-05-30,350.25,353.8500061035156,344.25,346.0,344.4601745605469,5981,KHADIM
2019-05-31,346.04998779296875,349.29998779296875,340.0,341.54998779296875,340.02996826171875,4582,KHADIM
2019-06-03,340.0,349.6499938964844,337.6000061035156,341.25,339.7312927246094,4560,KHADIM
2019-06-04,337.25,346.6000061035156,337.25,339.6499938964844,338.138427734375,2395,KHADIM
2019-06-06,338.8999938964844,345.25,335.0,341.54998779296875,340.02996826171875,3100,KHADIM
2019-06-07,341.6000061035156,343.70001220703125,330.20001220703125,331.3999938964844,329.9251403808594,5368,KHADIM
2019-06-10,331.0,344.79998779296875,321.1000061035156,323.8999938964844,322.4585266113281,4690,KHADIM
2019-06-11,320.0,328.1000061035156,314.6000061035156,317.70001220703125,316.2861328125,59662,KHADIM
2019-06-12,319.3500061035156,324.20001220703125,314.5,316.20001220703125,314.7928161621094,5761,KHADIM
2019-06-13,316.0,316.0,303.5,310.8500061035156,309.46661376953125,6521,KHADIM
2019-06-14,305.1000061035156,313.0,305.04998779296875,309.1000061035156,307.7243957519531,2047,KHADIM
2019-06-17,318.0,318.0,301.1000061035156,305.0,303.64263916015625,2179,KHADIM
2019-06-18,305.0,312.3500061035156,291.8500061035156,295.3500061035156,294.0355834960937,9715,KHADIM
2019-06-19,295.04998779296875,295.04998779296875,274.0,288.1000061035156,286.8178405761719,13854,KHADIM
2019-06-20,294.0,301.0,288.0,294.8999938964844,293.58758544921875,3928,KHADIM
2019-06-21,294.04998779296875,310.0,290.0,302.45001220703125,301.10400390625,1993,KHADIM
2019-06-24,302.0,316.8500061035156,301.0,306.8999938964844,305.5341796875,4850,KHADIM
2019-06-25,306.95001220703125,306.95001220703125,295.8500061035156,300.04998779296875,298.71466064453125,2359,KHADIM
2019-06-26,302.20001220703125,307.3999938964844,300.1000061035156,303.3999938964844,302.0497436523437,3010,KHADIM
2019-06-27,301.95001220703125,305.8999938964844,301.8999938964844,303.3500061035156,301.9999694824219,1470,KHADIM
2019-06-28,303.54998779296875,308.70001220703125,301.29998779296875,304.8999938964844,303.5430603027344,11550,KHADIM
2019-07-01,312.0,312.8500061035156,297.1000061035156,303.3500061035156,301.9999694824219,3151,KHADIM
2019-07-02,303.8999938964844,305.1499938964844,298.29998779296875,299.70001220703125,298.3662414550781,2108,KHADIM
2019-07-03,301.0,311.0,298.8999938964844,307.04998779296875,305.6835021972656,2128,KHADIM
2019-07-04,305.8999938964844,312.0,303.0,304.54998779296875,303.1946105957031,1421,KHADIM
2019-07-05,296.5,309.0,296.04998779296875,297.79998779296875,296.47467041015625,2082,KHADIM
2019-07-08,297.0,299.25,290.1000061035156,293.5,292.1938171386719,1656,KHADIM
2019-07-09,290.04998779296875,290.54998779296875,275.0,281.6000061035156,280.3467712402344,3721,KHADIM
2019-07-10,281.75,285.04998779296875,278.0,278.79998779296875,277.5592346191406,1356,KHADIM
2019-07-11,282.04998779296875,284.95001220703125,276.04998779296875,277.54998779296875,276.3147888183594,1967,KHADIM
2019-07-12,277.54998779296875,280.1499938964844,270.0,271.3500061035156,270.14239501953125,3755,KHADIM
2019-07-15,272.8999938964844,279.0,268.45001220703125,271.54998779296875,270.34149169921875,2951,KHADIM
2019-07-16,276.95001220703125,277.0,269.20001220703125,272.45001220703125,271.2375183105469,1902,KHADIM
2019-07-17,272.54998779296875,275.45001220703125,270.1000061035156,271.04998779296875,269.8437194824219,1289,KHADIM
2019-07-18,267.0,272.54998779296875,261.04998779296875,263.6000061035156,262.4268798828125,2074,KHADIM
2019-07-19,262.3500061035156,265.45001220703125,241.0500030517578,247.1000061035156,246.0003204345703,6132,KHADIM
2019-07-22,242.1499938964844,246.3999938964844,221.0,230.1499938964844,229.125732421875,7666,KHADIM
2019-07-23,231.0,232.0,225.6999969482422,231.0,229.9719696044922,3064,KHADIM
2019-07-24,231.6000061035156,247.0,227.8000030517578,237.1000061035156,236.04481506347656,5111,KHADIM
2019-07-25,234.8000030517578,235.6499938964844,225.0500030517578,228.8000030517578,227.78175354003903,1037,KHADIM
2019-07-26,226.0500030517578,235.0,197.1499938964844,220.4499969482422,219.4689178466797,426295,KHADIM
2019-07-29,221.5,229.0,221.3999938964844,226.4499969482422,225.4422149658203,21855,KHADIM
2019-07-30,223.9499969482422,229.5,220.0,224.6999969482422,223.6999969482422,5177,KHADIM
2019-07-31,224.6999969482422,230.0,208.3000030517578,226.3500061035156,226.3500061035156,10993,KHADIM
2019-08-01,224.0,224.0,210.0,211.6999969482422,211.6999969482422,7809,KHADIM
2019-08-02,211.0,215.0,192.5,193.25,193.25,25628,KHADIM
2019-08-05,198.0,198.0,178.0,181.6499938964844,181.6499938964844,12561,KHADIM
2019-08-06,185.0,195.0,178.0,193.1000061035156,193.1000061035156,10390,KHADIM
2019-08-07,195.1000061035156,199.0500030517578,190.0,194.1999969482422,194.1999969482422,13114,KHADIM
2019-08-08,193.0,201.0,189.9499969482422,198.6000061035156,198.6000061035156,6758,KHADIM
2019-08-09,195.0,196.0,192.0,194.8000030517578,194.8000030517578,5533,KHADIM
2019-08-13,194.0,194.0,186.0500030517578,188.5500030517578,188.5500030517578,3915,KHADIM
2019-08-14,194.0,195.0,188.1000061035156,191.3999938964844,191.3999938964844,2737,KHADIM
2019-08-16,191.3999938964844,195.3999938964844,187.5500030517578,191.8999938964844,191.8999938964844,4183,KHADIM
2019-08-19,198.6999969482422,198.6999969482422,190.0,192.25,192.25,3327,KHADIM
2019-08-20,194.0,197.0,189.0,191.8999938964844,191.8999938964844,3555,KHADIM
2019-08-21,191.0,194.8999938964844,180.0500030517578,185.6000061035156,185.6000061035156,8711,KHADIM
2019-08-22,184.0,185.6000061035156,176.0,180.1499938964844,180.1499938964844,20810,KHADIM
2019-08-23,178.0,179.9499969482422,172.0500030517578,173.39999389648438,173.39999389648438,8937,KHADIM
2019-08-26,187.0,187.0,167.0,169.35000610351562,169.35000610351562,28410,KHADIM
2019-08-27,169.0,203.1999969482422,166.0,190.3999938964844,190.3999938964844,50290,KHADIM
2019-08-28,194.0,194.0,184.75,188.5500030517578,188.5500030517578,22002,KHADIM
2019-08-29,188.0,188.9499969482422,181.8999938964844,185.9499969482422,185.9499969482422,38461,KHADIM
2019-08-30,182.1999969482422,185.6999969482422,182.1999969482422,184.9499969482422,184.9499969482422,28909,KHADIM
2019-09-03,192.0,192.0,181.1999969482422,185.0,185.0,31593,KHADIM
2019-09-04,182.6499938964844,185.3500061035156,182.6000061035156,184.9499969482422,184.9499969482422,27242,KHADIM
2019-09-05,183.1000061035156,185.25,173.89999389648438,185.0,185.0,37642,KHADIM
2019-09-06,190.0,190.0,181.0,183.3500061035156,183.3500061035156,18618,KHADIM
2019-09-09,184.0500030517578,185.1999969482422,182.0,183.3500061035156,183.3500061035156,20741,KHADIM
2019-09-11,190.0,206.0500030517578,183.0,199.4499969482422,199.4499969482422,110872,KHADIM
2019-09-12,202.0,239.3000030517578,201.9499969482422,234.5,234.5,294917,KHADIM
2019-09-13,247.3999938964844,281.3999938964844,247.3999938964844,269.45001220703125,269.45001220703125,876439,KHADIM
2019-09-16,269.0,281.0,252.3000030517578,267.45001220703125,267.45001220703125,147395,KHADIM
2019-09-17,267.0,271.0,243.3000030517578,247.9499969482422,247.9499969482422,54850,KHADIM
2019-09-18,247.9499969482422,266.0,247.0,253.25,253.25,33579,KHADIM
2019-09-19,258.45001220703125,258.45001220703125,234.0,238.25,238.25,35435,KHADIM
2019-09-20,239.0,254.0,222.1499938964844,247.1000061035156,247.1000061035156,68141,KHADIM
2019-09-23,254.0,254.0,240.0,247.1000061035156,247.1000061035156,26616,KHADIM
2019-09-24,253.0,253.0,240.0,243.8500061035156,243.8500061035156,18744,KHADIM
2019-09-25,244.9499969482422,244.9499969482422,228.0,229.9499969482422,229.9499969482422,17861,KHADIM
2019-09-26,236.0,236.0,226.3000030517578,230.9499969482422,230.9499969482422,14984,KHADIM
2019-09-27,230.9499969482422,234.0,222.0,224.5500030517578,224.5500030517578,16582,KHADIM
2019-09-30,227.0,235.0,205.0,208.6499938964844,208.6499938964844,17504,KHADIM
2019-10-01,209.8000030517578,229.5,208.6499938964844,222.9499969482422,222.9499969482422,30431,KHADIM
2019-10-03,230.8500061035156,230.8500061035156,212.6999969482422,221.5500030517578,221.5500030517578,9549,KHADIM
2019-10-04,228.8500061035156,235.0,215.0,225.25,225.25,15797,KHADIM
2019-10-07,230.0500030517578,233.4499969482422,220.0,220.6999969482422,220.6999969482422,9685,KHADIM
2019-10-09,221.1999969482422,235.0,221.1999969482422,228.8500061035156,228.8500061035156,22301,KHADIM
2019-10-10,234.0,234.0,220.1499938964844,223.25,223.25,14755,KHADIM
2019-10-11,221.5500030517578,228.4499969482422,216.5,221.1000061035156,221.1000061035156,8628,KHADIM
2019-10-14,217.0,230.0,216.0,227.5,227.5,13365,KHADIM
2019-10-15,223.0,229.5,221.0,228.8999938964844,228.8999938964844,8352,KHADIM
2019-10-16,226.0,255.0,223.1000061035156,249.6999969482422,249.6999969482422,76289,KHADIM
2019-10-17,259.0,265.0,246.3999938964844,249.6999969482422,249.6999969482422,65971,KHADIM
2019-10-18,247.0,250.6499938964844,240.0,242.8000030517578,242.8000030517578,29580,KHADIM
2019-10-22,237.1000061035156,247.0,235.1999969482422,237.3000030517578,237.3000030517578,20713,KHADIM
2019-10-23,256.0,274.0,245.25,251.3500061035156,251.3500061035156,349046,KHADIM
2019-10-24,251.0,254.6499938964844,238.1999969482422,240.4499969482422,240.4499969482422,33738,KHADIM
2019-10-25,240.4499969482422,252.8000030517578,240.0,249.0,249.0,33500,KHADIM
2019-10-27,249.8500061035156,255.0,246.3000030517578,253.3999938964844,253.3999938964844,15783,KHADIM
2019-10-29,255.8500061035156,255.8500061035156,245.75,251.8500061035156,251.8500061035156,19491,KHADIM
2019-10-30,249.1000061035156,259.8999938964844,248.0,254.1000061035156,254.1000061035156,50533,KHADIM
2019-10-31,252.4499969482422,254.8500061035156,248.5,252.1999969482422,252.1999969482422,28917,KHADIM
2019-11-01,255.0,255.0,248.0,249.5500030517578,249.5500030517578,40097,KHADIM
2019-11-04,268.0,272.0,250.5,252.6999969482422,252.6999969482422,127041,KHADIM
2019-11-05,259.8999938964844,259.8999938964844,243.3000030517578,249.8000030517578,249.8000030517578,28253,KHADIM
2019-11-06,247.8999938964844,249.25,243.1000061035156,243.75,243.75,12635,KHADIM
2019-11-07,243.0,246.1499938964844,234.3000030517578,238.1499938964844,238.1499938964844,28018,KHADIM
2019-11-08,237.6999969482422,255.1000061035156,234.5500030517578,240.1000061035156,240.1000061035156,71041,KHADIM
2019-11-11,231.8000030517578,231.8000030517578,221.75,223.9499969482422,223.9499969482422,72454,KHADIM
2019-11-13,222.5,226.6999969482422,215.0,217.3999938964844,217.3999938964844,35142,KHADIM
2019-11-14,215.0,215.0,209.6999969482422,210.5,210.5,18148,KHADIM
2019-11-15,211.0,216.1999969482422,208.9499969482422,209.9499969482422,209.9499969482422,15367,KHADIM
2019-11-18,210.0,214.9499969482422,202.0500030517578,204.3999938964844,204.3999938964844,15436,KHADIM
2019-11-19,205.0,205.8000030517578,194.25,196.6000061035156,196.6000061035156,21108,KHADIM
2019-11-20,196.3999938964844,196.5,183.6999969482422,184.75,184.75,64781,KHADIM
2019-11-21,185.1000061035156,195.0,184.5500030517578,189.3999938964844,189.3999938964844,78957,KHADIM
2019-11-22,189.3999938964844,196.0,185.0,186.25,186.25,33551,KHADIM
2019-11-25,189.6000061035156,194.25,185.0500030517578,189.6000061035156,189.6000061035156,65969,KHADIM
2019-11-26,189.3500061035156,192.1499938964844,185.0,185.25,185.25,37949,KHADIM
2019-11-27,186.25,199.8500061035156,186.0,189.0,189.0,145094,KHADIM
2019-11-28,189.8999938964844,191.0,186.5,187.1499938964844,187.1499938964844,39587,KHADIM
2019-11-29,188.8000030517578,190.9499969482422,185.5,186.6999969482422,186.6999969482422,65561,KHADIM
2019-12-02,186.6499938964844,188.6999969482422,181.5,182.6499938964844,182.6499938964844,40119,KHADIM
2019-12-03,182.0,185.8999938964844,180.3000030517578,181.0,181.0,22786,KHADIM
2019-12-04,181.0,183.4499969482422,180.10000610351562,182.6499938964844,182.6499938964844,25220,KHADIM
2019-12-05,184.3500061035156,184.3500061035156,177.5500030517578,179.89999389648438,179.89999389648438,15352,KHADIM
2019-12-06,179.9499969482422,190.9499969482422,179.89999389648438,182.8000030517578,182.8000030517578,66937,KHADIM
2019-12-09,181.0,182.1999969482422,174.64999389648438,175.64999389648438,175.64999389648438,25289,KHADIM
2019-12-10,177.60000610351562,179.5500030517578,168.0,169.14999389648438,169.14999389648438,17886,KHADIM
2019-12-11,171.89999389648438,174.0,168.39999389648438,168.89999389648438,168.89999389648438,19331,KHADIM
2019-12-12,171.25,171.25,165.14999389648438,166.10000610351562,166.10000610351562,20603,KHADIM
2019-12-13,169.0,176.39999389648438,166.3000030517578,170.14999389648438,170.14999389648438,159558,KHADIM
2019-12-16,174.85000610351562,182.0,170.25,171.0,171.0,277460,KHADIM
2019-12-17,172.0,173.6999969482422,167.0,167.4499969482422,167.4499969482422,42862,KHADIM
2019-12-18,169.0,170.0,165.5500030517578,166.8000030517578,166.8000030517578,46062,KHADIM
2019-12-19,165.3000030517578,168.5500030517578,163.0,165.5,165.5,38987,KHADIM
2019-12-20,167.5,178.3000030517578,164.0,174.5500030517578,174.5500030517578,329974,KHADIM
2019-12-23,176.0,178.0,165.8000030517578,168.5500030517578,168.5500030517578,72403,KHADIM
2019-12-24,167.0,175.0,167.0,173.75,173.75,98227,KHADIM
2019-12-26,174.6999969482422,177.9499969482422,170.0,173.85000610351562,173.85000610351562,59138,KHADIM
2019-12-27,172.10000610351562,177.6999969482422,171.8000030517578,175.8000030517578,175.8000030517578,37241,KHADIM
2019-12-30,173.14999389648438,179.89999389648438,173.14999389648438,175.60000610351562,175.60000610351562,28725,KHADIM
2019-12-31,177.0500030517578,184.0,175.35000610351562,178.9499969482422,178.9499969482422,106108,KHADIM
2020-01-01,182.8000030517578,182.8000030517578,177.10000610351562,178.14999389648438,178.14999389648438,20938,KHADIM
2020-01-02,180.8999938964844,184.0,176.5500030517578,178.10000610351562,178.10000610351562,129764,KHADIM
2020-01-03,178.5,182.8999938964844,175.5,176.39999389648438,176.39999389648438,62937,KHADIM
2020-01-06,177.0,177.0,168.0,168.85000610351562,168.85000610351562,26521,KHADIM
2020-01-07,171.5,175.10000610351562,170.0500030517578,171.35000610351562,171.35000610351562,34564,KHADIM
2020-01-08,166.0,182.3999938964844,166.0,179.6999969482422,179.6999969482422,113717,KHADIM
2020-01-09,182.3000030517578,188.0,175.1999969482422,179.25,179.25,538148,KHADIM
2020-01-10,180.10000610351562,183.0,172.5,175.0,175.0,163927,KHADIM
2020-01-13,176.89999389648438,180.9499969482422,175.89999389648438,177.60000610351562,177.60000610351562,67787,KHADIM
2020-01-14,178.4499969482422,184.0,174.4499969482422,182.1000061035156,182.1000061035156,370516,KHADIM
2020-01-15,186.1000061035156,188.6999969482422,180.3000030517578,181.5500030517578,181.5500030517578,383500,KHADIM
2020-01-16,181.1499938964844,186.0,181.0,181.5500030517578,181.5500030517578,116307,KHADIM
2020-01-17,184.8000030517578,189.1499938964844,181.1499938964844,182.1499938964844,182.1499938964844,193756,KHADIM
2020-01-20,183.3000030517578,184.6000061035156,178.0,178.75,178.75,108895,KHADIM
2020-01-21,177.0,181.8500061035156,176.89999389648438,178.14999389648438,178.14999389648438,53435,KHADIM
2020-01-22,180.0,180.9499969482422,175.5500030517578,176.60000610351562,176.60000610351562,57022,KHADIM
2020-01-23,178.0,178.6999969482422,175.5,176.60000610351562,176.60000610351562,37928,KHADIM
2020-01-24,177.4499969482422,179.89999389648438,176.0,178.89999389648438,178.89999389648438,56859,KHADIM
2020-01-27,177.89999389648438,181.0,174.3000030517578,175.1999969482422,175.1999969482422,66362,KHADIM
2020-01-28,175.6999969482422,177.5500030517578,172.0,172.35000610351562,172.35000610351562,60313,KHADIM
2020-01-29,173.60000610351562,174.6999969482422,170.6999969482422,171.60000610351562,171.60000610351562,42323,KHADIM
2020-01-30,171.8000030517578,174.85000610351562,169.89999389648438,171.8000030517578,171.8000030517578,42711,KHADIM
2020-01-31,172.1999969482422,174.14999389648438,166.0,167.64999389648438,167.64999389648438,37494,KHADIM
2020-02-03,155.10000610351562,157.10000610351562,148.39999389648438,153.8000030517578,153.8000030517578,46292,KHADIM
2020-02-04,156.3000030517578,159.25,155.14999389648438,157.10000610351562,157.10000610351562,22568,KHADIM
2020-02-05,157.14999389648438,164.3000030517578,146.9499969482422,155.35000610351562,155.35000610351562,73128,KHADIM
2020-02-06,153.10000610351562,169.89999389648438,149.5500030517578,165.85000610351562,165.85000610351562,153900,KHADIM
2020-02-07,149.0,158.6999969482422,146.5500030517578,153.64999389648438,153.64999389648438,363056,KHADIM
2020-02-10,155.0,156.89999389648438,146.3000030517578,147.1999969482422,147.1999969482422,61826,KHADIM
2020-02-11,148.6999969482422,151.5,140.14999389648438,141.14999389648438,141.14999389648438,91944,KHADIM
2020-02-12,141.0,142.6999969482422,120.5,122.6500015258789,122.6500015258789,396494,KHADIM
2020-02-13,125.0,130.0,124.0,126.3499984741211,126.3499984741211,163963,KHADIM
2020-02-14,127.9000015258789,128.0500030517578,118.0,120.25,120.25,73701,KHADIM
2020-02-17,120.8000030517578,121.6999969482422,117.0,117.75,117.75,53902,KHADIM
2020-02-18,117.0,118.3499984741211,112.3499984741211,113.9000015258789,113.9000015258789,86196,KHADIM
2020-02-19,114.5999984741211,125.9000015258789,114.1999969482422,122.5999984741211,122.5999984741211,131703,KHADIM
2020-02-20,124.0,131.6999969482422,124.0,125.5500030517578,125.5500030517578,118694,KHADIM
2020-02-24,121.6999969482422,126.1500015258789,120.25,122.9000015258789,122.9000015258789,32051,KHADIM
2020-02-25,123.9000015258789,123.9000015258789,116.5,118.5,118.5,26452,KHADIM
2020-02-26,117.4000015258789,119.75,112.0500030517578,114.5500030517578,114.5500030517578,35638,KHADIM
2020-02-27,112.3499984741211,113.75,109.0999984741211,111.75,111.75,24939,KHADIM
2020-02-28,109.5,109.5,102.0,105.1500015258789,105.1500015258789,24717,KHADIM
2020-03-02,107.0,110.8000030517578,103.0,104.6999969482422,104.6999969482422,26815,KHADIM
2020-03-03,103.0,110.0999984741211,102.5999984741211,107.1999969482422,107.1999969482422,68960,KHADIM
2020-03-04,106.5,114.0,104.0999984741211,106.3000030517578,106.3000030517578,42827,KHADIM
2020-03-05,104.1999969482422,110.0,104.1999969482422,106.1500015258789,106.1500015258789,18314,KHADIM
2020-03-06,103.5999984741211,103.5999984741211,99.0,100.1999969482422,100.1999969482422,30599,KHADIM
2020-03-09,99.8499984741211,99.8499984741211,93.0500030517578,94.75,94.75,31558,KHADIM
2020-03-11,96.0,104.5999984741211,92.0999984741211,100.3000030517578,100.3000030517578,82522,KHADIM
2020-03-12,92.4499969482422,94.3499984741211,84.55000305175781,91.75,91.75,90303,KHADIM
2020-03-13,85.0,94.0,75.0,91.9499969482422,91.9499969482422,34501,KHADIM
2020-03-16,97.0,97.0,86.0,90.1500015258789,90.1500015258789,27301,KHADIM
2020-03-17,87.5999984741211,92.0999984741211,86.1500015258789,86.8499984741211,86.8499984741211,22304,KHADIM
2020-03-18,85.30000305175781,88.0,78.05000305175781,78.55000305175781,78.55000305175781,31682,KHADIM
2020-03-19,75.0,78.0,71.8499984741211,72.5999984741211,72.5999984741211,23316,KHADIM
2020-03-20,74.0,79.05000305175781,73.4000015258789,74.8499984741211,74.8499984741211,31244,KHADIM
2020-03-23,71.9000015258789,73.4000015258789,65.19999694824219,69.0,69.0,14442,KHADIM
2020-03-24,66.05000305175781,70.5,66.0,67.69999694824219,67.69999694824219,11028,KHADIM
2020-03-25,66.0,74.9000015258789,65.5,72.0999984741211,72.0999984741211,16183,KHADIM
2020-03-26,74.4000015258789,82.0,67.05000305175781,78.3499984741211,78.3499984741211,41679,KHADIM
2020-03-27,83.30000305175781,83.69999694824219,76.80000305175781,79.05000305175781,79.05000305175781,16861,KHADIM
2020-03-30,82.80000305175781,82.80000305175781,72.3499984741211,74.3499984741211,74.3499984741211,19448,KHADIM
2020-03-31,77.9000015258789,83.5,74.4000015258789,76.80000305175781,76.80000305175781,29193,KHADIM
2020-04-01,83.30000305175781,91.4000015258789,79.0,80.8499984741211,80.8499984741211,327055,KHADIM
2020-04-03,79.75,80.80000305175781,73.0,78.1500015258789,78.1500015258789,58006,KHADIM
2020-04-07,81.5999984741211,85.9000015258789,76.0,81.55000305175781,81.55000305175781,73625,KHADIM
2020-04-08,81.30000305175781,84.69999694824219,78.55000305175781,81.55000305175781,81.55000305175781,32125,KHADIM
2020-04-09,82.0,97.8499984741211,80.25,97.5500030517578,97.5500030517578,613923,KHADIM
2020-04-13,99.0500030517578,99.6999969482422,88.0,93.4499969482422,93.4499969482422,149114,KHADIM
2020-04-15,94.0,111.9499969482422,92.0,105.0500030517578,105.0500030517578,960281,KHADIM
2020-04-16,100.0,110.5,99.0999984741211,105.8000030517578,105.8000030517578,199087,KHADIM
2020-04-17,110.0,110.0,103.0999984741211,103.75,103.75,136005,KHADIM
2020-04-20,106.9000015258789,106.9000015258789,90.25,99.4000015258789,99.4000015258789,111214,KHADIM
2020-04-21,95.8000030517578,99.3000030517578,92.25,96.0999984741211,96.0999984741211,52975,KHADIM
2020-04-22,97.9499969482422,98.9499969482422,92.3000030517578,93.5,93.5,67042,KHADIM
2020-04-23,92.5,106.0,92.5,96.9499969482422,96.9499969482422,347287,KHADIM
2020-04-24,96.3000030517578,99.8000030517578,92.5999984741211,94.5500030517578,94.5500030517578,69089,KHADIM
2020-04-27,93.0500030517578,96.9499969482422,92.75,94.3000030517578,94.3000030517578,40375,KHADIM
2020-04-28,96.9499969482422,100.6999969482422,94.0,95.0500030517578,95.0500030517578,145685,KHADIM
2020-04-29,95.5,96.9499969482422,94.0,94.5,94.5,89884,KHADIM
2020-04-30,94.1999969482422,96.0999984741211,92.75,93.3000030517578,93.3000030517578,102514,KHADIM
2020-05-04,92.5999984741211,92.5999984741211,90.25,91.3499984741211,91.3499984741211,37077,KHADIM
2020-05-05,92.3499984741211,94.5999984741211,90.1500015258789,91.0999984741211,91.0999984741211,24947,KHADIM
2020-05-06,93.0,96.0,85.0,90.0999984741211,90.0999984741211,42150,KHADIM
2020-05-07,89.5,94.0,88.0,90.1999969482422,90.1999969482422,24257,KHADIM
2020-05-08,90.3000030517578,96.0,87.80000305175781,88.5,88.5,200578,KHADIM
2020-05-11,89.0,93.0,87.0,90.5999984741211,90.5999984741211,176574,KHADIM
2020-05-12,93.0500030517578,94.5,88.0,88.3499984741211,88.3499984741211,358145,KHADIM
2020-05-13,93.25,93.25,80.80000305175781,89.80000305175781,89.80000305175781,135908,KHADIM
2020-05-14,91.0,91.9000015258789,88.5,88.9000015258789,88.9000015258789,177506,KHADIM
2020-05-15,90.9000015258789,90.9000015258789,88.1500015258789,88.44999694824219,88.44999694824219,59126,KHADIM
2020-05-18,88.0,89.0,82.55000305175781,83.4000015258789,83.4000015258789,57667,KHADIM
2020-05-19,84.0,84.5,81.05000305175781,81.75,81.75,31607,KHADIM
2020-05-20,82.0,82.0,78.0,80.4000015258789,80.4000015258789,34441,KHADIM
2020-05-21,80.80000305175781,86.69999694824219,77.6500015258789,80.69999694824219,80.69999694824219,306470,KHADIM
2020-05-22,79.8499984741211,80.8499984741211,78.19999694824219,79.30000305175781,79.30000305175781,47020,KHADIM
2020-05-26,79.5999984741211,81.05000305175781,78.0,78.9000015258789,78.9000015258789,48197,KHADIM
2020-05-27,79.0,81.0,78.25,79.0,79.0,50426,KHADIM
2020-05-28,79.0,82.55000305175781,79.0,79.19999694824219,79.19999694824219,101301,KHADIM
2020-05-29,78.19999694824219,80.55000305175781,76.6500015258789,77.80000305175781,77.80000305175781,130832,KHADIM
2020-06-01,79.0,86.30000305175781,79.0,85.55000305175781,85.55000305175781,351202,KHADIM
2020-06-02,87.0,94.8000030517578,85.1500015258789,93.3000030517578,93.3000030517578,883937,KHADIM
2020-06-03,98.8000030517578,111.9499969482422,97.5,111.9499969482422,111.9499969482422,1683892,KHADIM
2020-06-04,118.9000015258789,134.3000030517578,117.5,134.3000030517578,134.3000030517578,1947758,KHADIM
2020-06-05,141.6999969482422,147.6999969482422,140.85000610351562,147.6999969482422,147.6999969482422,718086,KHADIM
2020-06-08,162.4499969482422,162.4499969482422,162.4499969482422,162.4499969482422,162.4499969482422,157264,KHADIM
2020-06-09,177.0,177.0,146.25,146.25,146.25,993733,KHADIM
2020-06-10,146.25,149.0,133.0,135.8000030517578,135.8000030517578,569962,KHADIM
2020-06-11,135.8000030517578,145.5,125.3000030517578,135.39999389648438,135.39999389648438,369521,KHADIM
2020-06-12,126.0500030517578,136.0,126.0,134.4499969482422,134.4499969482422,183136,KHADIM
2020-06-15,135.0,138.8000030517578,130.0,132.9499969482422,132.9499969482422,119085,KHADIM
2020-06-16,136.39999389648438,137.75,123.0,128.89999389648438,128.89999389648438,130520,KHADIM
2020-06-17,129.0,134.75,121.0999984741211,129.4499969482422,129.4499969482422,197571,KHADIM
2020-06-18,134.0,134.0,123.0,130.5500030517578,130.5500030517578,32794,KHADIM
2020-06-19,130.5500030517578,132.0,126.0999984741211,130.0500030517578,130.0500030517578,37215,KHADIM
2020-06-22,132.0,132.0,127.0,129.10000610351562,129.10000610351562,42264,KHADIM
2020-06-23,129.10000610351562,131.89999389648438,127.0,129.10000610351562,129.10000610351562,39472,KHADIM
2020-06-24,129.10000610351562,131.39999389648438,127.0,127.4000015258789,127.4000015258789,26064,KHADIM
2020-06-25,128.0,129.89999389648438,124.5,125.0,125.0,57596,KHADIM
2020-06-26,129.0,129.0,120.0500030517578,121.9499969482422,121.9499969482422,74039,KHADIM
2020-06-29,121.9499969482422,121.9499969482422,115.9000015258789,117.6999969482422,117.6999969482422,33385,KHADIM
2020-06-30,117.6999969482422,117.6999969482422,114.0500030517578,115.5500030517578,115.5500030517578,26750,KHADIM
2020-07-01,115.5500030517578,116.0,110.0,112.0999984741211,112.0999984741211,35173,KHADIM
2020-07-02,111.0,117.6999969482422,110.5500030517578,117.6999969482422,117.6999969482422,31388,KHADIM
2020-07-03,123.5500030517578,123.5500030517578,120.1999969482422,123.5500030517578,123.5500030517578,38780,KHADIM
2020-07-06,129.6999969482422,129.6999969482422,129.6999969482422,129.6999969482422,129.6999969482422,33350,KHADIM
2020-07-07,136.10000610351562,136.10000610351562,125.0,127.6999969482422,127.6999969482422,60403,KHADIM
2020-07-08,126.9000015258789,126.9000015258789,121.3499984741211,121.8000030517578,121.8000030517578,60477,KHADIM
2020-07-09,123.9499969482422,125.0,121.25,122.6500015258789,122.6500015258789,27205,KHADIM
2020-07-10,116.5500030517578,122.5,116.5500030517578,121.3000030517578,121.3000030517578,19230,KHADIM
2020-07-13,120.0,123.9499969482422,118.0500030517578,119.0500030517578,119.0500030517578,14205,KHADIM
2020-07-14,118.0,119.9499969482422,115.0999984741211,116.75,116.75,19400,KHADIM
2020-07-15,113.0,120.0,112.0,114.6500015258789,114.6500015258789,29603,KHADIM
2020-07-16,114.9499969482422,115.0,112.0,114.25,114.25,16229,KHADIM
2020-07-17,114.9499969482422,114.9499969482422,110.1500015258789,113.8499984741211,113.8499984741211,16554,KHADIM
2020-07-20,115.5,116.6999969482422,112.5,114.75,114.75,12297,KHADIM
2020-07-21,114.75,120.0,112.9000015258789,119.1999969482422,119.1999969482422,44316,KHADIM
2020-07-22,119.0,119.4499969482422,114.0,115.6999969482422,115.6999969482422,23488,KHADIM
2020-07-23,114.3000030517578,116.75,114.25,114.5999984741211,114.5999984741211,16545,KHADIM
2020-07-24,113.25,114.9499969482422,111.6999969482422,113.5999984741211,113.5999984741211,29956,KHADIM
2020-07-27,114.5,115.75,111.0999984741211,111.5500030517578,111.5500030517578,16237,KHADIM
2020-07-28,111.4000015258789,114.4499969482422,111.0,112.8000030517578,112.8000030517578,15504,KHADIM
2020-07-29,110.0999984741211,113.0,110.0999984741211,111.5,111.5,11579,KHADIM
2020-07-30,111.0,113.0,110.1999969482422,110.4000015258789,110.4000015258789,14786,KHADIM
2020-07-31,110.5,114.0,108.0,108.5999984741211,108.5999984741211,16269,KHADIM
2020-08-03,108.5500030517578,111.9000015258789,106.0,107.5999984741211,107.5999984741211,18617,KHADIM
2020-08-04,106.0,108.8499984741211,104.0,107.9000015258789,107.9000015258789,13992,KHADIM
2020-08-05,106.25,112.6999969482422,105.6500015258789,111.5,111.5,24242,KHADIM
2020-08-06,115.4499969482422,115.4499969482422,106.0,112.5999984741211,112.5999984741211,18782,KHADIM
2020-08-07,113.0500030517578,113.0500030517578,108.0500030517578,111.5999984741211,111.5999984741211,10014,KHADIM
2020-08-10,111.6999969482422,115.9499969482422,109.0,114.75,114.75,40137,KHADIM
2020-08-11,117.8000030517578,120.4499969482422,115.0,120.25,120.25,72065,KHADIM
2020-08-12,120.5,120.5,116.5,117.9000015258789,117.9000015258789,25788,KHADIM
2020-08-13,118.0,123.75,112.0999984741211,123.5999984741211,123.5999984741211,99010,KHADIM
2020-08-14,129.75,129.75,126.1999969482422,128.89999389648438,128.89999389648438,214891,KHADIM
2020-08-17,131.0,132.0,123.0,126.3499984741211,126.3499984741211,48817,KHADIM
2020-08-18,126.1999969482422,127.9000015258789,121.0999984741211,122.0,122.0,67842,KHADIM
2020-08-19,122.9499969482422,126.1999969482422,118.0,122.8000030517578,122.8000030517578,78139,KHADIM
2020-08-20,122.4000015258789,128.89999389648438,120.75,127.8499984741211,127.8499984741211,185596,KHADIM
2020-08-21,131.14999389648438,132.10000610351562,125.5,126.25,126.25,203489,KHADIM
2020-08-24,127.25,127.6999969482422,123.6999969482422,124.0999984741211,124.0999984741211,77468,KHADIM
2020-08-25,124.3000030517578,125.9499969482422,122.5,123.9499969482422,123.9499969482422,30577,KHADIM
2020-08-26,123.0500030517578,128.85000610351562,122.5,126.6500015258789,126.6500015258789,109833,KHADIM
2020-08-27,128.10000610351562,131.8000030517578,126.0,126.8000030517578,126.8000030517578,155046,KHADIM
2020-08-28,129.60000610351562,129.60000610351562,123.8499984741211,126.8499984741211,126.8499984741211,123590,KHADIM
2020-08-31,123.0999984741211,126.3499984741211,120.5500030517578,120.5500030517578,120.5500030517578,69939,KHADIM
2020-09-01,118.0,122.8499984741211,114.5999984741211,116.3499984741211,116.3499984741211,40225,KHADIM
2020-09-02,117.6999969482422,119.75,115.1999969482422,117.5999984741211,117.5999984741211,32436,KHADIM
2020-09-03,118.0,119.5,115.3499984741211,117.8499984741211,117.8499984741211,33721,KHADIM
2020-09-04,117.0,118.1500015258789,115.5,116.1999969482422,116.1999969482422,17242,KHADIM
2020-09-07,117.9499969482422,118.0500030517578,114.0500030517578,115.5500030517578,115.5500030517578,20135,KHADIM
2020-09-08,117.4000015258789,117.4000015258789,112.0,112.9499969482422,112.9499969482422,19920,KHADIM
2020-09-09,112.8000030517578,112.8000030517578,108.0,109.3000030517578,109.3000030517578,31059,KHADIM
2020-09-10,111.75,114.5999984741211,110.5500030517578,112.75,112.75,16928,KHADIM
2020-09-11,115.0999984741211,117.0999984741211,113.3000030517578,115.25,115.25,30365,KHADIM
2020-09-14,116.0999984741211,118.9499969482422,115.5,116.1500015258789,116.1500015258789,24294,KHADIM
2020-09-15,116.8499984741211,118.0,113.6500015258789,115.8499984741211,115.8499984741211,16792,KHADIM
2020-09-16,117.3000030517578,117.3000030517578,112.9499969482422,115.25,115.25,24726,KHADIM
2020-09-17,115.8499984741211,116.4000015258789,113.5999984741211,114.4499969482422,114.4499969482422,21190,KHADIM
2020-09-18,116.5,117.5,113.1999969482422,114.25,114.25,35808,KHADIM
2020-09-21,115.6500015258789,115.6500015258789,110.3000030517578,111.5999984741211,111.5999984741211,25031,KHADIM
2020-09-22,111.0,111.0,106.0500030517578,106.5,106.5,35296,KHADIM
2020-09-23,106.0500030517578,109.0,104.5,106.5500030517578,106.5500030517578,30742,KHADIM
2020-09-24,106.5,106.5,101.5,102.0999984741211,102.0999984741211,23906,KHADIM
2020-09-25,99.5500030517578,103.8000030517578,99.5500030517578,102.5,102.5,36754,KHADIM
2020-09-28,101.0,107.5999984741211,101.0,107.3499984741211,107.3499984741211,49834,KHADIM
2020-09-29,111.5999984741211,111.5999984741211,107.6500015258789,111.0500030517578,111.0500030517578,55660,KHADIM
2020-09-30,110.6500015258789,116.5999984741211,109.1999969482422,116.0,116.0,54544,KHADIM
2020-10-01,117.0,121.0,114.0500030517578,114.9499969482422,114.9499969482422,29521,KHADIM
2020-10-05,114.9499969482422,117.9000015258789,113.0500030517578,117.3499984741211,117.3499984741211,40648,KHADIM
2020-10-06,119.0,119.0,115.4499969482422,117.9499969482422,117.9499969482422,33096,KHADIM
2020-10-07,116.9000015258789,118.0,113.3499984741211,114.8000030517578,114.8000030517578,14811,KHADIM
2020-10-08,116.8000030517578,117.8499984741211,112.5,113.6500015258789,113.6500015258789,17870,KHADIM
2020-10-09,113.0,114.8499984741211,112.0,112.8499984741211,112.8499984741211,8288,KHADIM
2020-10-12,113.0,113.4000015258789,108.8499984741211,109.3499984741211,109.3499984741211,10068,KHADIM
2020-10-13,106.6999969482422,114.6999969482422,106.6999969482422,110.8000030517578,110.8000030517578,22949,KHADIM
2020-10-14,112.8000030517578,112.8000030517578,108.0,110.25,110.25,11078,KHADIM
2020-10-15,112.0,112.4499969482422,108.0500030517578,108.75,108.75,10631,KHADIM
2020-10-16,110.9499969482422,111.0,107.0999984741211,109.4000015258789,109.4000015258789,16783,KHADIM
2020-10-19,109.0,110.9000015258789,108.6500015258789,109.6500015258789,109.6500015258789,12560,KHADIM
2020-10-20,111.0,112.9000015258789,111.0,111.0500030517578,111.0500030517578,25851,KHADIM
2020-10-21,111.1500015258789,111.1500015258789,109.0500030517578,109.4000015258789,109.4000015258789,7127,KHADIM
2020-10-22,109.0999984741211,111.0,109.0999984741211,110.0500030517578,110.0500030517578,7557,KHADIM
2020-10-23,111.25,113.5999984741211,108.4499969482422,110.5999984741211,110.5999984741211,23029,KHADIM
2020-10-26,111.9000015258789,111.9000015258789,105.0,107.5,107.5,20005,KHADIM
2020-10-27,107.5500030517578,109.6500015258789,105.8000030517578,107.0999984741211,107.0999984741211,12650,KHADIM
2020-10-28,107.0,109.25,105.5,106.0,106.0,12614,KHADIM
2020-10-29,106.5,109.9499969482422,105.25,107.4499969482422,107.4499969482422,30701,KHADIM
2020-10-30,107.5,108.5,105.25,107.1999969482422,107.1999969482422,10740,KHADIM
2020-11-02,109.0,110.9000015258789,105.5,107.5500030517578,107.5500030517578,16033,KHADIM
2020-11-03,107.6500015258789,117.9000015258789,106.0999984741211,115.8000030517578,115.8000030517578,95181,KHADIM
2020-11-04,115.0,115.0,110.1500015258789,111.5,111.5,26201,KHADIM
2020-11-05,113.8000030517578,113.8000030517578,110.0,111.3000030517578,111.3000030517578,25294,KHADIM
2020-11-06,111.0999984741211,112.9000015258789,110.4499969482422,110.8000030517578,110.8000030517578,21239,KHADIM
2020-11-09,111.0,112.0,110.0999984741211,111.1500015258789,111.1500015258789,14391,KHADIM
2020-11-10,109.0,112.0,100.0500030517578,109.1500015258789,109.1500015258789,27415,KHADIM
2020-11-11,108.5999984741211,111.9000015258789,108.5999984741211,110.6999969482422,110.6999969482422,16006,KHADIM
2020-11-12,115.0,120.0999984741211,113.1999969482422,114.6500015258789,114.6500015258789,501969,KHADIM
2020-11-13,113.0,115.6999969482422,110.5,112.5,112.5,33913,KHADIM
2020-11-14,113.9499969482422,114.0,110.0,111.9000015258789,111.9000015258789,19160,KHADIM
2020-11-17,111.9000015258789,122.0,106.0999984741211,117.9499969482422,117.9499969482422,210080,KHADIM
2020-11-18,115.25,116.5999984741211,114.0500030517578,114.6500015258789,114.6500015258789,47027,KHADIM
2020-11-19,113.9499969482422,118.3000030517578,111.5,112.5500030517578,112.5500030517578,95049,KHADIM
2020-11-20,114.75,115.5,112.0,114.25,114.25,33415,KHADIM
2020-11-23,115.0,115.75,109.8000030517578,110.0,110.0,107147,KHADIM
2020-11-24,114.1999969482422,117.0,112.1999969482422,112.5999984741211,112.5999984741211,127338,KHADIM
2020-11-25,113.5500030517578,113.5999984741211,108.9000015258789,109.1999969482422,109.1999969482422,112557,KHADIM
2020-11-26,109.9000015258789,113.9499969482422,108.75,111.3000030517578,111.3000030517578,210099,KHADIM
2020-11-27,117.0,120.6999969482422,114.5,115.5500030517578,115.5500030517578,628645,KHADIM
2020-12-01,113.5999984741211,117.5500030517578,113.5,116.5,116.5,102165,KHADIM
2020-12-02,117.3000030517578,117.3000030517578,115.5,116.1999969482422,116.1999969482422,61557,KHADIM
2020-12-03,117.5500030517578,117.6999969482422,115.0,116.0500030517578,116.0500030517578,63737,KHADIM
2020-12-04,116.0999984741211,116.9000015258789,115.1999969482422,116.0,116.0,94974,KHADIM
2020-12-07,122.5,122.5,118.8000030517578,120.4000015258789,120.4000015258789,342060,KHADIM
2020-12-08,121.0,122.1999969482422,116.0,117.0500030517578,117.0500030517578,121516,KHADIM
2020-12-09,117.5999984741211,122.0,117.5999984741211,119.1500015258789,119.1500015258789,99971,KHADIM
2020-12-10,118.1500015258789,120.0,115.3499984741211,118.0999984741211,118.0999984741211,75428,KHADIM
2020-12-11,119.6999969482422,129.89999389648438,117.6999969482422,125.3000030517578,125.3000030517578,692481,KHADIM
2020-12-14,125.6500015258789,143.9499969482422,125.1999969482422,134.6999969482422,134.6999969482422,1609843,KHADIM
2020-12-15,132.39999389648438,144.0,131.14999389648438,134.5,134.5,322243,KHADIM
2020-12-16,134.5500030517578,135.8000030517578,130.0,130.85000610351562,130.85000610351562,186867,KHADIM
2020-12-17,132.10000610351562,135.5,126.5500030517578,128.6999969482422,128.6999969482422,142749,KHADIM
2020-12-18,128.14999389648438,130.64999389648438,123.6500015258789,126.4499969482422,126.4499969482422,108021,KHADIM
2020-12-21,127.0,130.8000030517578,106.8499984741211,115.5,115.5,198780,KHADIM
2020-12-22,116.3000030517578,117.8000030517578,109.0,115.0500030517578,115.0500030517578,149664,KHADIM
2020-12-23,116.8000030517578,121.25,116.0999984741211,119.3499984741211,119.3499984741211,124851,KHADIM
2020-12-24,121.4499969482422,122.25,117.3000030517578,118.0500030517578,118.0500030517578,109528,KHADIM
2020-12-28,119.0,123.0,118.5999984741211,121.0999984741211,121.0999984741211,136765,KHADIM
2020-12-29,121.9000015258789,122.0500030517578,118.0,119.0999984741211,119.0999984741211,85052,KHADIM
2020-12-30,120.0,121.4499969482422,118.0,118.3499984741211,118.3499984741211,103183,KHADIM
2020-12-31,119.3000030517578,128.0500030517578,118.4000015258789,125.8499984741211,125.8499984741211,430715,KHADIM
2021-01-01,124.8000030517578,125.5,122.5500030517578,123.0500030517578,123.0500030517578,115911,KHADIM
2021-01-04,124.5999984741211,124.6500015258789,121.8000030517578,123.3000030517578,123.3000030517578,76528,KHADIM
2021-01-05,121.5500030517578,125.1999969482422,119.1999969482422,124.4499969482422,124.4499969482422,97315,KHADIM
2021-01-06,125.0,128.89999389648438,123.1500015258789,124.8000030517578,124.8000030517578,239550,KHADIM
2021-01-07,126.0,126.6999969482422,123.4000015258789,124.0999984741211,124.0999984741211,87583,KHADIM
2021-01-08,124.5,138.0,124.5,130.85000610351562,130.85000610351562,911629,KHADIM
2021-01-11,131.5,135.0,130.5,133.4499969482422,133.4499969482422,275444,KHADIM
2021-01-12,132.0,133.9499969482422,130.5,130.9499969482422,130.9499969482422,60633,KHADIM
2021-01-13,132.0,133.5,126.5,128.89999389648438,128.89999389648438,114048,KHADIM
2021-01-14,129.60000610351562,134.8000030517578,127.0,132.6999969482422,132.6999969482422,226270,KHADIM
2021-01-15,131.9499969482422,132.8000030517578,128.5500030517578,130.8000030517578,130.8000030517578,107836,KHADIM
2021-01-18,131.89999389648438,131.89999389648438,125.3000030517578,126.5999984741211,126.5999984741211,90130,KHADIM
2021-01-19,126.5999984741211,132.1999969482422,126.5999984741211,128.5500030517578,128.5500030517578,107714,KHADIM
2021-01-20,128.89999389648438,132.4499969482422,128.5500030517578,129.0,129.0,85939,KHADIM
2021-01-21,128.64999389648438,130.75,126.0999984741211,126.75,126.75,62549,KHADIM
2021-01-22,126.0999984741211,128.8000030517578,120.0500030517578,122.4000015258789,122.4000015258789,105778,KHADIM
2021-01-25,123.0500030517578,123.8000030517578,121.6500015258789,122.5500030517578,122.5500030517578,33796,KHADIM
2021-01-27,122.5500030517578,123.75,119.3000030517578,120.3000030517578,120.3000030517578,25220,KHADIM
2021-01-28,120.0,125.8000030517578,120.0,122.5999984741211,122.5999984741211,34614,KHADIM
2021-01-29,124.0,125.5999984741211,120.1999969482422,121.0999984741211,121.0999984741211,30064,KHADIM
2021-02-01,121.0,127.8000030517578,121.0,124.1500015258789,124.1500015258789,92978,KHADIM
2021-02-02,122.9000015258789,126.25,122.9000015258789,123.6999969482422,123.6999969482422,49116,KHADIM
2021-02-03,124.0,125.6999969482422,122.8499984741211,123.25,123.25,46699,KHADIM
2021-02-04,123.0500030517578,127.75,122.9000015258789,126.5999984741211,126.5999984741211,69090,KHADIM
2021-02-05,127.0500030517578,136.8000030517578,127.0500030517578,134.5,134.5,451249,KHADIM
2021-02-08,134.64999389648438,149.9499969482422,130.39999389648438,141.6999969482422,141.6999969482422,914624,KHADIM
2021-02-09,141.6999969482422,148.0,137.0500030517578,144.0,144.0,542305,KHADIM
2021-02-10,144.0,153.0,138.8000030517578,142.60000610351562,142.60000610351562,572242,KHADIM
2021-02-11,144.8000030517578,147.25,138.0,139.14999389648438,139.14999389648438,311948,KHADIM
2021-02-12,139.14999389648438,139.64999389648438,133.3000030517578,134.0,134.0,130514,KHADIM
2021-02-15,135.5,135.75,130.0,130.60000610351562,130.60000610351562,109641,KHADIM
2021-02-16,130.60000610351562,137.0,130.60000610351562,135.75,135.75,157887,KHADIM
2021-02-17,135.89999389648438,139.0,134.39999389648438,136.0500030517578,136.0500030517578,145943,KHADIM
2021-02-18,137.6999969482422,159.3000030517578,136.6999969482422,154.10000610351562,154.10000610351562,870384,KHADIM
2021-02-19,154.89999389648438,164.89999389648438,152.0,156.25,156.25,794867,KHADIM
2021-02-22,156.75,157.60000610351562,150.10000610351562,154.0,154.0,427239,KHADIM
2021-02-23,153.10000610351562,156.89999389648438,151.0,152.5500030517578,152.5500030517578,126130,KHADIM
2021-02-24,151.89999389648438,156.60000610351562,146.0500030517578,148.35000610351562,148.35000610351562,138244,KHADIM
2021-02-25,149.9499969482422,155.5500030517578,148.35000610351562,151.5500030517578,151.5500030517578,201425,KHADIM
2021-02-26,150.0,171.5500030517578,148.3000030517578,163.0,163.0,656474,KHADIM
2021-03-01,157.14999389648438,170.0,157.14999389648438,165.0500030517578,165.0500030517578,322670,KHADIM
2021-03-02,165.5,182.0,165.5,180.0500030517578,180.0500030517578,664225,KHADIM
2021-03-03,181.8500061035156,185.8999938964844,174.0,176.10000610351562,176.10000610351562,294250,KHADIM
2021-03-04,174.1999969482422,182.6999969482422,172.5,175.64999389648438,175.64999389648438,184223,KHADIM
2021-03-05,175.64999389648438,179.0,167.85000610351562,171.5,171.5,136281,KHADIM
2021-03-08,174.60000610351562,181.0,172.5,176.60000610351562,176.60000610351562,132337,KHADIM
2021-03-09,178.6999969482422,178.6999969482422,170.89999389648438,173.89999389648438,173.89999389648438,138370,KHADIM
2021-03-10,176.6999969482422,176.6999969482422,171.0,172.85000610351562,172.85000610351562,46359,KHADIM
2021-03-12,173.0500030517578,179.0,168.0,172.60000610351562,172.60000610351562,75426,KHADIM
2021-03-15,171.0,174.6999969482422,164.8000030517578,166.89999389648438,166.89999389648438,78950,KHADIM
2021-03-16,167.89999389648438,171.0,164.0,166.8000030517578,166.8000030517578,74289,KHADIM
2021-03-17,168.6999969482422,173.89999389648438,161.10000610351562,162.35000610351562,162.35000610351562,92054,KHADIM
2021-03-18,159.25,166.9499969482422,155.1999969482422,156.1999969482422,156.1999969482422,89610,KHADIM
2021-03-19,157.60000610351562,157.60000610351562,142.25,152.5,152.5,100338,KHADIM
2021-03-22,154.64999389648438,160.9499969482422,151.0,159.10000610351562,159.10000610351562,102779,KHADIM
2021-03-23,159.10000610351562,162.35000610351562,130.5,154.0500030517578,154.0500030517578,105788,KHADIM
2021-03-24,153.1999969482422,161.3000030517578,148.89999389648438,151.10000610351562,151.10000610351562,54133,KHADIM
2021-03-25,154.0,154.0,146.0,150.6999969482422,150.6999969482422,37380,KHADIM
2021-03-26,154.60000610351562,155.25,147.75,148.85000610351562,148.85000610351562,40942,KHADIM
2021-03-30,149.0,153.3000030517578,146.14999389648438,147.1999969482422,147.1999969482422,36808,KHADIM
2021-03-31,144.1999969482422,151.0,144.1999969482422,146.89999389648438,146.89999389648438,35634,KHADIM
2021-04-01,147.9499969482422,152.89999389648438,147.9499969482422,151.1999969482422,151.1999969482422,36798,KHADIM
2021-04-05,152.1999969482422,152.1999969482422,131.5,145.6999969482422,145.6999969482422,52398,KHADIM
2021-04-06,147.8000030517578,149.0,145.5500030517578,146.10000610351562,146.10000610351562,29327,KHADIM
2021-04-07,146.0,152.1999969482422,146.0,148.1999969482422,148.1999969482422,30110,KHADIM
2021-04-08,149.0,152.89999389648438,147.75,148.4499969482422,148.4499969482422,41997,KHADIM
2021-04-09,151.5,157.75,149.89999389648438,150.4499969482422,150.4499969482422,82103,KHADIM
2021-04-12,151.39999389648438,151.39999389648438,136.35000610351562,137.39999389648438,137.39999389648438,78016,KHADIM
2021-04-13,138.0,143.4499969482422,136.89999389648438,141.35000610351562,141.35000610351562,25630,KHADIM
2021-04-15,141.35000610351562,141.35000610351562,136.6999969482422,137.1999969482422,137.1999969482422,32082,KHADIM
2021-04-16,139.89999389648438,139.89999389648438,135.64999389648438,136.25,136.25,23133,KHADIM
2021-04-19,132.0,134.5,124.0,129.10000610351562,129.10000610351562,79618,KHADIM
2021-04-20,131.0500030517578,133.0,128.0500030517578,128.8000030517578,128.8000030517578,31587,KHADIM
2021-04-22,132.39999389648438,132.39999389648438,126.6999969482422,127.9499969482422,127.9499969482422,44898,KHADIM
2021-04-23,128.0,143.0,128.0,134.10000610351562,134.10000610351562,105458,KHADIM
2021-04-26,135.0,137.6999969482422,131.75,132.4499969482422,132.4499969482422,29481,KHADIM
2021-04-27,134.9499969482422,139.5,133.39999389648438,137.3000030517578,137.3000030517578,49311,KHADIM
2021-04-28,137.3000030517578,141.6999969482422,137.3000030517578,140.85000610351562,140.85000610351562,40125,KHADIM
2021-04-29,140.89999389648438,143.0,137.1999969482422,138.25,138.25,31963,KHADIM
2021-04-30,137.0,143.60000610351562,137.0,138.85000610351562,138.85000610351562,30503,KHADIM
2021-05-03,137.5,139.0,132.25,136.0,136.0,88408,KHADIM
2021-05-04,138.9499969482422,140.35000610351562,136.64999389648438,137.75,137.75,31969,KHADIM
2021-05-05,139.4499969482422,141.4499969482422,138.35000610351562,140.5500030517578,140.5500030517578,39983,KHADIM
2021-05-06,142.3000030517578,154.3000030517578,140.8000030517578,149.75,149.75,368298,KHADIM
2021-05-07,149.75,150.9499969482422,143.0,144.85000610351562,144.85000610351562,60194,KHADIM
2021-05-10,146.25,158.35000610351562,146.10000610351562,153.4499969482422,153.4499969482422,180431,KHADIM
2021-05-11,153.4499969482422,154.5,149.0,153.1999969482422,153.1999969482422,79671,KHADIM
2021-05-12,154.0,157.0,149.1999969482422,151.14999389648438,151.14999389648438,73673,KHADIM
2021-05-14,152.35000610351562,155.89999389648438,148.3000030517578,150.85000610351562,150.85000610351562,86299,KHADIM
2021-05-17,151.9499969482422,156.6999969482422,150.0,153.64999389648438,153.64999389648438,109499,KHADIM
2021-05-18,153.6999969482422,162.0,152.25,159.1999969482422,159.1999969482422,141831,KHADIM
2021-05-19,157.0,168.39999389648438,156.5,161.4499969482422,161.4499969482422,281137,KHADIM
2021-05-20,162.1999969482422,166.75,157.5,161.25,161.25,70034,KHADIM
2021-05-21,160.89999389648438,166.6999969482422,160.75,162.5,162.5,100623,KHADIM
2021-05-24,162.75,174.0,160.8000030517578,168.89999389648438,168.89999389648438,225752,KHADIM
2021-05-25,170.1999969482422,175.8000030517578,170.14999389648438,171.3000030517578,171.3000030517578,184869,KHADIM
2021-05-26,171.89999389648438,174.1999969482422,165.60000610351562,167.39999389648438,167.39999389648438,86637,KHADIM
2021-05-27,167.0,168.8000030517578,163.5500030517578,166.1999969482422,166.1999969482422,64269,KHADIM
2021-05-28,167.9499969482422,168.0,158.25,159.9499969482422,159.9499969482422,110362,KHADIM
2021-05-31,156.39999389648438,163.6999969482422,156.39999389648438,158.10000610351562,158.10000610351562,40504,KHADIM
2021-06-01,159.35000610351562,164.0,156.35000610351562,160.1999969482422,160.1999969482422,79419,KHADIM
2021-06-02,161.75,162.0,158.25,161.5500030517578,161.5500030517578,58079,KHADIM
2021-06-03,162.89999389648438,164.8000030517578,158.6999969482422,159.25,159.25,80501,KHADIM
2021-06-04,161.0,161.0,157.0,158.85000610351562,158.85000610351562,33515,KHADIM
2021-06-07,159.85000610351562,162.9499969482422,158.39999389648438,161.14999389648438,161.14999389648438,66064,KHADIM
2021-06-08,162.8000030517578,172.39999389648438,161.25,168.1999969482422,168.1999969482422,337453,KHADIM
2021-06-09,169.60000610351562,172.1999969482422,162.9499969482422,165.4499969482422,165.4499969482422,127701,KHADIM
2021-06-10,167.0,198.5,166.0,198.5,198.5,1779888,KHADIM
2021-06-11,209.8999938964844,213.6999969482422,192.4499969482422,196.5,196.5,816454,KHADIM
2021-06-14,196.5,199.8999938964844,175.0,196.9499969482422,196.9499969482422,260127,KHADIM
2021-06-15,198.8999938964844,198.8999938964844,191.1999969482422,195.0,195.0,124972,KHADIM
2021-06-16,195.0,195.0,188.25,189.5500030517578,189.5500030517578,78673,KHADIM
2021-06-17,189.0,197.5,188.8999938964844,194.0500030517578,194.0500030517578,212072,KHADIM
2021-06-18,204.0,225.0,201.0,211.75,211.75,1968357,KHADIM
2021-06-21,210.1000061035156,244.0,204.1000061035156,238.0500030517578,238.0500030517578,1387043,KHADIM
2021-06-22,245.0,247.3999938964844,233.1999969482422,241.75,241.75,519296,KHADIM
2021-06-23,242.5,290.1000061035156,241.9499969482422,288.6499938964844,288.6499938964844,1986049,KHADIM
2021-06-24,298.70001220703125,314.45001220703125,280.04998779296875,289.54998779296875,289.54998779296875,1750820,KHADIM
2021-06-25,290.0,311.0,273.3500061035156,301.04998779296875,301.04998779296875,846657,KHADIM
2021-06-28,304.04998779296875,307.0,291.95001220703125,304.54998779296875,304.54998779296875,297588,KHADIM
2021-06-29,304.0,321.04998779296875,298.0,314.70001220703125,314.70001220703125,496934,KHADIM
2021-06-30,317.1000061035156,346.1499938964844,317.1000061035156,345.5,345.5,675098,KHADIM
2021-07-01,354.95001220703125,358.0,327.0,333.45001220703125,333.45001220703125,444431,KHADIM
2021-07-02,335.70001220703125,343.79998779296875,330.1000061035156,333.29998779296875,333.29998779296875,154084,KHADIM
2021-07-05,338.3500061035156,341.0,323.45001220703125,327.3500061035156,327.3500061035156,133258,KHADIM
2021-07-06,327.3500061035156,334.3999938964844,318.0,319.6000061035156,319.6000061035156,195812,KHADIM
2021-07-07,320.0,327.3999938964844,318.1499938964844,319.5,319.5,65905,KHADIM
2021-07-08,321.8999938964844,327.0,312.0,314.20001220703125,314.20001220703125,51994,KHADIM
2021-07-09,313.70001220703125,317.6000061035156,300.0,304.5,304.5,98003,KHADIM
2021-07-12,302.0,319.6000061035156,302.0,313.70001220703125,313.70001220703125,118181,KHADIM
2021-07-13,318.0,318.0,305.0,307.54998779296875,307.54998779296875,67684,KHADIM
2021-07-14,309.6000061035156,315.0,304.54998779296875,306.3500061035156,306.3500061035156,79760,KHADIM
2021-07-15,306.3500061035156,309.6000061035156,300.0,301.95001220703125,301.95001220703125,53894,KHADIM
2021-07-16,308.0,315.0,301.0,305.6000061035156,305.6000061035156,118758,KHADIM
2021-07-19,304.5,304.5,288.20001220703125,295.1000061035156,295.1000061035156,99520,KHADIM
2021-07-20,295.1000061035156,300.0,283.0,285.1499938964844,285.1499938964844,75611,KHADIM
2021-07-22,295.04998779296875,298.20001220703125,282.04998779296875,289.0,289.0,68740,KHADIM
2021-07-23,289.0,300.8999938964844,287.0,290.04998779296875,290.04998779296875,109423,KHADIM
2021-07-26,292.0,296.0,288.1000061035156,291.70001220703125,291.70001220703125,57865,KHADIM
2021-07-27,291.70001220703125,295.70001220703125,280.79998779296875,286.6000061035156,286.6000061035156,48692,KHADIM
2021-07-28,286.6000061035156,287.8999938964844,275.0,277.75,277.75,60313,KHADIM
2021-07-29,283.79998779296875,287.25,277.6000061035156,280.8999938964844,280.8999938964844,31990,KHADIM
2021-07-30,284.0,304.0,283.0,293.70001220703125,293.70001220703125,100087,KHADIM
2021-08-02,298.0,305.0,291.5,293.45001220703125,293.45001220703125,63274,KHADIM
2021-08-03,298.0,303.3999938964844,288.6499938964844,289.54998779296875,289.54998779296875,81262,KHADIM
2021-08-04,292.0,296.0,282.0,283.79998779296875,283.79998779296875,62731,KHADIM
2021-08-05,285.1000061035156,289.3500061035156,278.45001220703125,280.6499938964844,280.6499938964844,28519,KHADIM
2021-08-06,280.6499938964844,284.95001220703125,277.0,279.1499938964844,279.1499938964844,27209,KHADIM
2021-08-09,276.0,284.29998779296875,265.3500061035156,269.75,269.75,31668,KHADIM
2021-08-10,269.5,273.20001220703125,252.0,255.1999969482422,255.1999969482422,59321,KHADIM
2021-08-11,255.1999969482422,262.3500061035156,235.0,257.1000061035156,257.1000061035156,71354,KHADIM
2021-08-12,250.0,270.0,245.0,265.8500061035156,265.8500061035156,70872,KHADIM
2021-08-13,263.0,290.0,261.54998779296875,269.20001220703125,269.20001220703125,52599,KHADIM
2021-08-16,265.79998779296875,270.3999938964844,258.04998779296875,260.6000061035156,260.6000061035156,23646,KHADIM
2021-08-17,261.0,261.95001220703125,253.25,255.1999969482422,255.1999969482422,23552,KHADIM
2021-08-18,255.0,257.75,236.6999969482422,243.0,243.0,51193,KHADIM
2021-08-20,243.0,244.75,225.0,229.0,229.0,44378,KHADIM
2021-08-23,230.8999938964844,233.4499969482422,207.5500030517578,215.8500061035156,215.8500061035156,70411,KHADIM
2021-08-24,209.1999969482422,225.8999938964844,209.1999969482422,223.75,223.75,30915,KHADIM
2021-08-25,228.0,234.8999938964844,220.1999969482422,234.8999938964844,234.8999938964844,35610,KHADIM
2021-08-26,239.9499969482422,246.6000061035156,237.0500030517578,246.6000061035156,246.6000061035156,19466,KHADIM
2021-08-27,257.0,258.8999938964844,250.1000061035156,253.0500030517578,253.0500030517578,100732,KHADIM
2021-08-30,254.1999969482422,265.0,254.0500030517578,259.8999938964844,259.8999938964844,32684,KHADIM
2021-08-31,264.0,265.5,251.1000061035156,253.0500030517578,253.0500030517578,27645,KHADIM
2021-09-01,258.0,258.54998779296875,248.1000061035156,250.0500030517578,250.0500030517578,41543,KHADIM
2021-09-02,254.0,262.54998779296875,240.25,255.9499969482422,255.9499969482422,65711,KHADIM
2021-09-03,253.0,262.79998779296875,253.0,254.4499969482422,254.4499969482422,17738,KHADIM
2021-09-06,259.0,266.3999938964844,250.0500030517578,254.0,254.0,248033,KHADIM
2021-09-07,254.0,256.95001220703125,248.0,250.5,250.5,33387,KHADIM
2021-09-08,250.0,256.79998779296875,247.3500061035156,249.8999938964844,249.8999938964844,28091,KHADIM
2021-09-09,250.0,254.9499969482422,249.8999938964844,250.3999938964844,250.3999938964844,17309,KHADIM
2021-09-13,250.0,253.9499969482422,245.25,248.1999969482422,248.1999969482422,20983,KHADIM
2021-09-14,252.0,252.0,244.1499938964844,246.25,246.25,30525,KHADIM
2021-09-15,246.8999938964844,250.3000030517578,245.0,245.9499969482422,245.9499969482422,35391,KHADIM
2021-09-16,247.0,249.9499969482422,241.0500030517578,242.6999969482422,242.6999969482422,35177,KHADIM
2021-09-17,243.0,246.3000030517578,235.6000061035156,238.8000030517578,238.8000030517578,28369,KHADIM
2021-09-20,237.8999938964844,250.6999969482422,234.5500030517578,235.8999938964844,235.8999938964844,103256,KHADIM
2021-09-21,235.8999938964844,239.75,230.25,233.5500030517578,233.5500030517578,23686,KHADIM
2021-09-22,234.25,234.3500061035156,230.8999938964844,231.6000061035156,231.6000061035156,42431,KHADIM
2021-09-23,233.0,238.8999938964844,230.8500061035156,231.8999938964844,231.8999938964844,58989,KHADIM
2021-09-24,232.4499969482422,233.75,227.8000030517578,229.6499938964844,229.6499938964844,30966,KHADIM
2021-09-27,226.6999969482422,232.6999969482422,225.0,226.3500061035156,226.3500061035156,35118,KHADIM
2021-09-28,226.3999938964844,235.9499969482422,225.3000030517578,230.25,230.25,50952,KHADIM
2021-09-29,230.25,234.8000030517578,222.3000030517578,224.3000030517578,224.3000030517578,79057,KHADIM
2021-09-30,226.0,227.1000061035156,221.0,222.1999969482422,222.1999969482422,52565,KHADIM
2021-10-01,222.1999969482422,233.3000030517578,219.6999969482422,227.5500030517578,227.5500030517578,185389,KHADIM
2021-10-04,235.0,235.0,226.0,226.6999969482422,226.6999969482422,104331,KHADIM
2021-10-05,227.8000030517578,230.0,224.0,225.3000030517578,225.3000030517578,42667,KHADIM
2021-10-06,225.3000030517578,227.6999969482422,220.8000030517578,224.0,224.0,88826,KHADIM
2021-10-07,225.6000061035156,246.3999938964844,223.3000030517578,231.8500061035156,231.8500061035156,453407,KHADIM
2021-10-08,235.8999938964844,245.9499969482422,228.3000030517578,233.6999969482422,233.6999969482422,248031,KHADIM
2021-10-11,236.5,244.0,231.1499938964844,232.5500030517578,232.5500030517578,253161,KHADIM
2021-10-12,233.9499969482422,239.0500030517578,227.0,229.8500061035156,229.8500061035156,178082,KHADIM
2021-10-13,232.8500061035156,234.0,229.75,230.75,230.75,154437,KHADIM
2021-10-14,232.6499938964844,238.8999938964844,228.3500061035156,234.3000030517578,234.3000030517578,342000,KHADIM
2021-10-18,243.0,257.70001220703125,243.0,257.70001220703125,257.70001220703125,396338,KHADIM
2021-10-19,283.45001220703125,283.45001220703125,262.0,268.75,268.75,624060,KHADIM
2021-10-20,269.0,285.0,256.5,278.20001220703125,278.20001220703125,351799,KHADIM
2021-10-21,279.04998779296875,294.5,278.04998779296875,286.70001220703125,286.70001220703125,301603,KHADIM
2021-10-22,283.0,296.45001220703125,258.04998779296875,267.79998779296875,267.79998779296875,241538,KHADIM
2021-10-25,274.95001220703125,286.04998779296875,263.04998779296875,279.75,279.75,222239,KHADIM
2021-10-26,275.0,307.70001220703125,275.0,304.1000061035156,304.1000061035156,523351,KHADIM
2021-10-27,303.75,306.0,285.1499938964844,304.0,304.0,187180,KHADIM
2021-10-28,304.0,304.0,282.20001220703125,289.1499938964844,289.1499938964844,180453,KHADIM
2021-10-29,289.1499938964844,290.45001220703125,271.25,279.3500061035156,279.3500061035156,144744,KHADIM
2021-11-01,274.1000061035156,287.8999938964844,274.1000061035156,283.3500061035156,283.3500061035156,50126,KHADIM
2021-11-02,287.0,295.0,283.6000061035156,287.1000061035156,287.1000061035156,74716,KHADIM
2021-11-03,295.0,315.79998779296875,290.0,310.3500061035156,310.3500061035156,729299,KHADIM
2021-11-04,313.3999938964844,341.3500061035156,310.6499938964844,341.0,341.0,429504,KHADIM
2021-11-08,345.0,348.0,323.95001220703125,324.25,324.25,293625,KHADIM
2021-11-09,320.0,334.79998779296875,315.3999938964844,324.75,324.75,115328,KHADIM
2021-11-10,329.79998779296875,331.95001220703125,317.0,319.25,319.25,103140,KHADIM
2021-11-11,322.79998779296875,324.0,303.29998779296875,307.1499938964844,307.1499938964844,195685,KHADIM
2021-11-12,307.54998779296875,309.1499938964844,293.20001220703125,296.1000061035156,296.1000061035156,203060,KHADIM
2021-11-15,300.79998779296875,300.79998779296875,282.0,283.6499938964844,283.6499938964844,89863,KHADIM
2021-11-16,283.6499938964844,293.79998779296875,280.0,283.1000061035156,283.1000061035156,48894,KHADIM
2021-11-17,289.0,290.0,281.0,282.54998779296875,282.54998779296875,38716,KHADIM
2021-11-18,282.54998779296875,284.0,270.1499938964844,271.54998779296875,271.54998779296875,36236,KHADIM
2021-11-22,270.0,274.0,259.3999938964844,261.8999938964844,261.8999938964844,35250,KHADIM
2021-11-23,264.8999938964844,274.95001220703125,260.04998779296875,274.95001220703125,274.95001220703125,30022,KHADIM
2021-11-24,279.95001220703125,284.0,274.1499938964844,276.20001220703125,276.20001220703125,27826,KHADIM
2021-11-25,283.5,283.5,270.1499938964844,272.70001220703125,272.70001220703125,22686,KHADIM
2021-11-26,277.0,277.0,262.0,264.1000061035156,264.1000061035156,32480,KHADIM
2021-11-29,261.04998779296875,262.6000061035156,250.8999938964844,251.0,251.0,49542,KHADIM
2021-11-30,246.5,260.6499938964844,246.1499938964844,249.6499938964844,249.6499938964844,38086,KHADIM
2021-12-01,247.3000030517578,253.75,243.0500030517578,247.75,247.75,64980,KHADIM
2021-12-02,249.8999938964844,260.1000061035156,244.6000061035156,260.1000061035156,260.1000061035156,60917,KHADIM
2021-12-03,265.0,265.0,254.0,255.8999938964844,255.8999938964844,48623,KHADIM
2021-12-06,259.0,259.0,243.1499938964844,244.3000030517578,244.3000030517578,38244,KHADIM
2021-12-07,246.4499969482422,255.0,246.4499969482422,250.0,250.0,33737,KHADIM
2021-12-08,253.6999969482422,259.0,251.1999969482422,256.04998779296875,256.04998779296875,48836,KHADIM
2021-12-09,260.0,260.0,254.1999969482422,258.04998779296875,258.04998779296875,46497,KHADIM
2021-12-10,261.0,270.95001220703125,258.3999938964844,270.95001220703125,270.95001220703125,91100,KHADIM
2021-12-13,283.6000061035156,283.6000061035156,267.1000061035156,270.1000061035156,270.1000061035156,88262,KHADIM
2021-12-14,271.04998779296875,279.0,267.25,273.75,273.75,57333,KHADIM
2021-12-15,272.95001220703125,276.0,270.5,272.6000061035156,272.6000061035156,22954,KHADIM
2021-12-16,276.0,276.0,262.5,264.75,264.75,35071,KHADIM
2021-12-17,260.0,268.0,255.0,258.0,258.0,37432,KHADIM
2021-12-20,253.0,253.9499969482422,245.1000061035156,245.1000061035156,245.1000061035156,30361,KHADIM
2021-12-21,247.0,257.0,247.0,250.8000030517578,250.8000030517578,18854,KHADIM
2021-12-22,248.0,255.0,248.0,253.3000030517578,253.3000030517578,17431,KHADIM
2021-12-23,251.0,260.0,251.0,255.8999938964844,255.8999938964844,23607,KHADIM
2021-12-24,258.1000061035156,261.95001220703125,251.3999938964844,254.0500030517578,254.0500030517578,18419,KHADIM
2021-12-27,250.0,252.1000061035156,246.1999969482422,250.1999969482422,250.1999969482422,9440,KHADIM
2021-12-28,252.0,256.70001220703125,250.5,251.5500030517578,251.5500030517578,11898,KHADIM
2021-12-29,253.6000061035156,255.0500030517578,250.0,250.8999938964844,250.8999938964844,9467,KHADIM
2021-12-30,255.0,262.0,254.0,260.0,260.0,37092,KHADIM
2021-12-31,262.0,271.0,261.79998779296875,263.3999938964844,263.3999938964844,33738,KHADIM
2022-01-03,258.3999938964844,266.6000061035156,258.0,259.1499938964844,259.1499938964844,23703,KHADIM
2022-01-04,259.1499938964844,268.0,259.1499938964844,261.8999938964844,261.8999938964844,39318,KHADIM
2022-01-05,262.45001220703125,274.5,259.8500061035156,270.95001220703125,270.95001220703125,82419,KHADIM
2022-01-06,270.95001220703125,273.8999938964844,260.0,268.5,268.5,52369,KHADIM
2022-01-07,269.8999938964844,269.8999938964844,260.95001220703125,265.70001220703125,265.70001220703125,28425,KHADIM
2022-01-10,261.3999938964844,274.3500061035156,261.3999938964844,267.54998779296875,267.54998779296875,27317,KHADIM
2022-01-11,268.0,271.54998779296875,264.04998779296875,267.6499938964844,267.6499938964844,14372,KHADIM
2022-01-12,269.79998779296875,281.0,268.04998779296875,280.1499938964844,280.1499938964844,348147,KHADIM
2022-01-13,286.0,286.0,274.5,276.6499938964844,276.6499938964844,80041,KHADIM
2022-01-14,270.20001220703125,280.0,270.20001220703125,276.8500061035156,276.8500061035156,106290,KHADIM
2022-01-17,280.95001220703125,290.6499938964844,279.3999938964844,290.6499938964844,290.6499938964844,159359,KHADIM
2022-01-18,295.0,303.3999938964844,281.0,282.45001220703125,282.45001220703125,159027,KHADIM
2022-01-19,282.0,286.20001220703125,276.0,282.29998779296875,282.29998779296875,47569,KHADIM
2022-01-20,286.20001220703125,295.1000061035156,277.6000061035156,291.29998779296875,291.29998779296875,107271,KHADIM
2022-01-21,290.0,294.5,282.20001220703125,284.1499938964844,284.1499938964844,53233,KHADIM
2022-01-24,285.0,285.0,269.95001220703125,269.95001220703125,269.95001220703125,45578,KHADIM
2022-01-25,259.20001220703125,270.0,256.54998779296875,265.8500061035156,265.8500061035156,67955,KHADIM
2022-01-27,261.0,269.95001220703125,258.25,263.1499938964844,263.1499938964844,52216,KHADIM
2022-01-28,263.1499938964844,273.3500061035156,260.25,262.1000061035156,262.1000061035156,40248,KHADIM
2022-01-31,265.1000061035156,272.1499938964844,259.04998779296875,261.3999938964844,261.3999938964844,22607,KHADIM
2022-02-01,268.29998779296875,272.0,258.0,265.25,265.25,32419,KHADIM
2022-02-02,265.0,278.5,265.0,278.1499938964844,278.1499938964844,54361,KHADIM
2022-02-03,278.1499938964844,287.95001220703125,277.0,282.3999938964844,282.3999938964844,30658,KHADIM
2022-02-04,288.95001220703125,288.95001220703125,277.70001220703125,278.6000061035156,278.6000061035156,18638,KHADIM
2022-02-07,281.0,282.95001220703125,278.0,279.5,279.5,43434,KHADIM
2022-02-08,277.70001220703125,285.95001220703125,270.8999938964844,274.1000061035156,274.1000061035156,35037,KHADIM
2022-02-09,274.0,283.79998779296875,273.79998779296875,279.6000061035156,279.6000061035156,14765,KHADIM
2022-02-10,281.0,298.0,276.0,289.20001220703125,289.20001220703125,95109,KHADIM
2022-02-11,288.0,289.5,278.25,279.1000061035156,279.1000061035156,30009,KHADIM
2022-02-14,270.0,295.0,251.25,268.54998779296875,268.54998779296875,99167,KHADIM
2022-02-15,284.3999938964844,285.0,262.29998779296875,271.1499938964844,271.1499938964844,135159,KHADIM
2022-02-16,274.95001220703125,282.5,264.20001220703125,266.0,266.0,90208,KHADIM
2022-02-17,269.70001220703125,271.3500061035156,264.6499938964844,266.25,266.25,45814,KHADIM
2022-02-18,267.79998779296875,268.6499938964844,255.1999969482422,260.95001220703125,260.95001220703125,41279,KHADIM
2022-02-21,254.1000061035156,257.8999938964844,244.0,249.1000061035156,249.1000061035156,32627,KHADIM
2022-02-22,245.25,245.25,232.8500061035156,241.3000030517578,241.3000030517578,49170,KHADIM
2022-02-23,241.0,251.9499969482422,239.5,249.5500030517578,249.5500030517578,62834,KHADIM
2022-02-24,244.8000030517578,244.8000030517578,224.6000061035156,225.8000030517578,225.8000030517578,63734,KHADIM
2022-02-25,228.0,238.0,228.0,233.6000061035156,233.6000061035156,22027,KHADIM
2022-02-28,230.1999969482422,234.8999938964844,226.3500061035156,231.9499969482422,231.9499969482422,56077,KHADIM
2022-03-02,230.9499969482422,243.0,229.5500030517578,240.8000030517578,240.8000030517578,72746,KHADIM
2022-03-03,240.8000030517578,244.5500030517578,235.3500061035156,237.1000061035156,237.1000061035156,16345,KHADIM
2022-03-04,242.0,242.0,233.3999938964844,237.8500061035156,237.8500061035156,12540,KHADIM
2022-03-07,233.0,236.6499938964844,226.3000030517578,227.3999938964844,227.3999938964844,60369,KHADIM
2022-03-08,230.0,232.9499969482422,222.0,229.5500030517578,229.5500030517578,64629,KHADIM
2022-03-09,234.0,238.0,230.1999969482422,237.0,237.0,63043,KHADIM
2022-03-10,243.0,245.0,236.3000030517578,243.5500030517578,243.5500030517578,48031,KHADIM
2022-03-11,245.0,259.8999938964844,240.1000061035156,243.6000061035156,243.6000061035156,140960,KHADIM
2022-03-14,247.0,247.1999969482422,235.6000061035156,240.0,240.0,34189,KHADIM
2022-03-15,244.9499969482422,244.9499969482422,235.0,236.5500030517578,236.5500030517578,26131,KHADIM
2022-03-16,242.5,243.0500030517578,235.1000061035156,238.0,238.0,39666,KHADIM
2022-03-17,240.0,242.0,230.3000030517578,233.3000030517578,233.3000030517578,84035,KHADIM
2022-03-21,238.0,238.0,229.5,230.8000030517578,230.8000030517578,133674,KHADIM
2022-03-22,232.8500061035156,236.0,223.8500061035156,227.6000061035156,227.6000061035156,120613,KHADIM
2022-03-23,229.8000030517578,234.1499938964844,227.0,228.6499938964844,228.6499938964844,51043,KHADIM
2022-03-24,228.0,234.1499938964844,227.5500030517578,229.3999938964844,229.3999938964844,51639,KHADIM
2022-03-25,232.1000061035156,232.8999938964844,227.0,227.3999938964844,227.3999938964844,29580,KHADIM
2022-03-28,223.5,230.0,223.5,226.1999969482422,226.1999969482422,69339,KHADIM
2022-03-29,227.0,228.8000030517578,221.3999938964844,222.0,222.0,250392,KHADIM
2022-03-30,226.9499969482422,226.9499969482422,219.8999938964844,220.6000061035156,220.6000061035156,243823,KHADIM
2022-03-31,223.0,230.1000061035156,220.0,221.8000030517578,221.8000030517578,88384,KHADIM
2022-04-01,224.4499969482422,231.3999938964844,223.4499969482422,229.8999938964844,229.8999938964844,38424,KHADIM
2022-04-04,231.8999938964844,238.5,231.8999938964844,236.25,236.25,46203,KHADIM
2022-04-05,240.0,240.0,236.0,238.0,238.0,50123,KHADIM
2022-04-06,238.6000061035156,240.9499969482422,231.3000030517578,233.25,233.25,42502,KHADIM
2022-04-07,236.6000061035156,249.4499969482422,236.0500030517578,240.0500030517578,240.0500030517578,151139,KHADIM
2022-04-08,242.8999938964844,242.8999938964844,235.5500030517578,238.8000030517578,238.8000030517578,41370,KHADIM
2022-04-11,243.8000030517578,253.6499938964844,236.8999938964844,243.25,243.25,140126,KHADIM
2022-04-12,244.0,246.6499938964844,237.0,241.6000061035156,241.6000061035156,32052,KHADIM
2022-04-13,243.0,245.6999969482422,238.9499969482422,239.6999969482422,239.6999969482422,19345,KHADIM
2022-04-18,238.1000061035156,241.8000030517578,232.5500030517578,233.6999969482422,233.6999969482422,27499,KHADIM
2022-04-19,235.0,245.0,234.75,237.1999969482422,237.1999969482422,42218,KHADIM
2022-04-20,238.0,243.4499969482422,234.5,239.3500061035156,239.3500061035156,20970,KHADIM
2022-04-21,241.0,242.9499969482422,236.0,239.1499938964844,239.1499938964844,34777,KHADIM
2022-04-22,244.0,244.6000061035156,236.5,237.8000030517578,237.8000030517578,44722,KHADIM
2022-04-25,232.0,236.75,231.1000061035156,232.1499938964844,232.1499938964844,31252,KHADIM
2022-04-26,234.0500030517578,278.5,234.0500030517578,271.70001220703125,271.70001220703125,1383597,KHADIM
2022-04-27,270.29998779296875,271.6499938964844,249.1999969482422,260.8500061035156,260.8500061035156,298653,KHADIM
2022-04-28,261.04998779296875,268.0,245.5,248.5,248.5,112019,KHADIM
2022-04-29,252.0,255.9499969482422,245.1000061035156,246.5,246.5,68213,KHADIM
2022-05-02,246.0,250.0,239.5,245.6499938964844,245.6499938964844,75483,KHADIM
2022-05-04,250.6000061035156,250.6000061035156,235.1499938964844,239.6000061035156,239.6000061035156,47874,KHADIM
2022-05-05,245.0,245.0,231.6000061035156,233.5500030517578,233.5500030517578,33575,KHADIM
2022-05-06,234.9499969482422,236.6999969482422,220.5,226.5,226.5,62243,KHADIM
2022-05-09,226.5,227.4499969482422,214.4499969482422,218.6499938964844,218.6499938964844,78791,KHADIM
2022-05-10,223.9499969482422,224.0,213.3000030517578,216.3999938964844,216.3999938964844,33206,KHADIM
2022-05-11,219.9499969482422,219.9499969482422,198.0500030517578,204.5,204.5,45922,KHADIM
2022-05-12,203.1000061035156,203.1000061035156,192.1999969482422,194.3999938964844,194.3999938964844,45972,KHADIM
2022-05-13,198.0,207.1000061035156,192.6000061035156,198.75,198.75,22368,KHADIM
2022-05-16,198.75,205.6000061035156,196.6000061035156,204.25,204.25,11666,KHADIM
2022-05-17,205.3000030517578,213.0,205.1000061035156,210.3999938964844,210.3999938964844,19229,KHADIM
2022-05-18,213.8999938964844,218.1999969482422,211.0,216.1000061035156,216.1000061035156,19786,KHADIM
2022-05-19,206.1000061035156,213.1000061035156,199.3500061035156,204.6999969482422,204.6999969482422,27614,KHADIM
2022-05-20,208.3500061035156,211.6999969482422,206.75,208.75,208.75,13068,KHADIM
2022-05-23,209.0,221.3500061035156,205.5500030517578,211.0,211.0,54043,KHADIM
2022-05-24,211.0,213.0,207.1499938964844,209.1000061035156,209.1000061035156,15358,KHADIM
2022-05-25,210.6000061035156,212.1999969482422,197.5500030517578,200.4499969482422,200.4499969482422,14840,KHADIM
2022-05-26,195.8999938964844,195.8999938964844,184.6999969482422,189.5500030517578,189.5500030517578,61043,KHADIM
2022-05-27,190.0,196.0,182.5,184.5,184.5,34971,KHADIM
2022-05-30,185.5,194.3999938964844,185.5,192.6499938964844,192.6499938964844,20623,KHADIM
2022-05-31,190.0,216.3000030517578,189.3500061035156,213.0500030517578,213.0500030517578,176612,KHADIM
2022-06-01,211.0,217.25,205.1000061035156,207.0500030517578,207.0500030517578,48812,KHADIM
2022-06-02,209.75,214.0,205.1999969482422,207.1499938964844,207.1499938964844,55732,KHADIM
2022-06-03,210.6000061035156,210.9499969482422,203.5,204.25,204.25,19345,KHADIM
2022-06-06,204.5,206.3500061035156,197.4499969482422,203.25,203.25,18868,KHADIM
2022-06-07,204.9499969482422,205.0,199.6000061035156,203.5500030517578,203.5500030517578,11673,KHADIM
2022-06-08,201.5500030517578,207.5500030517578,200.6000061035156,203.3000030517578,203.3000030517578,13419,KHADIM
2022-06-09,202.5500030517578,208.8500061035156,196.5500030517578,197.5,197.5,64190,KHADIM
2022-06-10,198.8999938964844,199.8000030517578,195.0,195.8000030517578,195.8000030517578,18298,KHADIM
2022-06-13,193.8000030517578,193.8000030517578,186.1000061035156,188.25,188.25,13640,KHADIM
2022-06-14,190.6999969482422,193.0,186.3999938964844,187.8999938964844,187.8999938964844,17481,KHADIM
2022-06-15,189.6499938964844,199.8999938964844,188.0,193.8999938964844,193.8999938964844,75231,KHADIM
2022-06-16,195.6000061035156,195.6000061035156,186.6000061035156,187.25,187.25,23411,KHADIM
2022-06-17,185.0500030517578,185.8000030517578,180.4499969482422,181.9499969482422,181.9499969482422,35623,KHADIM
2022-06-20,180.6000061035156,197.0,174.60000610351562,179.64999389648438,179.64999389648438,33291,KHADIM
2022-06-21,183.0,189.8999938964844,179.1999969482422,188.0,188.0,29239,KHADIM
2022-06-22,186.3500061035156,188.0500030517578,182.8500061035156,184.3500061035156,184.3500061035156,8156,KHADIM
2022-06-23,187.8500061035156,188.6999969482422,185.0,185.5,185.5,7822,KHADIM
2022-06-24,188.6999969482422,191.0,184.1000061035156,188.1499938964844,188.1499938964844,15982,KHADIM
2022-06-27,191.3000030517578,198.0,188.1000061035156,193.8000030517578,193.8000030517578,28230,KHADIM
2022-06-28,193.8000030517578,195.6000061035156,191.6000061035156,192.3000030517578,192.3000030517578,12593,KHADIM
2022-06-29,189.0,192.9499969482422,188.0,190.75,190.75,9019,KHADIM
2022-06-30,189.6000061035156,191.6999969482422,186.6000061035156,189.6999969482422,189.6999969482422,23642,KHADIM
2022-07-01,188.0,190.6499938964844,185.5,186.3999938964844,186.3999938964844,27313,KHADIM
2022-07-04,185.1000061035156,188.4499969482422,185.1000061035156,186.1499938964844,186.1499938964844,13256,KHADIM
2022-07-05,186.8999938964844,189.9499969482422,182.9499969482422,184.4499969482422,184.4499969482422,43288,KHADIM
2022-07-06,184.8999938964844,190.0,183.3999938964844,186.0,186.0,25323,KHADIM
2022-07-07,188.0,193.0,187.3500061035156,189.6999969482422,189.6999969482422,38053,KHADIM
2022-07-08,191.75,191.8000030517578,188.1499938964844,189.3500061035156,189.3500061035156,18443,KHADIM
2022-07-11,189.1000061035156,203.3999938964844,188.3000030517578,200.0,200.0,50984,KHADIM
2022-07-12,200.0,203.6499938964844,195.6000061035156,196.6499938964844,196.6499938964844,17491,KHADIM
2022-07-13,196.1499938964844,199.8999938964844,193.0500030517578,195.6000061035156,195.6000061035156,15161,KHADIM
2022-07-14,197.1999969482422,197.6000061035156,190.1000061035156,191.5500030517578,191.5500030517578,9786,KHADIM
2022-07-15,192.0,200.0,190.6499938964844,192.6000061035156,192.6000061035156,32687,KHADIM
2022-07-18,192.5,210.6999969482422,192.5,207.3999938964844,207.3999938964844,94057,KHADIM
2022-07-19,207.3999938964844,211.4499969482422,201.3000030517578,202.3999938964844,202.3999938964844,38310,KHADIM
2022-07-20,203.8999938964844,210.5,203.3999938964844,205.3999938964844,205.3999938964844,27589,KHADIM
2022-07-21,205.0500030517578,207.5,204.1000061035156,205.0,205.0,11605,KHADIM
2022-07-22,207.6000061035156,228.0,205.0,222.1999969482422,222.1999969482422,171995,KHADIM
2022-07-25,224.8000030517578,238.4499969482422,221.25,235.1499938964844,235.1499938964844,272954,KHADIM
2022-07-26,232.1000061035156,234.6999969482422,220.0,221.3500061035156,221.3500061035156,49246,KHADIM
2022-07-27,223.1999969482422,227.3000030517578,218.9499969482422,220.4499969482422,220.4499969482422,29308,KHADIM
2022-07-28,223.1999969482422,241.8000030517578,221.8000030517578,238.8000030517578,238.8000030517578,124885,KHADIM
2022-07-29,241.8000030517578,241.8000030517578,229.0,233.8500061035156,233.8500061035156,46935,KHADIM
2022-08-01,238.0,257.6499938964844,233.3000030517578,254.6000061035156,254.6000061035156,169011,KHADIM
2022-08-02,262.0,262.0,249.3999938964844,257.79998779296875,257.79998779296875,104412,KHADIM
2022-08-03,257.79998779296875,257.8500061035156,243.3500061035156,245.0,245.0,59710,KHADIM
2022-08-04,248.0,256.0,240.1499938964844,250.0500030517578,250.0500030517578,101059,KHADIM
2022-08-05,251.8999938964844,256.0,247.0500030517578,251.1000061035156,251.1000061035156,51818,KHADIM
2022-08-08,252.8999938964844,255.0,237.1000061035156,239.1999969482422,239.1999969482422,79139,KHADIM
2022-08-10,241.8000030517578,247.0,237.8000030517578,238.5500030517578,238.5500030517578,53282,KHADIM
2022-08-11,241.8999938964844,244.25,235.8500061035156,237.8999938964844,237.8999938964844,49716,KHADIM
2022-08-12,238.1999969482422,247.0,238.1999969482422,243.3000030517578,243.3000030517578,30339,KHADIM
2022-08-16,246.0,258.6000061035156,241.0,254.5500030517578,254.5500030517578,92560,KHADIM
2022-08-17,258.8999938964844,258.8999938964844,249.0,249.5,249.5,29994,KHADIM
2022-08-18,251.8000030517578,254.8999938964844,247.0,248.3999938964844,248.3999938964844,41092,KHADIM
2022-08-19,249.3000030517578,259.0,249.3000030517578,252.6999969482422,252.6999969482422,53352,KHADIM
2022-08-22,253.0,253.0,241.5500030517578,244.8500061035156,244.8500061035156,42141,KHADIM
2022-08-23,244.5,264.5,240.3500061035156,261.6499938964844,261.6499938964844,134113,KHADIM
2022-08-24,262.04998779296875,272.5,262.0,267.3500061035156,267.3500061035156,121290,KHADIM
2022-08-25,268.0,269.79998779296875,258.3500061035156,259.8500061035156,259.8500061035156,36120,KHADIM
2022-08-26,262.6000061035156,271.29998779296875,255.0500030517578,266.8500061035156,266.8500061035156,75507,KHADIM
2022-08-29,253.5500030517578,267.8999938964844,253.5500030517578,261.70001220703125,261.70001220703125,46014,KHADIM
2022-08-30,269.0,278.04998779296875,262.04998779296875,264.20001220703125,264.20001220703125,79059,KHADIM
2022-09-01,264.1499938964844,268.5,262.70001220703125,264.0,264.0,21481,KHADIM
2022-09-02,262.04998779296875,268.5,262.0,262.6499938964844,262.6499938964844,24675,KHADIM
2022-09-05,260.6499938964844,269.70001220703125,260.6499938964844,266.29998779296875,266.29998779296875,31020,KHADIM
2022-09-06,264.6000061035156,282.0,263.3999938964844,278.70001220703125,278.70001220703125,131134,KHADIM
2022-09-07,277.0,284.0,270.0,274.95001220703125,274.95001220703125,77130,KHADIM
2022-09-08,280.0,281.3999938964844,268.20001220703125,270.79998779296875,270.79998779296875,62682,KHADIM
2022-09-09,271.8999938964844,275.6000061035156,264.04998779296875,265.25,265.25,31436,KHADIM
2022-09-12,269.8999938964844,273.0,260.5,270.3999938964844,270.3999938964844,45372,KHADIM
2022-09-13,273.0,285.0,270.6000061035156,277.0,277.0,101171,KHADIM
2022-09-14,276.6499938964844,293.0,271.0,279.20001220703125,279.20001220703125,132121,KHADIM
2022-09-15,280.79998779296875,284.8999938964844,274.6499938964844,282.0,282.0,62639,KHADIM
2022-09-16,284.70001220703125,287.8999938964844,267.0,275.6499938964844,275.6499938964844,44177,KHADIM
2022-09-19,275.6499938964844,281.95001220703125,271.79998779296875,272.8999938964844,272.8999938964844,33952,KHADIM
2022-09-20,276.6000061035156,289.8999938964844,274.1000061035156,278.0,278.0,68072,KHADIM
2022-09-21,280.0,310.70001220703125,277.0,296.5,296.5,462932,KHADIM
2022-09-22,297.0,302.79998779296875,283.95001220703125,291.29998779296875,291.29998779296875,119145,KHADIM
2022-09-23,288.1000061035156,299.95001220703125,288.1000061035156,290.20001220703125,290.20001220703125,79424,KHADIM
2022-09-26,285.20001220703125,288.54998779296875,269.8999938964844,274.6499938964844,274.6499938964844,81585,KHADIM
2022-09-27,279.70001220703125,289.75,262.79998779296875,284.45001220703125,284.45001220703125,161139,KHADIM
2022-09-28,278.0,318.5,277.75,314.04998779296875,314.04998779296875,855706,KHADIM
2022-09-29,318.0,327.70001220703125,301.0,303.0,303.0,416979,KHADIM
2022-09-30,302.0,309.25,296.0,300.0,300.0,132411,KHADIM
2022-10-03,299.5,314.79998779296875,299.0,305.70001220703125,305.70001220703125,218059,KHADIM
2022-10-04,309.70001220703125,314.45001220703125,302.04998779296875,303.54998779296875,303.54998779296875,130988,KHADIM
2022-10-06,307.3999938964844,314.95001220703125,298.8500061035156,307.0,307.0,219563,KHADIM
2022-10-07,307.0,322.0,306.8999938964844,310.3999938964844,310.3999938964844,226835,KHADIM
2022-10-10,309.1499938964844,317.70001220703125,307.45001220703125,312.8999938964844,312.8999938964844,95348,KHADIM
2022-10-11,315.70001220703125,334.0,310.1000061035156,313.79998779296875,313.79998779296875,477617,KHADIM
2022-10-12,315.70001220703125,326.70001220703125,312.8500061035156,316.6499938964844,316.6499938964844,188921,KHADIM
2022-10-13,318.8500061035156,324.79998779296875,310.6000061035156,315.1499938964844,315.1499938964844,156846,KHADIM
2022-10-14,321.6000061035156,322.95001220703125,310.0,311.1499938964844,311.1499938964844,119633,KHADIM
2022-10-17,311.1499938964844,311.20001220703125,303.1000061035156,305.45001220703125,305.45001220703125,68523,KHADIM
2022-10-18,308.29998779296875,309.8500061035156,294.54998779296875,297.75,297.75,72559,KHADIM
2022-10-19,301.70001220703125,304.3999938964844,288.6499938964844,290.3500061035156,290.3500061035156,82053,KHADIM
2022-10-20,288.0,290.0,283.54998779296875,286.0,286.0,59236,KHADIM
2022-10-21,288.0,297.0,285.1000061035156,287.5,287.5,46303,KHADIM
2022-10-24,295.5,298.04998779296875,285.1000061035156,290.75,290.75,54999,KHADIM
2022-10-25,297.0,297.0,288.0,290.5,290.5,23503,KHADIM
2022-10-27,292.0,292.45001220703125,280.0,289.6499938964844,289.6499938964844,84105,KHADIM
2022-10-28,287.25,289.45001220703125,283.1000061035156,285.45001220703125,285.45001220703125,20862,KHADIM
2022-10-31,285.45001220703125,293.6000061035156,281.8999938964844,283.6000061035156,283.6000061035156,63943,KHADIM
2022-11-01,283.6000061035156,290.04998779296875,282.25,286.95001220703125,286.95001220703125,24635,KHADIM
2022-11-02,286.70001220703125,291.70001220703125,284.8500061035156,287.1000061035156,287.1000061035156,23714,KHADIM
2022-11-03,288.3999938964844,290.8999938964844,280.20001220703125,281.79998779296875,281.79998779296875,49459,KHADIM
2022-11-04,282.0,298.0,281.79998779296875,292.04998779296875,292.04998779296875,75820,KHADIM
2022-11-07,294.8500061035156,299.75,288.3500061035156,291.20001220703125,291.20001220703125,38683,KHADIM
2022-11-09,290.54998779296875,294.79998779296875,285.1000061035156,289.8500061035156,289.8500061035156,35595,KHADIM
2022-11-10,288.1499938964844,292.6499938964844,283.3500061035156,285.25,285.25,28935,KHADIM
2022-11-11,288.70001220703125,297.3500061035156,286.70001220703125,292.3500061035156,292.3500061035156,52860,KHADIM
2022-11-14,297.0,298.6000061035156,278.0,280.75,280.75,97566,KHADIM
2022-11-15,289.6499938964844,289.6499938964844,268.5,269.95001220703125,269.95001220703125,92172,KHADIM
2022-11-16,270.0,271.1499938964844,255.0,257.45001220703125,257.45001220703125,89071,KHADIM
2022-11-17,257.0,265.0,257.0,262.75,262.75,34794,KHADIM
2022-11-18,265.0,267.3999938964844,258.0,265.45001220703125,265.45001220703125,49128,KHADIM
2022-11-21,269.8999938964844,269.8999938964844,260.0,265.8500061035156,265.8500061035156,25497,KHADIM
2022-11-22,267.75,276.5,265.8500061035156,272.45001220703125,272.45001220703125,105048,KHADIM
2022-11-23,274.6499938964844,274.8500061035156,260.1000061035156,260.8999938964844,260.8999938964844,67470,KHADIM
2022-11-24,260.1000061035156,265.20001220703125,260.1000061035156,261.3999938964844,261.3999938964844,20546,KHADIM
2022-11-25,260.6499938964844,267.5,260.6499938964844,264.25,264.25,36049,KHADIM
2022-11-28,264.0,271.6000061035156,260.1499938964844,268.45001220703125,268.45001220703125,54126,KHADIM
2022-11-29,268.70001220703125,273.1000061035156,264.0,270.6499938964844,270.6499938964844,30896,KHADIM
2022-11-30,271.0,272.04998779296875,265.1000061035156,267.0,267.0,16181,KHADIM
2022-12-01,269.5,269.5,262.0,262.70001220703125,262.70001220703125,36259,KHADIM
2022-12-02,262.70001220703125,270.20001220703125,262.6499938964844,266.45001220703125,266.45001220703125,55036,KHADIM
2022-12-05,266.45001220703125,269.75,263.1499938964844,263.8999938964844,263.8999938964844,14498,KHADIM
2022-12-06,264.8500061035156,278.8500061035156,263.75,274.6000061035156,274.6000061035156,74600,KHADIM
2022-12-07,272.0,274.95001220703125,270.04998779296875,270.8500061035156,270.8500061035156,15218,KHADIM
2022-12-08,268.1499938964844,272.1000061035156,266.0,267.3999938964844,267.3999938964844,15232,KHADIM
2022-12-09,268.8999938964844,271.95001220703125,264.0,265.5,265.5,15117,KHADIM
2022-12-12,267.3500061035156,269.95001220703125,262.79998779296875,266.5,266.5,16420,KHADIM
2022-12-13,269.04998779296875,272.25,265.95001220703125,268.8500061035156,268.8500061035156,15293,KHADIM
2022-12-14,268.8500061035156,272.0,263.20001220703125,266.70001220703125,266.70001220703125,42044,KHADIM
2022-12-15,266.75,269.25,261.0,263.25,263.25,18154,KHADIM
2022-12-16,263.25,270.0,263.1499938964844,265.70001220703125,265.70001220703125,23689,KHADIM
2022-12-19,264.54998779296875,278.25,262.8500061035156,276.79998779296875,276.79998779296875,55100,KHADIM
2022-12-20,278.6000061035156,279.95001220703125,269.6000061035156,272.20001220703125,272.20001220703125,9269,KHADIM
2022-12-21,272.0,276.3999938964844,244.9499969482422,256.5,256.5,50423,KHADIM
2022-12-22,256.5,265.0,247.0,260.25,260.25,32141,KHADIM
2022-12-23,258.79998779296875,258.79998779296875,242.0500030517578,245.5500030517578,245.5500030517578,35184,KHADIM
2022-12-26,245.5500030517578,252.0,239.5500030517578,243.1499938964844,243.1499938964844,53294,KHADIM
2022-12-27,243.1999969482422,248.75,232.6999969482422,234.8500061035156,234.8500061035156,85612,KHADIM
2022-12-28,234.8500061035156,240.0,234.25,237.4499969482422,237.4499969482422,37797,KHADIM
2022-12-29,237.4499969482422,240.0,234.1000061035156,237.3999938964844,237.3999938964844,17273,KHADIM
2022-12-30,239.9499969482422,244.0,237.0,237.9499969482422,237.9499969482422,29383,KHADIM
2023-01-02,237.0500030517578,243.5500030517578,237.0500030517578,240.25,240.25,21513,KHADIM
2023-01-03,242.6499938964844,242.6499938964844,238.1000061035156,239.0,239.0,13419,KHADIM
2023-01-04,241.9499969482422,247.3000030517578,236.8500061035156,245.9499969482422,245.9499969482422,48040,KHADIM
2023-01-05,249.0,252.75,243.6999969482422,247.1000061035156,247.1000061035156,50803,KHADIM
2023-01-06,245.0500030517578,245.8000030517578,238.9499969482422,240.1499938964844,240.1499938964844,24737,KHADIM
2023-01-09,240.0,242.6000061035156,237.0500030517578,237.8000030517578,237.8000030517578,12385,KHADIM
2023-01-10,241.75,241.75,235.0,235.9499969482422,235.9499969482422,14089,KHADIM
2023-01-11,236.6999969482422,239.0,235.8500061035156,237.3999938964844,237.3999938964844,7040,KHADIM
2023-01-12,237.75,241.8000030517578,237.3500061035156,239.6000061035156,239.6000061035156,21703,KHADIM
2023-01-13,239.8999938964844,240.4499969482422,235.3500061035156,236.8999938964844,236.8999938964844,42601,KHADIM
2023-01-16,237.3500061035156,238.3500061035156,233.3999938964844,233.8999938964844,233.8999938964844,15050,KHADIM
2023-01-17,233.0500030517578,236.1999969482422,232.0,232.6999969482422,232.6999969482422,8200,KHADIM
2023-01-18,232.6000061035156,238.3000030517578,228.8500061035156,232.0500030517578,232.0500030517578,28812,KHADIM
2023-01-19,229.3999938964844,232.6999969482422,228.9499969482422,231.5,231.5,14681,KHADIM
2023-01-20,233.8999938964844,233.8999938964844,229.1000061035156,230.75,230.75,10501,KHADIM
2023-01-23,232.3500061035156,232.3500061035156,227.6499938964844,228.6499938964844,228.6499938964844,14161,KHADIM
2023-01-24,228.6499938964844,230.0,226.0,228.1499938964844,228.1499938964844,13597,KHADIM
2023-01-25,229.0,229.0,222.4499969482422,224.0500030517578,224.0500030517578,28217,KHADIM
2023-01-27,219.1499938964844,227.0,219.1499938964844,222.4499969482422,222.4499969482422,14122,KHADIM
2023-01-30,221.0500030517578,229.3999938964844,218.6999969482422,220.5,220.5,45809,KHADIM
2023-01-31,221.75,226.8999938964844,216.9499969482422,226.0,226.0,25312,KHADIM
2023-02-01,229.5,229.5500030517578,209.8000030517578,217.75,217.75,24784,KHADIM
2023-02-02,214.75,215.1499938964844,205.8999938964844,208.8000030517578,208.8000030517578,40377,KHADIM
2023-02-03,210.1999969482422,212.75,203.4499969482422,205.6499938964844,205.6499938964844,12790,KHADIM
2023-02-06,205.5,207.5,204.1000061035156,205.6999969482422,205.6999969482422,16714,KHADIM
2023-02-07,207.5,207.5,198.25,199.6000061035156,199.6000061035156,31827,KHADIM
2023-02-08,202.8500061035156,215.0,198.8999938964844,212.0500030517578,212.0500030517578,32623,KHADIM
2023-02-09,212.0500030517578,221.0,212.0500030517578,215.8000030517578,215.8000030517578,30107,KHADIM
2023-02-10,213.5,217.6499938964844,207.9499969482422,213.3999938964844,213.3999938964844,28252,KHADIM
2023-02-13,216.3999938964844,224.0,214.6000061035156,221.1499938964844,221.1499938964844,52131,KHADIM
2023-02-14,215.6000061035156,220.0500030517578,205.0,206.1999969482422,206.1999969482422,47862,KHADIM
2023-02-15,207.0500030517578,208.0,202.3500061035156,205.6000061035156,205.6000061035156,25258,KHADIM
2023-02-16,207.8999938964844,209.5,203.5500030517578,204.8500061035156,204.8500061035156,26446,KHADIM
2023-02-17,204.0500030517578,205.0,202.0500030517578,203.8500061035156,203.8500061035156,11099,KHADIM
2023-02-20,205.0,205.9499969482422,201.1999969482422,202.6999969482422,202.6999969482422,21403,KHADIM
2023-02-21,201.6999969482422,204.1999969482422,201.6999969482422,202.8000030517578,202.8000030517578,10567,KHADIM
2023-02-22,202.8000030517578,202.8000030517578,195.5500030517578,196.1999969482422,196.1999969482422,37864,KHADIM
2023-02-23,196.1999969482422,200.0,193.0500030517578,194.6999969482422,194.6999969482422,15586,KHADIM
2023-02-24,196.1499938964844,196.6000061035156,188.8999938964844,191.5,191.5,40146,KHADIM
2023-02-27,190.0500030517578,190.9499969482422,185.8000030517578,187.4499969482422,187.4499969482422,12718,KHADIM
2023-02-28,188.5,198.0,186.8000030517578,195.75,195.75,21084,KHADIM
2023-03-01,195.75,200.8000030517578,194.0500030517578,199.5500030517578,199.5500030517578,28933,KHADIM
2023-03-02,203.0,203.0,194.4499969482422,195.6000061035156,195.6000061035156,15052,KHADIM
2023-03-03,196.5,200.8500061035156,196.5,197.5500030517578,197.5500030517578,194504,KHADIM
2023-03-06,197.3999938964844,199.0,195.0,196.1499938964844,196.1499938964844,13285,KHADIM
2023-03-08,195.0,197.8999938964844,192.0500030517578,196.25,196.25,13059,KHADIM
2023-03-09,197.8999938964844,199.6999969482422,195.3500061035156,197.5,197.5,12469,KHADIM
2023-03-10,194.5500030517578,197.1999969482422,190.5500030517578,194.1000061035156,194.1000061035156,22147,KHADIM
2023-03-13,193.0,196.0500030517578,187.0,188.75,188.75,24381,KHADIM
2023-03-14,191.75,195.0,187.8500061035156,189.8500061035156,189.8500061035156,18618,KHADIM
2023-03-15,191.3500061035156,191.8500061035156,187.5,188.9499969482422,188.9499969482422,20194,KHADIM
2023-03-16,187.25,187.4499969482422,182.8000030517578,183.1499938964844,183.1499938964844,19601,KHADIM
2023-03-17,186.3999938964844,186.8500061035156,180.10000610351562,180.8999938964844,180.8999938964844,301070,KHADIM
2023-03-20,181.0500030517578,182.3500061035156,177.1999969482422,179.89999389648438,179.89999389648438,168408,KHADIM
2023-03-21,179.89999389648438,211.9499969482422,179.89999389648438,206.6999969482422,206.6999969482422,416443,KHADIM
2023-03-22,206.8500061035156,207.3999938964844,197.5,203.5,203.5,103313,KHADIM
2023-03-23,202.0,202.6000061035156,195.25,195.9499969482422,195.9499969482422,79709,KHADIM
2023-03-24,198.1499938964844,198.1499938964844,192.0,194.9499969482422,194.9499969482422,72012,KHADIM
2023-03-27,193.0,198.1000061035156,193.0,194.6999969482422,194.6999969482422,21316,KHADIM
2023-03-28,194.4499969482422,197.6999969482422,179.64999389648438,181.1999969482422,181.1999969482422,73645,KHADIM
2023-03-29,181.1999969482422,187.8500061035156,179.0500030517578,185.8000030517578,185.8000030517578,39142,KHADIM
2023-03-31,183.1999969482422,191.25,183.1999969482422,184.4499969482422,184.4499969482422,77837,KHADIM
2023-04-03,185.3999938964844,192.6999969482422,184.8500061035156,188.9499969482422,188.9499969482422,27085,KHADIM
2023-04-05,190.0,190.5500030517578,187.8999938964844,189.0,189.0,34750,KHADIM
2023-04-06,191.1000061035156,193.9499969482422,189.1499938964844,192.6999969482422,192.6999969482422,22967,KHADIM
2023-04-10,195.0,196.6499938964844,190.0,192.1999969482422,192.1999969482422,25295,KHADIM
2023-04-11,194.0500030517578,196.0500030517578,190.25,192.1999969482422,192.1999969482422,20556,KHADIM
2023-04-12,191.8999938964844,194.0,190.8000030517578,192.0500030517578,192.0500030517578,24864,KHADIM
2023-04-13,193.9499969482422,194.8500061035156,191.1999969482422,192.8500061035156,192.8500061035156,10582,KHADIM
2023-04-17,192.8500061035156,194.0,190.5500030517578,192.1999969482422,192.1999969482422,13400,KHADIM
2023-04-18,195.0,195.1999969482422,191.4499969482422,192.8000030517578,192.8000030517578,18883,KHADIM
2023-04-19,192.8000030517578,196.8000030517578,190.75,191.8000030517578,191.8000030517578,26571,KHADIM
2023-04-20,192.25,230.1499938964844,192.1999969482422,230.1499938964844,230.1499938964844,686552,KHADIM
2023-04-21,240.0500030517578,252.0,228.6000061035156,231.6000061035156,231.6000061035156,1225922,KHADIM
2023-04-24,233.6999969482422,233.6999969482422,215.1499938964844,216.8000030517578,216.8000030517578,146088,KHADIM
2023-04-25,219.0500030517578,233.0,217.0500030517578,226.8000030517578,226.8000030517578,165070,KHADIM
2023-04-26,227.0,234.3999938964844,221.8000030517578,227.0500030517578,227.0500030517578,65890,KHADIM
2023-04-27,227.1499938964844,236.3999938964844,227.1499938964844,229.6000061035156,229.6000061035156,50639,KHADIM
2023-04-28,231.5500030517578,234.8000030517578,224.25,225.8000030517578,225.8000030517578,54834,KHADIM
2023-05-02,225.8000030517578,230.3999938964844,224.5,225.75,225.75,34068,KHADIM
2023-05-03,225.75,229.9499969482422,222.5500030517578,226.5500030517578,226.5500030517578,20734,KHADIM
2023-05-04,228.8999938964844,234.0,227.0,227.9499969482422,227.9499969482422,54934,KHADIM
2023-05-05,227.8500061035156,241.3000030517578,225.6999969482422,233.0500030517578,233.0500030517578,166718,KHADIM
2023-05-08,234.3000030517578,235.1499938964844,228.0,230.0500030517578,230.0500030517578,26594,KHADIM
2023-05-09,233.8999938964844,234.6000061035156,225.0,225.8500061035156,225.8500061035156,42838,KHADIM
2023-05-10,225.8500061035156,230.0,225.0,226.6999969482422,226.6999969482422,15287,KHADIM
2023-05-11,227.9499969482422,230.9499969482422,226.0,226.8000030517578,226.8000030517578,21186,KHADIM
2023-05-12,225.25,230.1499938964844,225.25,227.9499969482422,227.9499969482422,22672,KHADIM
2023-05-15,230.0,230.0,224.6000061035156,226.9499969482422,226.9499969482422,17573,KHADIM
2023-05-16,226.9499969482422,229.1000061035156,225.0500030517578,225.6999969482422,225.6999969482422,21220,KHADIM
2023-05-17,225.75,230.5,220.0500030517578,225.1499938964844,225.1499938964844,74441,KHADIM
2023-05-18,229.0,229.0500030517578,221.6000061035156,222.5,222.5,24169,KHADIM
2023-05-19,223.9499969482422,225.0,220.4499969482422,222.75,222.75,10411,KHADIM
2023-05-22,223.25,226.1499938964844,221.75,223.6499938964844,223.6499938964844,12791,KHADIM
2023-05-23,227.8999938964844,232.0,223.5,230.5500030517578,230.5500030517578,46907,KHADIM
2023-05-24,231.9499969482422,237.0,229.0500030517578,230.8999938964844,230.8999938964844,105848,KHADIM
2023-05-25,234.8000030517578,234.8000030517578,220.0,224.1999969482422,224.1999969482422,56639,KHADIM
2023-05-26,226.6999969482422,227.8000030517578,224.8000030517578,225.8999938964844,225.8999938964844,18376,KHADIM
2023-05-29,227.1000061035156,229.6499938964844,226.4499969482422,227.6499938964844,227.6499938964844,17497,KHADIM
2023-05-30,225.3000030517578,229.5,224.0,225.25,225.25,13223,KHADIM
2023-05-31,225.6000061035156,227.1499938964844,225.0500030517578,225.5500030517578,225.5500030517578,13170,KHADIM
2023-06-01,227.0500030517578,229.75,225.4499969482422,226.1999969482422,226.1999969482422,23229,KHADIM
2023-06-02,226.8999938964844,229.5,223.6499938964844,225.5,225.5,31895,KHADIM
2023-06-05,227.0,227.0,221.0,223.1499938964844,223.1499938964844,33323,KHADIM
2023-06-06,225.6999969482422,225.6999969482422,222.8000030517578,223.0500030517578,223.0500030517578,17429,KHADIM
2023-06-07,224.0,227.9499969482422,223.0,224.3500061035156,224.3500061035156,32974,KHADIM
2023-06-08,225.0,226.3000030517578,222.0,222.25,222.25,20250,KHADIM
2023-06-09,223.0,228.5,221.0,225.1499938964844,225.1499938964844,32316,KHADIM
2023-06-12,223.5,228.4499969482422,223.5,224.5500030517578,224.5500030517578,25351,KHADIM
2023-06-13,227.9499969482422,245.8999938964844,225.5500030517578,240.1499938964844,240.1499938964844,458294,KHADIM
2023-06-14,241.75,242.5,235.8000030517578,238.6000061035156,238.6000061035156,135008,KHADIM
2023-06-15,237.8999938964844,238.8999938964844,231.1000061035156,232.3500061035156,232.3500061035156,64496,KHADIM
2023-06-16,234.3500061035156,236.1999969482422,231.0,231.6999969482422,231.6999969482422,25244,KHADIM
2023-06-19,232.6000061035156,237.6000061035156,226.5500030517578,228.1499938964844,228.1499938964844,41422,KHADIM
2023-06-20,228.5,230.75,227.1000061035156,229.1499938964844,229.1499938964844,23604,KHADIM
2023-06-21,229.3999938964844,237.0,228.1000061035156,230.9499969482422,230.9499969482422,71739,KHADIM
2023-06-22,232.6000061035156,234.25,227.1999969482422,228.6999969482422,228.6999969482422,28390,KHADIM
2023-06-23,228.6999969482422,229.0,224.3000030517578,225.1499938964844,225.1499938964844,23186,KHADIM
2023-06-26,226.0,227.3500061035156,224.0500030517578,224.8500061035156,224.8500061035156,19165,KHADIM
2023-06-27,228.0,228.8999938964844,225.1000061035156,227.3000030517578,227.3000030517578,19579,KHADIM
2023-06-28,227.3000030517578,229.0,224.5,225.3999938964844,225.3999938964844,13974,KHADIM
2023-06-30,225.6000061035156,228.4499969482422,223.0500030517578,223.8000030517578,223.8000030517578,29247,KHADIM
2023-07-03,224.75,226.5,222.1000061035156,223.8500061035156,223.8500061035156,25671,KHADIM
2023-07-04,223.8500061035156,225.6000061035156,215.8000030517578,217.1499938964844,217.1499938964844,69998,KHADIM
2023-07-05,218.5500030517578,220.6499938964844,216.3000030517578,219.0,219.0,23143,KHADIM
2023-07-06,218.0,219.8000030517578,216.0,216.6000061035156,216.6000061035156,38495,KHADIM
2023-07-07,216.0,222.25,215.9499969482422,217.6000061035156,217.6000061035156,55980,KHADIM
2023-07-10,218.5,219.0,213.8999938964844,215.1499938964844,215.1499938964844,32773,KHADIM
2023-07-11,215.1499938964844,221.8500061035156,215.1499938964844,219.5500030517578,219.5500030517578,39369,KHADIM
2023-07-12,224.6000061035156,228.1000061035156,221.0,222.3000030517578,222.3000030517578,69404,KHADIM
2023-07-13,222.8500061035156,224.5,215.9499969482422,217.1000061035156,217.1000061035156,38224,KHADIM
2023-07-14,218.5,233.9499969482422,217.8000030517578,229.6000061035156,229.6000061035156,114652,KHADIM
2023-07-17,230.3000030517578,250.8000030517578,230.3000030517578,247.9499969482422,247.9499969482422,521314,KHADIM
2023-07-18,248.9499969482422,256.95001220703125,246.0,247.8000030517578,247.8000030517578,312839,KHADIM
2023-07-19,248.6000061035156,250.8500061035156,240.0,240.8999938964844,240.8999938964844,92033,KHADIM
2023-07-20,241.6499938964844,243.3500061035156,236.3999938964844,237.9499969482422,237.9499969482422,66216,KHADIM
2023-07-21,237.9499969482422,243.0,233.4499969482422,235.0500030517578,235.0500030517578,84271,KHADIM
2023-07-24,232.3000030517578,236.8500061035156,225.3999938964844,227.1499938964844,227.1499938964844,122785,KHADIM
2023-07-25,228.8000030517578,234.0,227.5500030517578,230.6499938964844,230.6499938964844,49601,KHADIM
2023-07-26,230.6499938964844,239.8500061035156,229.6999969482422,233.5,233.5,73139,KHADIM
2023-07-27,234.8999938964844,236.25,230.5,230.8999938964844,230.8999938964844,33383,KHADIM
2023-07-28,231.0,233.8500061035156,227.6999969482422,228.6999969482422,228.6999969482422,32367,KHADIM
2023-07-31,229.6000061035156,235.0,226.0,229.6000061035156,229.6000061035156,38181,KHADIM
2023-08-01,229.8500061035156,231.3999938964844,225.0500030517578,226.1999969482422,226.1999969482422,60861,KHADIM
2023-08-02,226.1999969482422,232.8500061035156,226.1999969482422,231.6999969482422,231.6999969482422,55517,KHADIM
2023-08-03,230.9499969482422,241.3999938964844,230.8000030517578,236.8999938964844,236.8999938964844,126264,KHADIM
2023-08-04,239.0,242.0,236.3000030517578,239.1000061035156,239.1000061035156,56581,KHADIM
2023-08-07,239.9499969482422,241.6499938964844,236.1000061035156,239.6000061035156,239.6000061035156,23528,KHADIM
2023-08-08,239.6000061035156,244.0,236.3999938964844,238.3000030517578,238.3000030517578,43166,KHADIM
2023-08-09,234.0,240.75,234.0,236.75,236.75,29583,KHADIM
2023-08-10,239.8999938964844,239.8999938964844,234.3000030517578,239.3999938964844,239.3999938964844,29582,KHADIM
2023-08-11,231.8999938964844,235.0,222.5,232.1000061035156,232.1000061035156,160985,KHADIM
2023-08-14,234.8000030517578,266.5,231.6999969482422,255.5,255.5,1187228,KHADIM
2023-08-16,259.0,265.0,255.1999969482422,259.1499938964844,259.1499938964844,197472,KHADIM
2023-08-17,259.1499938964844,266.75,252.1499938964844,259.5,259.5,193427,KHADIM
2023-08-18,261.79998779296875,277.0,261.29998779296875,270.79998779296875,270.79998779296875,492949,KHADIM
2023-08-21,273.1499938964844,286.0,266.70001220703125,277.3999938964844,277.3999938964844,512105,KHADIM
2023-08-22,277.5,289.95001220703125,275.0,285.8500061035156,285.8500061035156,423909,KHADIM
2023-08-23,286.3999938964844,288.29998779296875,275.0,276.25,276.25,182567,KHADIM
2023-08-24,278.0,280.8999938964844,268.79998779296875,275.8999938964844,275.8999938964844,162634,KHADIM
2023-08-25,278.1000061035156,283.29998779296875,272.25,281.8999938964844,281.8999938964844,127707,KHADIM
2023-08-28,279.6000061035156,284.5,271.6000061035156,277.8500061035156,277.8500061035156,96780,KHADIM
2023-08-29,277.8999938964844,280.75,274.25,276.20001220703125,276.20001220703125,40248,KHADIM
2023-08-30,276.20001220703125,280.5,274.95001220703125,276.29998779296875,276.29998779296875,45392,KHADIM
2023-08-31,278.25,287.20001220703125,277.54998779296875,282.3500061035156,282.3500061035156,71910,KHADIM
2023-09-01,282.8999938964844,284.20001220703125,273.79998779296875,275.1000061035156,275.1000061035156,65395,KHADIM
2023-09-04,275.20001220703125,280.45001220703125,268.79998779296875,271.8999938964844,271.8999938964844,110656,KHADIM
2023-09-05,273.0,282.0,273.0,278.5,278.5,144351,KHADIM
2023-09-06,279.79998779296875,279.79998779296875,269.1000061035156,272.79998779296875,272.79998779296875,94584,KHADIM
2023-09-07,273.0,279.45001220703125,271.3500061035156,272.3999938964844,272.3999938964844,36482,KHADIM
2023-09-08,273.6499938964844,281.8500061035156,273.6499938964844,276.1000061035156,276.1000061035156,89364,KHADIM
2023-09-11,278.29998779296875,300.95001220703125,277.04998779296875,296.95001220703125,296.95001220703125,576696,KHADIM
2023-09-12,299.29998779296875,299.29998779296875,271.29998779296875,274.75,274.75,254143,KHADIM
2023-09-13,274.79998779296875,278.8999938964844,271.75,276.45001220703125,276.45001220703125,75565,KHADIM
2023-09-14,278.04998779296875,282.95001220703125,273.0,274.75,274.75,60249,KHADIM
2023-09-15,276.0,281.29998779296875,274.3999938964844,275.45001220703125,275.45001220703125,82635,KHADIM
2023-09-18,277.29998779296875,277.29998779296875,273.29998779296875,274.75,274.75,33538,KHADIM
2023-09-20,275.0,278.20001220703125,262.20001220703125,265.04998779296875,265.04998779296875,101268,KHADIM
2023-09-21,264.8999938964844,277.45001220703125,262.1000061035156,269.04998779296875,269.04998779296875,112688,KHADIM
2023-09-22,269.0,273.3500061035156,263.45001220703125,272.1499938964844,272.1499938964844,58580,KHADIM
2023-09-25,271.95001220703125,278.0,266.95001220703125,267.75,267.75,91420,KHADIM
2023-09-26,267.79998779296875,271.1000061035156,265.6499938964844,266.20001220703125,266.20001220703125,29239,KHADIM
2023-09-27,267.0,289.95001220703125,264.0,272.6499938964844,272.6499938964844,153344,KHADIM
2023-09-28,274.79998779296875,317.3999938964844,274.79998779296875,307.54998779296875,307.54998779296875,3499239,KHADIM
2023-09-29,309.0,326.3500061035156,304.54998779296875,320.25,320.25,1236633,KHADIM
2023-10-03,318.6499938964844,332.3999938964844,316.0,320.75,320.75,824213,KHADIM
2023-10-04,319.3500061035156,324.29998779296875,308.29998779296875,318.04998779296875,318.04998779296875,248614,KHADIM
2023-10-05,318.04998779296875,334.29998779296875,318.04998779296875,319.79998779296875,319.79998779296875,392171,KHADIM
2023-10-06,324.54998779296875,326.95001220703125,319.75,321.3500061035156,321.3500061035156,106302,KHADIM
2023-10-09,315.54998779296875,323.6000061035156,314.8500061035156,318.3500061035156,318.3500061035156,104400,KHADIM
2023-10-10,320.54998779296875,343.0,318.6000061035156,338.79998779296875,338.79998779296875,713500,KHADIM
2023-10-11,341.5,347.0,333.79998779296875,340.5,340.5,252131,KHADIM
2023-10-12,344.0,345.0,336.0,337.5,337.5,169537,KHADIM
2023-10-13,339.0,345.0,336.1000061035156,342.29998779296875,342.29998779296875,172744,KHADIM
2023-10-16,349.8500061035156,357.79998779296875,340.54998779296875,349.29998779296875,349.29998779296875,383424,KHADIM
2023-10-17,347.0,355.5,344.3500061035156,348.54998779296875,348.54998779296875,150074,KHADIM
2023-10-18,348.54998779296875,352.1000061035156,344.79998779296875,348.3999938964844,348.3999938964844,112010,KHADIM
2023-10-19,348.3999938964844,375.0,347.29998779296875,372.3500061035156,372.3500061035156,1143991,KHADIM
2023-10-20,370.9500122070313,378.2000122070313,363.3500061035156,371.75,371.75,423095,KHADIM
2023-10-23,374.0,386.9500122070313,356.70001220703125,366.2999877929688,366.2999877929688,402296,KHADIM
2023-10-25,367.0,389.1000061035156,366.1000061035156,385.0499877929688,385.0499877929688,430025,KHADIM
2023-10-26,391.3999938964844,391.3999938964844,371.2999877929688,384.1000061035156,384.1000061035156,258000,KHADIM
2023-10-27,385.0,421.3999938964844,384.1000061035156,403.3999938964844,403.3999938964844,682261,KHADIM
2023-10-30,424.8500061035156,424.8500061035156,401.7999877929688,404.8500061035156,404.8500061035156,253851,KHADIM
2023-10-31,408.7999877929688,408.7999877929688,385.1000061035156,388.1499938964844,388.1499938964844,151280,KHADIM
2023-11-01,391.9500122070313,408.0,391.9500122070313,403.1499938964844,403.1499938964844,291806,KHADIM
2023-11-02,407.2000122070313,411.0,392.5,394.6499938964844,394.6499938964844,89091,KHADIM
2023-11-03,398.5,402.0,388.0,389.1000061035156,389.1000061035156,94682,KHADIM
2023-11-06,392.2000122070313,407.7000122070313,385.3999938964844,404.0499877929688,404.0499877929688,140232,KHADIM
2023-11-07,403.0,415.8999938964844,396.1499938964844,407.0499877929688,407.0499877929688,48262,KHADIM
2023-11-08,405.7999877929688,417.0,403.0,405.7000122070313,405.7000122070313,35676,KHADIM
2023-11-09,405.0,410.5,395.3999938964844,397.0499877929688,397.0499877929688,30392,KHADIM
2023-11-10,392.1499938964844,399.0,377.2000122070313,377.2000122070313,377.2000122070313,38265,KHADIM
2023-11-13,351.0,351.0,340.45001220703125,340.6000061035156,340.6000061035156,77175,KHADIM
2023-11-15,341.1000061035156,357.6000061035156,332.0,357.6000061035156,357.6000061035156,34683,KHADIM
2023-11-16,360.6000061035156,375.0,355.04998779296875,373.5,373.5,48746,KHADIM
2023-11-17,373.0,377.9500122070313,360.0,368.1000061035156,368.1000061035156,31340,KHADIM
2023-11-20,368.1000061035156,368.1000061035156,360.20001220703125,364.0,364.0,19353,KHADIM
2023-11-21,364.0,365.0,351.6499938964844,364.1499938964844,364.1499938964844,30468,KHADIM
2023-11-22,373.9500122070313,382.3500061035156,367.1499938964844,382.3500061035156,382.3500061035156,39629,KHADIM
2023-11-23,393.7000122070313,393.7000122070313,377.0,388.1000061035156,388.1000061035156,29911,KHADIM
2023-11-24,392.8999938964844,395.0,380.0,382.7999877929688,382.7999877929688,23588,KHADIM
2023-11-28,388.7000122070313,401.8999938964844,388.7000122070313,401.8999938964844,401.8999938964844,64835,KHADIM
2023-11-29,404.8999938964844,409.0,391.6499938964844,397.2999877929688,397.2999877929688,47975,KHADIM
2023-11-30,397.2999877929688,398.0,377.4500122070313,382.8999938964844,382.8999938964844,51996,KHADIM
2023-12-01,382.7000122070313,386.8999938964844,376.0,378.0,378.0,20448,KHADIM
2023-12-04,378.0499877929688,387.5,370.5499877929688,376.6499938964844,376.6499938964844,18269,KHADIM
2023-12-05,370.25,379.8999938964844,369.1000061035156,370.6000061035156,370.6000061035156,20732,KHADIM
2023-12-06,370.0,373.9500122070313,361.5499877929688,369.3999938964844,369.3999938964844,22319,KHADIM
2023-12-07,370.0,387.8500061035156,365.5,387.8500061035156,387.8500061035156,58625,KHADIM
2023-12-08,392.5,402.0,377.5499877929688,387.3999938964844,387.3999938964844,37470,KHADIM
2023-12-11,387.3999938964844,396.0,372.7999877929688,386.3500061035156,386.3500061035156,32805,KHADIM
2023-12-12,389.0,393.0,381.25,387.3500061035156,387.3500061035156,20905,KHADIM
2023-12-13,397.0,398.4500122070313,382.5,393.8500061035156,393.8500061035156,31201,KHADIM
2023-12-14,400.8999938964844,400.8999938964844,385.0,389.1000061035156,389.1000061035156,34824,KHADIM
2023-12-15,389.0,391.4500122070313,382.2000122070313,385.3500061035156,385.3500061035156,26931,KHADIM
2023-12-18,382.1499938964844,389.7999877929688,378.0,380.5,380.5,17497,KHADIM
2023-12-19,381.0,387.8500061035156,370.1000061035156,374.9500122070313,374.9500122070313,54872,KHADIM
2023-12-20,383.4500122070313,383.4500122070313,356.20001220703125,357.20001220703125,357.20001220703125,43708,KHADIM
2023-12-21,352.1499938964844,367.8999938964844,348.6000061035156,365.0499877929688,365.0499877929688,31623,KHADIM
2023-12-22,365.0,371.75,363.0,370.5,370.5,61432,KHADIM
2023-12-26,370.5,374.8999938964844,361.0,365.75,365.75,17133,KHADIM
2023-12-27,362.1499938964844,369.8999938964844,356.0,362.7000122070313,362.7000122070313,33904,KHADIM
2023-12-28,366.0,369.0,350.0,350.6499938964844,350.6499938964844,24620,KHADIM
2023-12-29,351.25,359.79998779296875,349.0,356.3999938964844,356.3999938964844,27467,KHADIM
2024-01-01,359.95001220703125,359.95001220703125,348.1499938964844,351.8999938964844,351.8999938964844,22663,KHADIM
2024-01-02,358.0,358.0,347.0,353.29998779296875,353.29998779296875,16885,KHADIM
2024-01-03,353.29998779296875,361.0,344.70001220703125,358.3999938964844,358.3999938964844,50184,KHADIM
2024-01-04,358.3999938964844,362.7999877929688,348.25,350.04998779296875,350.04998779296875,20836,KHADIM
2024-01-05,354.8999938964844,367.0,350.1499938964844,360.6000061035156,360.6000061035156,30487,KHADIM
2024-01-08,366.3999938964844,370.0,357.5,359.95001220703125,359.95001220703125,24301,KHADIM
2024-01-09,360.0,366.7999877929688,352.5,362.6499938964844,362.6499938964844,60488,KHADIM
2024-01-10,364.9500122070313,364.9500122070313,353.0,354.45001220703125,354.45001220703125,41406,KHADIM
2024-01-11,359.6000061035156,359.6000061035156,350.25,352.79998779296875,352.79998779296875,12800,KHADIM
2024-01-12,352.79998779296875,359.79998779296875,349.0,354.6499938964844,354.6499938964844,15799,KHADIM
2024-01-15,351.04998779296875,358.8999938964844,349.0,352.3999938964844,352.3999938964844,13403,KHADIM
2024-01-16,349.1499938964844,355.8500061035156,346.20001220703125,347.45001220703125,347.45001220703125,13448,KHADIM
2024-01-17,347.45001220703125,350.1000061035156,338.45001220703125,345.8999938964844,345.8999938964844,16327,KHADIM
2024-01-18,345.8999938964844,354.45001220703125,340.0,351.1000061035156,351.1000061035156,17112,KHADIM
2024-01-19,355.0,368.6499938964844,347.0,359.0,359.0,78939,KHADIM
2024-01-23,358.8999938964844,370.1499938964844,351.1499938964844,370.1499938964844,370.1499938964844,111913,KHADIM
2024-01-24,373.0,388.6499938964844,371.0,388.6499938964844,388.6499938964844,75832,KHADIM
2024-01-25,390.0,395.0,380.25,391.7000122070313,391.7000122070313,61336,KHADIM
2024-01-29,399.0,401.0,385.0,386.7999877929688,386.7999877929688,37988,KHADIM
2024-01-30,387.1499938964844,392.0,370.2000122070313,381.0,381.0,19781,KHADIM
2024-01-31,389.4500122070313,390.0,370.7999877929688,376.25,376.25,61087,KHADIM
2024-02-01,376.25,389.7999877929688,376.25,385.4500122070313,385.4500122070313,29808,KHADIM
2024-02-02,381.1499938964844,391.9500122070313,373.1000061035156,375.7999877929688,375.7999877929688,41294,KHADIM
2024-02-05,382.0,387.7999877929688,366.0499877929688,368.1000061035156,368.1000061035156,42190,KHADIM
2024-02-06,373.7000122070313,373.7000122070313,360.1499938964844,365.5499877929688,365.5499877929688,35004,KHADIM
2024-02-07,365.5,383.0,365.5,376.6000061035156,376.6000061035156,22996,KHADIM
2024-02-08,382.25,394.0,367.7999877929688,380.7999877929688,380.7999877929688,59026,KHADIM
2024-02-09,375.1000061035156,418.0,375.1000061035156,392.6000061035156,392.6000061035156,323379,KHADIM
2024-02-12,413.9500122070313,413.9500122070313,353.3500061035156,354.04998779296875,354.04998779296875,75945,KHADIM
2024-02-13,359.75,374.5,333.0,365.2000122070313,365.2000122070313,52430,KHADIM
2024-02-14,354.0,369.75,354.0,362.3500061035156,362.3500061035156,26208,KHADIM
2024-02-15,372.0,372.0,346.1000061035156,350.1000061035156,350.1000061035156,49064,KHADIM
2024-02-16,350.1499938964844,363.0,342.5,359.54998779296875,359.54998779296875,221692,KHADIM
2024-02-19,373.0,373.0,361.1499938964844,364.3500061035156,364.3500061035156,68803,KHADIM
2024-02-20,368.0,369.1499938964844,361.6000061035156,364.0,364.0,15203,KHADIM
2024-02-21,369.5,373.2999877929688,367.5499877929688,369.1499938964844,369.1499938964844,39706,KHADIM
2024-02-22,369.1499938964844,375.9500122070313,368.5499877929688,369.1000061035156,369.1000061035156,26475,KHADIM
2024-02-23,374.6499938964844,385.0,365.5499877929688,374.0,374.0,130533,KHADIM
2024-02-26,374.0,378.4500122070313,366.0499877929688,369.2999877929688,369.2999877929688,18407,KHADIM
2024-02-27,366.7999877929688,379.9500122070313,362.5499877929688,368.7000122070313,368.7000122070313,30798,KHADIM
2024-02-28,370.5499877929688,375.9500122070313,368.0,369.8999938964844,369.8999938964844,31040,KHADIM
2024-02-29,371.3500061035156,373.9500122070313,353.54998779296875,359.8500061035156,359.8500061035156,20997,KHADIM
2024-03-01,359.8500061035156,364.8999938964844,351.0,353.0,353.0,25937,KHADIM
2024-03-04,353.0,359.70001220703125,348.6000061035156,351.95001220703125,351.95001220703125,20989,KHADIM
2024-03-05,351.1499938964844,355.0,342.6499938964844,344.75,344.75,27435,KHADIM
2024-03-06,346.1499938964844,346.1499938964844,325.79998779296875,337.1000061035156,337.1000061035156,36644,KHADIM
2024-03-07,337.1000061035156,346.45001220703125,334.29998779296875,336.8999938964844,336.8999938964844,21919,KHADIM
2024-03-11,337.5,342.8500061035156,315.25,318.5,318.5,40946,KHADIM
2024-03-12,317.8999938964844,317.8999938964844,302.54998779296875,314.8500061035156,314.8500061035156,35015,KHADIM
2024-03-13,312.0,315.1000061035156,301.0,305.8500061035156,305.8500061035156,55961,KHADIM
2024-03-14,303.0,309.95001220703125,293.8999938964844,295.04998779296875,295.04998779296875,52253,KHADIM
2024-03-15,294.25,309.8999938964844,289.8500061035156,303.04998779296875,303.04998779296875,65198,KHADIM
2024-03-18,303.29998779296875,328.0,303.29998779296875,319.6000061035156,319.6000061035156,98935,KHADIM
2024-03-19,317.0,321.04998779296875,307.6499938964844,310.04998779296875,310.04998779296875,15957,KHADIM
2024-03-20,314.0,317.70001220703125,303.95001220703125,307.54998779296875,307.54998779296875,16825,KHADIM
2024-03-21,317.0,334.75,311.0,330.79998779296875,330.79998779296875,45943,KHADIM
2024-03-22,332.04998779296875,340.0,325.0,328.5,328.5,25564,KHADIM
2024-03-26,339.0,339.0,320.0,324.70001220703125,324.70001220703125,14544,KHADIM
2024-03-27,324.75,330.0,304.6000061035156,308.3999938964844,308.3999938964844,50023,KHADIM
2024-03-28,309.6499938964844,318.8500061035156,306.0,306.29998779296875,306.29998779296875,47466,KHADIM
2024-04-01,307.54998779296875,324.0,304.3500061035156,320.95001220703125,320.95001220703125,16594,KHADIM
2024-04-02,330.0,332.0,318.5,326.3500061035156,326.3500061035156,13468,KHADIM
2024-04-03,326.3500061035156,332.0,325.0,328.70001220703125,328.70001220703125,11594,KHADIM
2024-04-04,333.0,353.0,332.04998779296875,335.8999938964844,335.8999938964844,38406,KHADIM
2024-04-05,335.8999938964844,344.95001220703125,335.8999938964844,338.29998779296875,338.29998779296875,22263,KHADIM
2024-04-08,338.29998779296875,354.0,334.0,341.45001220703125,341.45001220703125,42175,KHADIM
2024-04-09,341.45001220703125,344.29998779296875,330.0,336.6499938964844,336.6499938964844,17990,KHADIM
2024-04-10,336.70001220703125,341.0,327.79998779296875,331.25,331.25,8197,KHADIM
2024-04-12,334.95001220703125,334.95001220703125,322.0,327.5,327.5,14678,KHADIM
2024-04-15,310.0,334.95001220703125,310.0,330.3500061035156,330.3500061035156,25538,KHADIM
2024-04-16,330.3500061035156,344.0,330.1000061035156,342.20001220703125,342.20001220703125,23156,KHADIM
2024-04-18,342.25,355.29998779296875,340.5,350.3999938964844,350.3999938964844,39992,KHADIM
2024-04-19,340.95001220703125,359.45001220703125,340.95001220703125,356.5,356.5,31798,KHADIM
2024-04-22,362.6499938964844,362.6499938964844,350.25,351.8999938964844,351.8999938964844,11071,KHADIM
2024-04-23,350.6000061035156,357.0,350.6000061035156,355.75,355.75,10648,KHADIM
2024-04-24,358.25,367.75,357.6499938964844,363.5499877929688,363.5499877929688,28948,KHADIM
2024-04-25,367.0,370.0,360.0,366.1000061035156,366.1000061035156,16925,KHADIM
2024-04-26,366.3999938964844,368.7999877929688,348.0,350.6000061035156,350.6000061035156,36056,KHADIM
2024-04-29,364.7000122070313,365.0,346.70001220703125,353.3999938964844,353.3999938964844,28985,KHADIM
2024-04-30,359.0,359.70001220703125,348.0,348.3500061035156,348.3500061035156,18888,KHADIM
2024-05-02,348.3500061035156,355.5,348.04998779296875,354.3999938964844,354.3999938964844,12350,KHADIM
2024-05-03,355.79998779296875,357.04998779296875,349.0,350.95001220703125,350.95001220703125,15674,KHADIM
2024-05-06,350.95001220703125,359.20001220703125,340.0,341.04998779296875,341.04998779296875,17502,KHADIM
2024-05-07,343.75,367.25,333.04998779296875,362.5,362.5,58553,KHADIM
2024-05-08,362.4500122070313,375.0,353.3999938964844,368.75,368.75,24942,KHADIM
2024-05-09,353.0,371.9500122070313,350.3999938964844,359.5,359.5,38378,KHADIM
2024-05-10,363.0,367.3999938964844,351.8500061035156,353.0,353.0,10517,KHADIM
2024-05-13,346.8999938964844,364.9500122070313,346.8999938964844,359.79998779296875,359.79998779296875,14448,KHADIM
2024-05-14,355.0,361.0499877929688,349.0,353.20001220703125,353.20001220703125,17760,KHADIM
2024-05-15,354.6499938964844,358.79998779296875,352.0,353.3999938964844,353.3999938964844,12144,KHADIM
2024-05-16,351.1000061035156,361.1499938964844,351.1000061035156,353.54998779296875,353.54998779296875,10719,KHADIM
2024-05-17,353.95001220703125,367.6499938964844,353.0,362.8500061035156,362.8500061035156,12710,KHADIM
2024-05-21,370.2000122070313,370.2000122070313,352.0,357.3500061035156,357.3500061035156,13618,KHADIM
2024-05-22,362.0,362.0,352.04998779296875,355.04998779296875,355.04998779296875,12609,KHADIM
2024-05-23,352.0,359.95001220703125,352.0,353.0,353.0,18380,KHADIM
2024-05-24,358.95001220703125,358.95001220703125,346.6000061035156,348.1499938964844,348.1499938964844,35076,KHADIM
2024-05-27,339.3999938964844,339.3999938964844,320.0,320.8500061035156,320.8500061035156,70460,KHADIM
2024-05-28,320.8500061035156,324.95001220703125,316.0,319.54998779296875,319.54998779296875,18297,KHADIM
2024-05-29,318.6000061035156,318.75,312.20001220703125,315.6000061035156,315.6000061035156,26082,KHADIM
2024-05-30,317.3500061035156,320.0,314.5,315.0,315.0,18215,KHADIM
2024-05-31,312.1499938964844,316.29998779296875,308.6000061035156,309.3999938964844,309.3999938964844,11024,KHADIM
2024-06-03,312.0,317.95001220703125,309.95001220703125,314.5,314.5,12137,KHADIM
2024-06-04,315.70001220703125,315.70001220703125,281.04998779296875,299.95001220703125,299.95001220703125,25218,KHADIM
2024-06-05,301.1499938964844,320.0,295.04998779296875,303.25,303.25,22408,KHADIM
2024-06-06,304.0,324.04998779296875,303.54998779296875,320.5,320.5,20432,KHADIM
2024-06-07,321.45001220703125,327.0,315.54998779296875,320.3500061035156,320.3500061035156,15340,KHADIM
2024-06-10,325.1499938964844,341.0,321.0,330.6000061035156,330.6000061035156,88528,KHADIM
2024-06-11,328.8999938964844,346.95001220703125,325.0,339.79998779296875,339.79998779296875,49828,KHADIM
2024-06-12,339.75,343.70001220703125,330.1000061035156,330.6499938964844,330.6499938964844,21306,KHADIM
2024-06-13,330.70001220703125,335.0,328.29998779296875,333.79998779296875,333.79998779296875,16547,KHADIM
2024-06-14,334.0,341.0,330.8500061035156,337.20001220703125,337.20001220703125,35048,KHADIM
2024-06-18,340.0,345.04998779296875,332.79998779296875,334.54998779296875,334.54998779296875,49780,KHADIM
2024-06-19,334.95001220703125,342.0,326.6000061035156,338.04998779296875,338.04998779296875,91341,KHADIM
2024-06-20,338.1000061035156,362.0,338.1000061035156,345.95001220703125,345.95001220703125,104823,KHADIM
2024-06-21,388.7999877929688,397.1000061035156,361.3500061035156,374.6000061035156,374.6000061035156,632665,KHADIM
2024-06-24,366.0,371.3999938964844,345.70001220703125,349.3500061035156,349.3500061035156,156871,KHADIM
2024-06-25,357.6000061035156,360.9500122070313,346.29998779296875,347.45001220703125,347.45001220703125,63674,KHADIM
2024-06-26,349.70001220703125,359.0,347.45001220703125,351.04998779296875,351.04998779296875,40452,KHADIM
2024-06-27,351.04998779296875,357.20001220703125,346.54998779296875,348.6000061035156,348.6000061035156,47063,KHADIM
2024-06-28,348.6000061035156,358.0,347.54998779296875,349.70001220703125,349.70001220703125,45011,KHADIM
2024-07-01,347.25,356.0,347.1000061035156,348.79998779296875,348.79998779296875,24933,KHADIM
2024-07-02,349.79998779296875,378.8500061035156,349.1000061035156,373.75,373.75,126570,KHADIM
2024-07-03,373.75,374.7000122070313,354.29998779296875,367.3999938964844,367.3999938964844,41635,KHADIM
2024-07-04,367.3999938964844,372.7999877929688,364.0,364.8500061035156,364.8500061035156,29596,KHADIM
2024-07-05,361.1499938964844,370.0,359.54998779296875,363.2000122070313,363.2000122070313,48082,KHADIM
2024-07-08,363.2000122070313,368.6499938964844,361.3999938964844,362.5,362.5,21159,KHADIM
2024-07-09,362.5,366.25,361.3500061035156,361.75,361.75,16850,KHADIM
2024-07-10,361.8999938964844,365.0,355.04998779296875,357.3500061035156,357.3500061035156,38688,KHADIM
2024-07-11,357.3500061035156,366.0,355.54998779296875,359.1000061035156,359.1000061035156,24464,KHADIM
2024-07-12,360.5,360.5,351.75,352.70001220703125,352.70001220703125,20035,KHADIM
2024-07-15,353.8999938964844,364.4500122070313,353.8999938964844,361.75,361.75,35414,KHADIM
2024-07-16,369.0499877929688,374.2999877929688,364.6000061035156,368.8999938964844,368.8999938964844,66035,KHADIM
2024-07-18,372.0,377.0,363.3500061035156,365.5499877929688,365.5499877929688,25677,KHADIM
2024-07-19,365.5499877929688,369.4500122070313,351.20001220703125,352.20001220703125,352.20001220703125,23126,KHADIM
2024-07-22,351.6000061035156,360.5499877929688,351.6000061035156,357.3500061035156,357.3500061035156,18178,KHADIM
2024-07-23,356.1000061035156,380.0,352.3999938964844,377.5,377.5,91664,KHADIM
2024-07-24,376.5,408.8500061035156,375.0,397.75,397.75,587932,KHADIM
2024-07-25,392.5,419.25,385.6000061035156,393.2000122070313,393.2000122070313,334274,KHADIM
2024-07-26,393.2000122070313,394.3500061035156,380.0,383.25,383.25,74180,KHADIM
2024-07-29,382.25,417.25,382.25,408.7999877929688,408.7999877929688,470629,KHADIM
2024-07-30,408.5499877929688,434.0,408.5,424.4500122070313,424.4500122070313,517028,KHADIM
2024-07-31,427.0,439.8999938964844,410.7999877929688,434.0499877929688,434.0499877929688,384389,KHADIM
2024-08-01,435.0,440.0,420.9500122070313,427.5499877929688,427.5499877929688,112851,KHADIM
2024-08-02,422.0,438.8999938964844,420.0,432.75,432.75,99095,KHADIM
2024-08-05,421.0,428.5,400.3999938964844,404.0499877929688,404.0499877929688,88945,KHADIM
2024-08-06,413.5,419.2000122070313,387.2999877929688,390.3999938964844,390.3999938964844,57944,KHADIM
2024-08-07,396.0,406.1499938964844,385.9500122070313,399.3999938964844,399.3999938964844,67633,KHADIM
2024-08-08,399.3999938964844,406.8500061035156,388.25,392.3500061035156,392.3500061035156,40674,KHADIM
2024-08-09,393.4500122070313,395.1000061035156,371.0,372.3999938964844,372.3999938964844,97608,KHADIM
2024-08-12,369.0,380.2999877929688,369.0,375.1000061035156,375.1000061035156,34130,KHADIM
2024-08-13,379.6499938964844,379.6499938964844,365.0,366.8999938964844,366.8999938964844,26658,KHADIM
2024-08-14,368.3500061035156,368.3500061035156,356.29998779296875,362.1000061035156,362.1000061035156,23097,KHADIM
2024-08-16,363.0,369.4500122070313,352.04998779296875,361.3500061035156,361.3500061035156,40474,KHADIM
2024-08-19,361.3500061035156,375.9500122070313,361.3500061035156,371.0499877929688,371.0499877929688,25625,KHADIM
2024-08-20,372.75,373.7000122070313,363.1499938964844,368.0,368.0,15352,KHADIM
2024-08-21,373.5,373.5,358.75,360.0,360.0,31882,KHADIM
2024-08-22,365.3999938964844,369.8500061035156,359.20001220703125,361.3999938964844,361.3999938964844,28226,KHADIM
2024-08-23,363.8500061035156,374.8999938964844,359.0,361.25,361.25,30417,KHADIM
2024-08-26,364.1000061035156,364.1000061035156,356.95001220703125,358.0,358.0,14964,KHADIM
2024-08-27,363.3500061035156,363.3500061035156,355.1000061035156,357.8500061035156,357.8500061035156,15129,KHADIM
2024-08-28,357.6000061035156,363.4500122070313,356.0,360.3999938964844,360.3999938964844,19236,KHADIM
2024-08-29,364.6499938964844,364.6499938964844,357.75,359.1000061035156,359.1000061035156,12429,KHADIM
2024-08-30,361.8500061035156,365.2999877929688,358.0,358.45001220703125,358.45001220703125,16899,KHADIM
2024-09-02,365.0,365.0,352.45001220703125,357.5,357.5,17804,KHADIM
2024-09-03,361.0,362.0499877929688,351.6000061035156,353.1000061035156,353.1000061035156,15699,KHADIM
2024-09-04,353.1000061035156,369.7000122070313,351.6000061035156,362.1499938964844,362.1499938964844,70144,KHADIM
2024-09-05,374.0,374.0,365.1499938964844,371.6499938964844,371.6499938964844,31749,KHADIM
2024-09-06,370.0,373.0,361.2000122070313,365.75,365.75,26078,KHADIM
2024-09-09,361.2000122070313,364.5,353.3500061035156,357.79998779296875,357.79998779296875,17297,KHADIM
2024-09-10,357.79998779296875,373.0,357.79998779296875,368.4500122070313,368.4500122070313,17933,KHADIM
2024-09-11,368.7999877929688,394.0,364.0,366.5499877929688,366.5499877929688,109284,KHADIM
2024-09-12,370.0,375.2000122070313,358.04998779296875,362.1499938964844,362.1499938964844,28972,KHADIM
2024-09-13,363.25,369.8999938964844,362.1499938964844,363.1499938964844,363.1499938964844,19447,KHADIM
2024-09-16,364.6499938964844,365.0499877929688,353.54998779296875,359.25,359.25,17917,KHADIM
2024-09-17,359.8999938964844,367.75,356.29998779296875,363.7999877929688,363.7999877929688,31747,KHADIM
2024-09-18,365.1000061035156,368.7000122070313,356.3999938964844,359.95001220703125,359.95001220703125,30530,KHADIM
2024-09-19,360.8500061035156,364.2000122070313,358.1499938964844,361.3999938964844,361.3999938964844,13191,KHADIM
2024-09-20,363.0,367.7000122070313,359.8500061035156,365.7000122070313,365.7000122070313,13359,KHADIM
2024-09-23,367.0,373.5,363.0,364.4500122070313,364.4500122070313,19423,KHADIM
2024-09-24,364.3999938964844,367.4500122070313,361.2000122070313,362.2999877929688,362.2999877929688,6974,KHADIM
2024-09-25,363.1499938964844,399.8999938964844,361.2000122070313,390.3999938964844,390.3999938964844,185592,KHADIM
2024-09-26,390.3500061035156,398.0,375.7999877929688,392.2000122070313,392.2000122070313,88485,KHADIM
2024-09-27,393.1499938964844,393.8999938964844,374.8500061035156,376.4500122070313,376.4500122070313,45610,KHADIM
2024-09-30,379.0,394.8500061035156,375.2000122070313,378.4500122070313,378.4500122070313,48664,KHADIM
2024-10-01,379.5,385.0,372.4500122070313,375.4500122070313,375.4500122070313,20025,KHADIM
2024-10-03,375.0,383.2000122070313,371.2999877929688,372.5499877929688,372.5499877929688,23540,KHADIM
2024-10-04,371.2999877929688,376.8500061035156,361.2000122070313,361.7999877929688,361.7999877929688,34283,KHADIM
2024-10-07,361.2999877929688,367.7999877929688,361.2000122070313,363.0,363.0,29503,KHADIM
2024-10-08,361.2000122070313,384.9500122070313,361.2000122070313,375.7000122070313,375.7000122070313,15814,KHADIM
2024-10-09,372.5499877929688,388.0,368.0,369.25,369.25,40534,KHADIM
2024-10-10,373.0,386.0,369.2000122070313,382.2000122070313,382.2000122070313,15040,KHADIM
2024-10-11,375.2000122070313,385.0,375.2000122070313,380.75,380.75,9278,KHADIM
2024-10-14,380.75,399.0,378.7999877929688,391.6499938964844,391.6499938964844,53924,KHADIM
2024-10-15,398.9500122070313,399.7999877929688,382.8999938964844,386.1000061035156,386.1000061035156,23141,KHADIM
2024-10-16,382.7000122070313,420.0,374.6000061035156,415.8999938964844,415.8999938964844,153171,KHADIM
2024-10-17,415.8999938964844,416.4500122070313,397.3500061035156,413.1499938964844,413.1499938964844,67002,KHADIM
2024-10-18,412.0,420.9500122070313,390.0,406.6000061035156,406.6000061035156,49712,KHADIM
2024-10-21,411.8999938964844,411.8999938964844,398.0499877929688,401.9500122070313,401.9500122070313,24334,KHADIM
2024-10-22,405.0499877929688,405.0499877929688,380.0,380.6499938964844,380.6499938964844,33815,KHADIM
2024-10-23,385.0,389.2000122070313,376.1000061035156,379.7999877929688,379.7999877929688,12558,KHADIM
2024-10-24,381.1000061035156,384.25,377.2999877929688,381.3999938964844,381.3999938964844,13854,KHADIM
2024-10-25,382.8500061035156,392.25,372.2999877929688,378.3999938964844,378.3999938964844,60831,KHADIM
2024-10-28,380.5,380.7999877929688,372.2999877929688,376.5499877929688,376.5499877929688,17885,KHADIM
2024-10-29,373.2999877929688,380.4500122070313,372.2999877929688,373.2999877929688,373.2999877929688,5393,KHADIM
2024-10-30,374.25,384.3999938964844,373.0499877929688,376.8999938964844,376.8999938964844,6840,KHADIM
2024-10-31,376.8999938964844,383.8999938964844,372.2999877929688,373.6499938964844,373.6499938964844,12452,KHADIM
2024-11-01,373.6499938964844,383.0,370.1499938964844,374.3500061035156,374.3500061035156,5996,KHADIM
2024-11-04,378.1000061035156,378.3500061035156,372.2999877929688,376.4500122070313,376.4500122070313,12915,KHADIM
2024-11-05,379.0,381.7000122070313,372.2999877929688,374.7000122070313,374.7000122070313,5011,KHADIM
2024-11-06,380.2000122070313,389.8999938964844,373.3500061035156,385.5,385.5,14848,KHADIM
2024-11-07,386.0,395.0499877929688,372.2999877929688,378.8999938964844,378.8999938964844,18194,KHADIM
2024-11-08,378.9500122070313,386.0,372.2999877929688,375.8500061035156,375.8500061035156,14643,KHADIM
2024-11-11,374.0,389.6000061035156,372.2999877929688,379.8500061035156,379.8500061035156,12864,KHADIM
2024-11-12,380.0,390.0,379.7999877929688,381.3500061035156,381.3500061035156,9720,KHADIM
2024-11-13,381.4500122070313,382.75,372.0,372.6499938964844,372.6499938964844,19912,KHADIM
2024-11-14,378.1499938964844,382.2999877929688,359.0,369.3999938964844,369.3999938964844,34909,KHADIM
2024-11-18,374.8999938964844,376.9500122070313,359.3999938964844,363.7000122070313,363.7000122070313,10019,KHADIM
2024-11-19,363.7000122070313,369.8999938964844,360.7000122070313,366.4500122070313,366.4500122070313,5367,KHADIM
2024-11-21,366.4500122070313,372.9500122070313,362.0499877929688,364.8500061035156,364.8500061035156,6911,KHADIM
2024-11-22,369.8999938964844,371.4500122070313,360.7000122070313,364.5499877929688,364.5499877929688,12660,KHADIM
2024-11-25,370.0,374.9500122070313,365.1499938964844,371.0,371.0,7458,KHADIM
2024-11-26,372.6000061035156,378.0,367.1000061035156,374.25,374.25,7123,KHADIM
2024-11-27,375.5499877929688,387.7000122070313,373.6499938964844,383.9500122070313,383.9500122070313,10068,KHADIM
2024-11-28,382.1499938964844,394.7000122070313,377.7999877929688,386.5499877929688,386.5499877929688,14822,KHADIM
2024-11-29,383.9500122070313,389.75,380.0,381.25,381.25,4564,KHADIM
2024-12-02,381.25,391.0,379.2000122070313,384.6499938964844,384.6499938964844,7970,KHADIM
2024-12-03,383.5499877929688,385.75,375.6000061035156,376.5499877929688,376.5499877929688,7932,KHADIM
2024-12-04,390.9500122070313,410.8500061035156,382.0499877929688,404.6499938964844,404.6499938964844,141139,KHADIM
2024-12-05,401.0,408.9500122070313,341.29998779296875,379.3999938964844,379.3999938964844,93375,KHADIM
2024-12-06,382.0,390.2000122070313,381.8500061035156,382.7999877929688,382.7999877929688,20414,KHADIM
2024-12-09,382.7999877929688,393.0,377.0499877929688,386.25,386.25,23351,KHADIM
2024-12-10,387.25,388.25,372.5499877929688,374.3500061035156,374.3500061035156,25796,KHADIM
2024-12-11,375.2999877929688,381.5,375.0,377.5499877929688,377.5499877929688,13288,KHADIM
2024-12-12,377.5499877929688,379.8999938964844,371.2000122070313,371.8999938964844,371.8999938964844,12300,KHADIM
2024-12-13,370.7000122070313,379.2000122070313,370.7000122070313,375.3500061035156,375.3500061035156,12345,KHADIM
2024-12-16,372.2999877929688,377.9500122070313,369.1000061035156,371.8500061035156,371.8500061035156,20786,KHADIM
2024-12-17,373.2000122070313,374.5,371.2000122070313,371.3999938964844,371.3999938964844,7524,KHADIM
2024-12-18,372.25,374.0,370.0,371.2999877929688,371.2999877929688,14382,KHADIM
2024-12-19,365.5,373.9500122070313,364.0,366.6499938964844,366.6499938964844,37004,KHADIM
2024-12-20,368.6000061035156,373.3999938964844,364.0,364.1499938964844,364.1499938964844,7779,KHADIM
2024-12-23,364.0,372.0499877929688,362.8500061035156,364.2999877929688,364.2999877929688,19578,KHADIM
2024-12-24,366.2000122070313,367.9500122070313,364.0,364.0,364.0,8560,KHADIM
2024-12-26,365.8999938964844,366.1499938964844,360.0,361.1499938964844,361.1499938964844,12144,KHADIM
2024-12-27,357.8999938964844,375.0,357.8999938964844,369.0499877929688,369.0499877929688,13438,KHADIM
2024-12-30,369.0,369.0,359.29998779296875,360.7999877929688,360.7999877929688,6094,KHADIM
2024-12-31,357.5,364.4500122070313,357.5,363.3500061035156,363.3500061035156,4669,KHADIM
2025-01-01,365.0499877929688,368.8500061035156,361.25,363.6000061035156,363.6000061035156,6026,KHADIM
2025-01-02,360.5,375.0,360.0,369.4500122070313,369.4500122070313,26440,KHADIM
2025-01-03,369.4500122070313,379.9500122070313,365.0,368.2000122070313,368.2000122070313,14569,KHADIM
2025-01-06,367.6000061035156,375.2000122070313,356.45001220703125,363.0,363.0,27359,KHADIM
2025-01-07,363.0,366.1499938964844,359.6000061035156,361.8999938964844,361.8999938964844,8864,KHADIM
2025-01-08,363.7999877929688,363.7999877929688,351.75,355.25,355.25,24838,KHADIM
2025-01-09,357.1000061035156,360.0,355.0,357.8500061035156,357.8500061035156,4725,KHADIM
2025-01-10,356.04998779296875,357.3500061035156,351.1499938964844,354.70001220703125,354.70001220703125,11960,KHADIM
2025-01-13,358.25,359.54998779296875,342.0,349.20001220703125,349.20001220703125,22036,KHADIM
2025-01-14,351.0,352.3500061035156,341.6000061035156,345.25,345.25,10686,KHADIM
2025-01-15,341.0,346.45001220703125,336.0,338.20001220703125,338.20001220703125,9143,KHADIM
2025-01-16,340.0,349.45001220703125,340.0,343.95001220703125,343.95001220703125,6400,KHADIM
2025-01-17,345.54998779296875,348.6000061035156,340.0,344.5,344.5,2196,KHADIM
2025-01-20,349.8500061035156,349.8500061035156,337.6499938964844,341.1000061035156,341.1000061035156,10265,KHADIM
2025-01-21,348.0,357.8500061035156,337.95001220703125,338.54998779296875,338.54998779296875,5435,KHADIM
2025-01-22,339.20001220703125,340.29998779296875,337.79998779296875,340.0,340.0,11324,KHADIM
2025-01-23,340.0,344.0,337.6000061035156,342.79998779296875,342.79998779296875,9408,KHADIM
2025-01-24,344.6000061035156,346.04998779296875,338.20001220703125,339.75,339.75,4260,KHADIM
2025-01-27,339.75,356.8999938964844,311.04998779296875,322.6000061035156,322.6000061035156,39532,KHADIM
2025-01-28,316.0,325.3500061035156,298.04998779296875,313.8999938964844,313.8999938964844,44461,KHADIM
2025-01-29,313.8999938964844,319.95001220703125,294.8500061035156,300.8999938964844,300.8999938964844,47794,KHADIM
2025-01-30,299.8500061035156,356.75,295.1499938964844,351.1499938964844,351.1499938964844,86455,KHADIM
2025-01-31,355.0,374.8999938964844,342.79998779296875,370.6000061035156,370.6000061035156,76734,KHADIM
2025-02-01,370.6000061035156,396.8500061035156,356.3999938964844,374.2000122070313,374.2000122070313,76486,KHADIM
2025-02-03,373.8500061035156,384.7999877929688,365.0,369.8999938964844,369.8999938964844,38710,KHADIM
2025-02-04,374.7000122070313,374.7000122070313,355.0,357.29998779296875,357.29998779296875,10097,KHADIM
2025-02-05,352.3500061035156,364.0,352.3500061035156,359.25,359.25,9164,KHADIM
2025-02-06,364.5499877929688,364.5499877929688,353.95001220703125,356.6499938964844,356.6499938964844,14304,KHADIM
2025-02-07,357.6000061035156,360.20001220703125,353.5,354.04998779296875,354.04998779296875,7496,KHADIM
2025-02-10,355.25,358.1000061035156,334.6000061035156,340.95001220703125,340.95001220703125,40284,KHADIM
2025-02-11,344.1499938964844,346.0,305.5,319.1499938964844,319.1499938964844,45053,KHADIM
2025-02-12,315.5,315.5,300.1499938964844,306.3500061035156,306.3500061035156,39747,KHADIM
2025-02-13,292.0,320.0,292.0,314.3500061035156,314.3500061035156,12330,KHADIM
2025-02-14,315.70001220703125,316.5,295.1000061035156,298.70001220703125,298.70001220703125,26259,KHADIM
2025-02-17,287.95001220703125,300.79998779296875,271.8500061035156,273.70001220703125,273.70001220703125,34025,KHADIM
2025-02-18,274.0,299.5,260.54998779296875,289.95001220703125,289.95001220703125,45276,KHADIM
2025-02-19,289.0,292.29998779296875,278.1000061035156,280.6000061035156,280.6000061035156,27562,KHADIM
2025-02-20,280.0,288.45001220703125,278.75,284.79998779296875,284.79998779296875,13056,KHADIM
2025-02-21,286.25,289.8500061035156,281.0,286.20001220703125,286.20001220703125,6698,KHADIM
2025-02-24,290.45001220703125,301.8999938964844,281.54998779296875,294.0,294.0,26097,KHADIM
2025-02-25,296.0,331.29998779296875,289.45001220703125,306.1000061035156,306.1000061035156,193665,KHADIM
2025-02-27,310.5,314.8999938964844,299.04998779296875,303.1499938964844,303.1499938964844,23648,KHADIM
2025-02-28,298.6499938964844,300.8500061035156,280.1000061035156,284.29998779296875,284.29998779296875,15082,KHADIM
2025-03-03,288.5,289.70001220703125,263.0,265.1499938964844,265.1499938964844,21056,KHADIM
2025-03-04,265.1499938964844,285.3999938964844,260.29998779296875,265.04998779296875,265.04998779296875,44735,KHADIM
2025-03-05,261.5,269.70001220703125,256.6499938964844,265.45001220703125,265.45001220703125,30919,KHADIM
2025-03-06,269.3500061035156,274.54998779296875,266.0,271.3999938964844,271.3999938964844,57903,KHADIM
2025-03-07,325.0,325.0,281.8999938964844,295.54998779296875,295.54998779296875,313362,KHADIM
2025-03-10,294.04998779296875,295.54998779296875,279.04998779296875,281.04998779296875,281.04998779296875,42176,KHADIM
2025-03-11,280.0,280.29998779296875,273.29998779296875,275.6000061035156,275.6000061035156,13799,KHADIM
2025-03-12,274.1499938964844,277.45001220703125,265.25,267.0,267.0,13700,KHADIM
2025-03-13,266.3500061035156,278.0,264.20001220703125,275.1000061035156,275.1000061035156,16362,KHADIM
2025-03-17,273.0,296.6000061035156,273.0,292.0,292.0,34594,KHADIM
2025-03-18,292.0,292.0,292.0,292.0,292.0,0,KHADIM
2025-03-19,281.3999938964844,315.0,281.3999938964844,309.1000061035156,309.1000061035156,111378,KHADIM
2025-03-20,306.1000061035156,320.0,306.0,316.5,316.5,40951,KHADIM
2025-03-21,311.75,329.04998779296875,311.75,316.5,316.5,29127,KHADIM
2025-03-24,315.79998779296875,330.25,313.79998779296875,315.95001220703125,315.95001220703125,102243,KHADIM
2025-03-25,316.0,327.70001220703125,305.0,306.0,306.0,38704,KHADIM
2025-03-26,305.0,313.95001220703125,290.0,295.1000061035156,295.1000061035156,95491,KHADIM
2025-03-27,295.1000061035156,303.0,290.1499938964844,294.6499938964844,294.6499938964844,28026,KHADIM
2025-03-28,295.1499938964844,303.8999938964844,285.0,288.95001220703125,288.95001220703125,22318,KHADIM
2025-04-01,291.20001220703125,310.95001220703125,290.1000061035156,305.45001220703125,305.45001220703125,34570,KHADIM
2025-04-02,302.45001220703125,309.75,297.1000061035156,299.8500061035156,299.8500061035156,22337,KHADIM
2025-04-03,300.6000061035156,306.70001220703125,295.6499938964844,302.95001220703125,302.95001220703125,7261,KHADIM
2025-04-04,299.8999938964844,304.6000061035156,294.6000061035156,299.95001220703125,299.95001220703125,42025,KHADIM
2025-04-07,289.0,297.8999938964844,274.75,294.1000061035156,294.1000061035156,16153,KHADIM
2025-04-08,296.25,305.0,295.5,302.79998779296875,302.79998779296875,8100,KHADIM
2025-04-09,301.25,301.25,293.0,295.25,295.25,7757,KHADIM
2025-04-11,303.25,303.6000061035156,291.54998779296875,294.20001220703125,294.20001220703125,8047,KHADIM
2025-04-15,297.3999938964844,301.45001220703125,296.0,300.8500061035156,300.8500061035156,15742,KHADIM
2025-04-16,300.0,302.6499938964844,295.1499938964844,296.6000061035156,296.6000061035156,15417,KHADIM
2025-04-17,296.70001220703125,297.8500061035156,291.0,291.70001220703125,291.70001220703125,35017,KHADIM
2025-04-21,293.79998779296875,310.8999938964844,291.04998779296875,297.75,297.75,75888,KHADIM
2025-04-22,299.8999938964844,309.75,297.29998779296875,299.1000061035156,299.1000061035156,47992,KHADIM
2025-04-23,302.0,302.0,293.20001220703125,294.6499938964844,294.6499938964844,19424,KHADIM
2025-04-24,296.95001220703125,301.79998779296875,292.0,298.45001220703125,298.45001220703125,21913,KHADIM
2025-04-25,299.3500061035156,301.0,294.79998779296875,298.95001220703125,298.95001220703125,31109,KHADIM
2025-04-28,299.0,303.95001220703125,294.70001220703125,295.8999938964844,295.8999938964844,5683,KHADIM
2025-04-29,297.0,306.25,287.6000061035156,294.20001220703125,294.20001220703125,39981,KHADIM
2025-04-30,306.0,306.0,288.54998779296875,289.8500061035156,289.8500061035156,17923,KHADIM
2025-05-02,290.29998779296875,296.6000061035156,286.6000061035156,287.95001220703125,287.95001220703125,12812,KHADIM
2025-05-05,289.3999938964844,298.0,285.0,288.6499938964844,288.6499938964844,16922,KHADIM
2025-05-06,290.70001220703125,290.95001220703125,280.6000061035156,283.8500061035156,283.8500061035156,22326,KHADIM
2025-05-07,280.0,287.0,280.0,283.54998779296875,283.54998779296875,11207,KHADIM
2025-05-08,284.0,287.79998779296875,274.0,275.20001220703125,275.20001220703125,44777,KHADIM
2025-05-09,265.3999938964844,271.3500061035156,260.75,264.0,264.0,35881,KHADIM
2025-05-12,271.1000061035156,284.95001220703125,271.1000061035156,278.75,278.75,32972,KHADIM
2025-05-13,279.95001220703125,291.20001220703125,278.79998779296875,285.54998779296875,285.54998779296875,17539,KHADIM
2025-05-14,286.6000061035156,302.6499938964844,286.6000061035156,295.25,295.25,54656,KHADIM
2025-05-15,297.54998779296875,302.6499938964844,292.6000061035156,294.3500061035156,294.3500061035156,29379,KHADIM
2025-05-16,295.75,302.6499938964844,295.04998779296875,301.6000061035156,301.6000061035156,18385,KHADIM
2025-05-19,302.3999938964844,304.45001220703125,295.25,297.04998779296875,297.04998779296875,26771,KHADIM
2025-05-20,297.04998779296875,310.20001220703125,293.95001220703125,298.29998779296875,298.29998779296875,88968,KHADIM
2025-05-21,295.3999938964844,302.8999938964844,284.5,298.95001220703125,298.95001220703125,30771,KHADIM
2025-05-22,297.1000061035156,304.20001220703125,295.0,297.6499938964844,297.6499938964844,11154,KHADIM
2025-05-23,299.6499938964844,305.8999938964844,297.0,304.0,304.0,16840,KHADIM
2025-05-26,297.0,304.70001220703125,294.8999938964844,297.6000061035156,297.6000061035156,16684,KHADIM
2025-05-27,299.8500061035156,300.25,295.79998779296875,299.54998779296875,299.54998779296875,40226,KHADIM
2025-05-28,303.0,303.0,297.79998779296875,298.6499938964844,298.6499938964844,28862,KHADIM
2025-05-29,301.6499938964844,307.95001220703125,295.25,297.3500061035156,297.3500061035156,60548,KHADIM
2025-05-30,300.0,301.8500061035156,296.0,297.25,297.25,17020,KHADIM
2025-06-02,300.0,300.04998779296875,290.0,291.75,291.75,24931,KHADIM
2025-06-03,292.1000061035156,297.0,288.25,290.25,290.25,30743,KHADIM
2025-06-04,290.0,292.95001220703125,284.8500061035156,290.0,290.0,117225,KHADIM
2025-06-05,292.8999938964844,313.0,292.8999938964844,309.75,309.75,327195,KHADIM
2025-06-06,254.6000061035156,267.29998779296875,254.6000061035156,267.29998779296875,267.29998779296875,71795,KHADIM
2025-06-09,280.6499938964844,280.6499938964844,279.95001220703125,280.6499938964844,280.6499938964844,31970,KHADIM
2025-06-10,275.0,279.95001220703125,266.6499938964844,277.1000061035156,277.1000061035156,42599,KHADIM
2025-06-11,277.1000061035156,282.0,270.04998779296875,278.79998779296875,278.79998779296875,12013,KHADIM
2025-06-12,275.0,278.0,270.1499938964844,272.3999938964844,272.3999938964844,23544,KHADIM
2025-06-13,270.0,275.8999938964844,265.0,266.3500061035156,266.3500061035156,21600,KHADIM
2025-06-16,265.0,273.95001220703125,260.0,261.3500061035156,261.3500061035156,20682,KHADIM
2025-06-17,262.0,271.0,260.04998779296875,266.70001220703125,266.70001220703125,7880,KHADIM
2025-06-18,266.70001220703125,269.95001220703125,259.0,265.25,265.25,4630,KHADIM
2025-06-19,260.0,267.6000061035156,258.5,265.3500061035156,265.3500061035156,15637,KHADIM
2025-06-20,280.0,289.75,259.95001220703125,261.6499938964844,261.6499938964844,76702,KHADIM
2025-06-23,264.04998779296875,271.20001220703125,259.54998779296875,261.1000061035156,261.1000061035156,22214,KHADIM
2025-06-24,265.3500061035156,269.6000061035156,258.1000061035156,259.8500061035156,259.8500061035156,60189,KHADIM
2025-06-25,261.3500061035156,264.0,260.5,262.75,262.75,18613,KHADIM
2025-06-26,261.0,266.0,261.0,264.8500061035156,264.8500061035156,5662,KHADIM
2025-06-27,268.0,268.0,258.0,259.1000061035156,259.1000061035156,40004,KHADIM
2025-06-30,260.04998779296875,262.79998779296875,254.4499969482422,255.6999969482422,255.6999969482422,21478,KHADIM
2025-07-01,256.0,273.04998779296875,255.1000061035156,263.8999938964844,263.8999938964844,132578,KHADIM
2025-07-02,264.70001220703125,268.20001220703125,256.25,260.75,260.75,48056,KHADIM
2025-07-03,260.0,261.54998779296875,257.0,258.45001220703125,258.45001220703125,18764,KHADIM
2025-07-04,260.29998779296875,260.29998779296875,253.8999938964844,256.3500061035156,256.3500061035156,43921,KHADIM
2025-07-07,256.5,257.29998779296875,251.6999969482422,252.5,252.5,13582,KHADIM
2025-07-08,252.5,268.0,251.6999969482422,259.3500061035156,259.3500061035156,113299,KHADIM
2025-07-09,260.0,269.45001220703125,255.0,262.8500061035156,262.8500061035156,66408,KHADIM
2025-07-10,265.5,269.79998779296875,262.0,263.75,263.75,24826,KHADIM
2025-07-11,265.1000061035156,265.1000061035156,260.29998779296875,262.3500061035156,262.3500061035156,8491,KHADIM
2025-07-14,264.0,272.1000061035156,258.79998779296875,270.70001220703125,270.70001220703125,37294,KHADIM
2025-07-15,274.0,295.1000061035156,272.6000061035156,290.20001220703125,290.20001220703125,131610,KHADIM
2025-07-16,287.29998779296875,295.1499938964844,284.20001220703125,293.04998779296875,293.04998779296875,76506,KHADIM
2025-07-17,295.0,311.1000061035156,292.29998779296875,302.6000061035156,302.6000061035156,216855,KHADIM
2025-07-18,303.79998779296875,306.0,295.1000061035156,297.8500061035156,297.8500061035156,60683,KHADIM
2025-07-21,300.8500061035156,300.8500061035156,288.8999938964844,291.1499938964844,291.1499938964844,49071,KHADIM
2025-07-22,289.70001220703125,296.1000061035156,286.5,287.1499938964844,287.1499938964844,15845,KHADIM
2025-07-23,289.95001220703125,294.0,285.29998779296875,292.1000061035156,292.1000061035156,17131,KHADIM
2025-07-24,292.1000061035156,295.70001220703125,282.54998779296875,286.95001220703125,286.95001220703125,52808,KHADIM
2025-07-25,286.0,289.95001220703125,272.1499938964844,278.04998779296875,278.04998779296875,37890,KHADIM
2025-07-28,273.29998779296875,282.45001220703125,269.54998779296875,278.25,278.25,29547,KHADIM
2025-07-29,274.3999938964844,287.95001220703125,272.54998779296875,282.0,282.0,18780,KHADIM
2025-07-30,282.3500061035156,286.70001220703125,276.29998779296875,282.04998779296875,282.04998779296875,9223,KHADIM
2025-07-31,281.0,281.20001220703125,271.3999938964844,274.25,274.25,26783,KHADIM
2025-08-01,272.25,281.1000061035156,264.6499938964844,267.04998779296875,267.04998779296875,41693,KHADIM
2025-08-04,269.20001220703125,269.3500061035156,265.0,266.70001220703125,266.70001220703125,6198,KHADIM
2025-08-05,267.1499938964844,274.79998779296875,266.0,270.0,270.0,8246,KHADIM
2025-08-06,268.20001220703125,268.8500061035156,263.79998779296875,264.79998779296875,264.79998779296875,4408,KHADIM
2025-08-07,261.20001220703125,264.20001220703125,258.5,260.25,260.25,11935,KHADIM
2025-08-08,265.3999938964844,267.6499938964844,261.8500061035156,263.20001220703125,263.20001220703125,8965,KHADIM
2025-08-11,265.1499938964844,269.6000061035156,258.0,263.54998779296875,263.54998779296875,25399,KHADIM
2025-08-12,264.3999938964844,267.8999938964844,251.6999969482422,259.6499938964844,259.6499938964844,21947,KHADIM
2025-08-13,260.1499938964844,260.1499938964844,247.6000061035156,249.5500030517578,249.5500030517578,77048,KHADIM
2025-08-14,250.0,257.0,248.3000030517578,249.1000061035156,249.1000061035156,10202,KHADIM
2025-08-18,251.3500061035156,254.5,245.0,246.1000061035156,246.1000061035156,33102,KHADIM
2025-08-19,247.8000030517578,249.8000030517578,246.0,246.8999938964844,246.8999938964844,11858,KHADIM
2025-08-20,246.8999938964844,249.8999938964844,243.1000061035156,245.5,245.5,23893,KHADIM
2025-08-21,246.0,247.75,239.1000061035156,240.8999938964844,240.8999938964844,34178,KHADIM
2025-08-22,241.3500061035156,243.0,238.5500030517578,239.3500061035156,239.3500061035156,23062,KHADIM
2025-08-25,243.8500061035156,243.8500061035156,239.0,239.6000061035156,239.6000061035156,5665,KHADIM
2025-08-26,239.3500061035156,239.9499969482422,232.5,233.5,233.5,15900,KHADIM
2025-08-28,233.5,236.6000061035156,229.0,229.8999938964844,229.8999938964844,8732,KHADIM
2025-08-29,233.5,254.1000061035156,227.0500030517578,240.8000030517578,240.8000030517578,51174,KHADIM
2025-09-01,238.1000061035156,243.8999938964844,238.0,241.8000030517578,241.8000030517578,7572,KHADIM
2025-09-02,240.1000061035156,241.44000244140625,229.8999938964844,232.4900054931641,232.4900054931641,38945,KHADIM
2025-09-03,235.8999938964844,239.4900054931641,234.1000061035156,237.5800018310547,237.5800018310547,10526,KHADIM
2025-09-04,251.9900054931641,251.9900054931641,235.0,236.75,236.75,36614,KHADIM
2025-09-05,238.42999267578125,242.5800018310547,237.8000030517578,238.3500061035156,238.3500061035156,9885,KHADIM
2025-09-08,241.0,244.8999938964844,235.0,242.13999938964844,242.13999938964844,16109,KHADIM
2025-09-09,240.0,245.02999877929688,239.42999267578125,242.4199981689453,242.4199981689453,7623,KHADIM
2025-09-10,240.5,243.38999938964844,228.6199951171875,232.5599975585937,232.5599975585937,45797,KHADIM
2025-09-11,236.0,239.9900054931641,228.1000061035156,232.3800048828125,232.3800048828125,38509,KHADIM
2025-09-12,233.5399932861328,237.3500061035156,228.1000061035156,233.83999633789065,233.83999633789065,47162,KHADIM
2025-09-15,239.8000030517578,239.8000030517578,231.02999877929688,233.1999969482422,233.1999969482422,16965,KHADIM
2025-09-16,236.6000061035156,269.79998779296875,231.0,260.5400085449219,260.5400085449219,469129,KHADIM
2025-09-17,260.75,293.8999938964844,260.75,290.1000061035156,290.1000061035156,642221,KHADIM
2025-09-18,291.8999938964844,292.8099975585937,280.0,288.6000061035156,288.6000061035156,241682,KHADIM
2025-09-19,286.4700012207031,291.989990234375,283.82000732421875,288.2099914550781,288.2099914550781,101338,KHADIM
2025-09-22,287.5,295.79998779296875,285.1400146484375,288.42999267578125,288.42999267578125,70405,KHADIM
2025-09-23,287.54998779296875,292.7799987792969,280.6300048828125,281.7300109863281,281.7300109863281,112141,KHADIM
2025-09-24,283.9800109863281,285.8900146484375,273.2099914550781,274.2799987792969,274.2799987792969,28474,KHADIM
2025-09-25,274.2799987792969,275.9800109863281,263.5,265.1700134277344,265.1700134277344,114433,KHADIM
2025-09-26,268.79998779296875,274.239990234375,261.1000061035156,263.79998779296875,263.79998779296875,45056,KHADIM
2025-09-29,266.5,266.510009765625,254.6499938964844,258.239990234375,258.239990234375,66201,KHADIM
2025-09-30,257.79998779296875,262.0,254.0,256.1700134277344,256.1700134277344,14491,KHADIM
2025-10-01,258.0,262.20001220703125,254.0,257.95001220703125,257.95001220703125,25680,KHADIM
2025-10-03,259.0,279.54998779296875,257.79998779296875,268.25,268.25,30645,KHADIM
2025-10-06,267.0,268.25,258.25,260.8999938964844,260.8999938964844,19488,KHADIM
2025-10-07,262.6000061035156,264.5,252.3000030517578,253.9499969482422,253.9499969482422,37291,KHADIM
2025-10-08,253.6499938964844,260.6499938964844,253.6499938964844,256.5,256.5,21514,KHADIM
2025-10-09,260.29998779296875,264.20001220703125,244.0,246.0500030517578,246.0500030517578,43130,KHADIM
2025-10-10,246.1000061035156,256.70001220703125,245.1999969482422,247.25,247.25,58755,KHADIM
2025-10-13,247.25,251.4499969482422,245.75,250.3000030517578,250.3000030517578,15710,KHADIM
2025-10-14,253.8000030517578,253.8000030517578,244.4499969482422,244.8999938964844,244.8999938964844,22212,KHADIM
2025-10-15,246.0,248.5,243.8500061035156,245.1999969482422,245.1999969482422,16888,KHADIM
2025-10-16,244.6000061035156,252.0,244.6000061035156,247.0500030517578,247.0500030517578,17687,KHADIM
2025-10-17,248.1499938964844,250.6499938964844,245.0,246.1499938964844,246.1499938964844,14854,KHADIM
2025-10-20,249.0,249.4499969482422,244.0,247.0500030517578,247.0500030517578,11089,KHADIM
2025-10-21,249.10000610351562,249.10000610351562,247.5500030517578,248.5500030517578,248.5500030517578,5108,KHADIM
